"record_id","atd_device_id","read_date","intersection_name","direction","movement","heavy_vehicle","volume","speed_average","speed_stddev","seconds_in_zone_average","seconds_in_zone_stddev","month","day","year","hour","minute","day_of_week","bin_duration"
"1f951a23cfcf1c29a5a524fb4af93ca9","6653","2024-07-08T23:45:00.000","38TH ST / MEDICAL PKWY","EASTBOUND","RIGHT TURN","true","1","8.0","0.0","1.6","0.0","7","8","2024","23","45","1","900"
"235c1259a7f847b8d26b5e7e33820126","6653","2024-07-08T23:45:00.000","38TH ST / MEDICAL PKWY","EASTBOUND","THRU","false","21","23.381","10.929","8.619","11.177","7","8","2024","23","45","1","900"
"7d3f7d7771941f58c9dfb2e0b730ac48","6653","2024-07-08T23:45:00.000","38TH ST / MEDICAL PKWY","EASTBOUND","THRU","true","5","17.2","12.578","14.1","11.876","7","8","2024","23","45","1","900"
"9d1cc038b090b3690facd5930797dc35","6653","2024-07-08T23:45:00.000","38TH ST / MEDICAL PKWY","NORTHBOUND","RIGHT TURN","false","1","10.0","0.0","8.2","0.0","7","8","2024","23","45","1","900"
"7d12c5b0074642d5f9cc088d40378c01","6653","2024-07-08T23:45:00.000","38TH ST / MEDICAL PKWY","WESTBOUND","THRU","false","16","24.5","13.565","6.156","8.269","7","8","2024","23","45","1","900"
"3d664c3ffbde0faae9b28e1eade78171","6653","2024-07-08T23:45:00.000","38TH ST / MEDICAL PKWY","WESTBOUND","THRU","true","14","28.0","11.252","5.207","10.207","7","8","2024","23","45","1","900"
"9b2927aba9e8cf419f79a16e7f015525","6882","2024-07-08T23:45:00.000","AIRPORT BLVD / 51ST ST","EASTBOUND","LEFT TURN","false","1","16.0","0.0","0.8","0.0","7","8","2024","23","45","1","900"
"df20bd1cc258bc7fecdffa7cdc1ae641","6882","2024-07-08T23:45:00.000","AIRPORT BLVD / 51ST ST","EASTBOUND","LEFT TURN","true","1","3.0","0.0","0.1","0.0","7","8","2024","23","45","1","900"
"19edde43119a31959d6b16cee5ea1277","6882","2024-07-08T23:45:00.000","AIRPORT BLVD / 51ST ST","EASTBOUND","RIGHT TURN","false","2","5.5","0.707","1.0","1.273","7","8","2024","23","45","1","900"
"bb425c840d65184a72cdd2b6bd54f874","6882","2024-07-08T23:45:00.000","AIRPORT BLVD / 51ST ST","EASTBOUND","RIGHT TURN","true","1","13.0","0.0","0.6","0.0","7","8","2024","23","45","1","900"
"410b044a114e7721b6964e9ed3e78904","6882","2024-07-08T23:45:00.000","AIRPORT BLVD / 51ST ST","EASTBOUND","THRU","false","5","13.8","3.962","1.04","0.73","7","8","2024","23","45","1","900"
"72276f2ec66b70cfff4b2f984a672712","6882","2024-07-08T23:45:00.000","AIRPORT BLVD / 51ST ST","EASTBOUND","THRU","true","6","8.833","7.083","1.033","0.94","7","8","2024","23","45","1","900"
"d02389707d605cce4f000a77febe7f49","6882","2024-07-08T23:45:00.000","AIRPORT BLVD / 51ST ST","NORTHBOUND","LEFT TURN","false","3","8.333","4.619","7.133","6.473","7","8","2024","23","45","1","900"
"64c6a946daeb34deed0097c79a9ddb49","6882","2024-07-08T23:45:00.000","AIRPORT BLVD / 51ST ST","NORTHBOUND","LEFT TURN","true","1","5.0","0.0","11.2","0.0","7","8","2024","23","45","1","900"
"f1f3ee898ddac0630cba3d313bc5bbdb","6882","2024-07-08T23:45:00.000","AIRPORT BLVD / 51ST ST","NORTHBOUND","RIGHT TURN","false","1","11.0","0.0","2.5","0.0","7","8","2024","23","45","1","900"
"98d846cfd3e393c8636328fd42bec834","6882","2024-07-08T23:45:00.000","AIRPORT BLVD / 51ST ST","NORTHBOUND","RIGHT TURN","true","1","5.0","0.0","5.2","0.0","7","8","2024","23","45","1","900"
"677bac650dedf43dcb6af29b028ea6ac","6882","2024-07-08T23:45:00.000","AIRPORT BLVD / 51ST ST","NORTHBOUND","THRU","false","30","17.167","8.667","2.63","3.831","7","8","2024","23","45","1","900"
"8e576c963f39e453320c56f3d7601a65","6882","2024-07-08T23:45:00.000","AIRPORT BLVD / 51ST ST","SOUTHBOUND","LEFT TURN","false","2","9.5","2.121","6.05","8.415","7","8","2024","23","45","1","900"
"dca09048ad0349c14f46d30fc0b27b96","6882","2024-07-08T23:45:00.000","AIRPORT BLVD / 51ST ST","SOUTHBOUND","THRU","false","21","30.143","14.193","9.957","14.243","7","8","2024","23","45","1","900"
"1bf4478b658fa0a790cf558b0f3c0f20","6882","2024-07-08T23:45:00.000","AIRPORT BLVD / 51ST ST","SOUTHBOUND","THRU","true","1","10.0","0.0","36.6","0.0","7","8","2024","23","45","1","900"
"42f3aa2e7df8329b912f5ca317d3e23b","6882","2024-07-08T23:45:00.000","AIRPORT BLVD / 51ST ST","WESTBOUND","LEFT TURN","false","1","6.0","0.0","11.1","0.0","7","8","2024","23","45","1","900"
"f569a405307d04c22b08b66e725eaecf","6882","2024-07-08T23:45:00.000","AIRPORT BLVD / 51ST ST","WESTBOUND","RIGHT TURN","false","4","1.25","2.5","13.95","24.331","7","8","2024","23","45","1","900"
"d03d1c42aa449322dcbe4eb2f39ed3fe","6882","2024-07-08T23:45:00.000","AIRPORT BLVD / 51ST ST","WESTBOUND","THRU","false","6","2.167","3.371","10.833","7.397","7","8","2024","23","45","1","900"
"3086dc0fc772ed0b819018ec7baffa59","6882","2024-07-08T23:45:00.000","AIRPORT BLVD / 51ST ST","WESTBOUND","U-TURN","true","1","3.0","0.0","0.5","0.0","7","8","2024","23","45","1","900"
"1ad088d6806395209920b6da9118236e","7038","2024-07-08T23:45:00.000","ANDERSON LN / SHOAL CREEK BLVD","EASTBOUND","RIGHT TURN","false","1","17.0","0.0","0.0","0.0","7","8","2024","23","45","1","900"
"63416ce7a7835a310013e6b2c7b87f9e","7038","2024-07-08T23:45:00.000","ANDERSON LN / SHOAL CREEK BLVD","EASTBOUND","THRU","false","19","33.947","7.735","0.163","0.389","7","8","2024","23","45","1","900"
"6a4e86f4655bba28aa77de1ced9ea809","7038","2024-07-08T23:45:00.000","ANDERSON LN / SHOAL CREEK BLVD","EASTBOUND","THRU","true","2","9.5","2.121","0.0","0.0","7","8","2024","23","45","1","900"
"50520fe33623c278341aedf830bd1251","7038","2024-07-08T23:45:00.000","ANDERSON LN / SHOAL CREEK BLVD","NORTHBOUND","LEFT TURN","false","2","8.5","7.778","2.15","3.041","7","8","2024","23","45","1","900"
"49dc32914135ceec5c664f86bc4c5d34","7038","2024-07-08T23:45:00.000","ANDERSON LN / SHOAL CREEK BLVD","NORTHBOUND","LEFT TURN","true","1","24.0","0.0","2.1","0.0","7","8","2024","23","45","1","900"
"28534fd9dc56efdd419ba8ec5e57e4a0","7038","2024-07-08T23:45:00.000","ANDERSON LN / SHOAL CREEK BLVD","SOUTHBOUND","RIGHT TURN","true","1","10.0","0.0","0.0","0.0","7","8","2024","23","45","1","900"
"59800f531ba7be5b637b802722caccd9","7038","2024-07-08T23:45:00.000","ANDERSON LN / SHOAL CREEK BLVD","WESTBOUND","LEFT TURN","false","1","14.0","0.0","0.0","0.0","7","8","2024","23","45","1","900"
"0c17cd2fc154f1e880c55f6775b49dcf","7038","2024-07-08T23:45:00.000","ANDERSON LN / SHOAL CREEK BLVD","WESTBOUND","THRU","false","11","10.182","6.926","0.0","0.0","7","8","2024","23","45","1","900"
"0c004200050dd87000f1891463d3d59e","7038","2024-07-08T23:45:00.000","ANDERSON LN / SHOAL CREEK BLVD","WESTBOUND","THRU","true","2","13.5","9.192","0.0","0.0","7","8","2024","23","45","1","900"
"8de7599f35b6f503040d656a954e67b4","7343","2024-07-08T23:45:00.000","RIVERSIDE DR / BURTON DR","EASTBOUND","LEFT TURN","false","1","9.0","0.0","51.8","0.0","7","8","2024","23","45","1","900"
"4fa0d87c14e20e71a7f7101e558ddfb9","7343","2024-07-08T23:45:00.000","RIVERSIDE DR / BURTON DR","EASTBOUND","RIGHT TURN","false","1","4.0","0.0","14.1","0.0","7","8","2024","23","45","1","900"
"e79409c8c91c576e6af638677aeed310","7343","2024-07-08T23:45:00.000","RIVERSIDE DR / BURTON DR","EASTBOUND","RIGHT TURN","true","1","11.0","0.0","8.4","0.0","7","8","2024","23","45","1","900"
"17039e477d772142905ca2fe9f46eb3f","7343","2024-07-08T23:45:00.000","RIVERSIDE DR / BURTON DR","EASTBOUND","THRU","false","16","26.188","13.06","4.7","6.323","7","8","2024","23","45","1","900"
"6289875ae94119da7dedf443e5a62f6d","7343","2024-07-08T23:45:00.000","RIVERSIDE DR / BURTON DR","EASTBOUND","THRU","true","7","13.571","10.293","5.729","8.456","7","8","2024","23","45","1","900"
"66ab4f80021b3adc2491dd7c6e3ec4dd","7343","2024-07-08T23:45:00.000","RIVERSIDE DR / BURTON DR","NORTHBOUND","LEFT TURN","false","2","27.0","26.87","2.05","0.071","7","8","2024","23","45","1","900"
"f241064a69a1f3de17704d00d982b011","7343","2024-07-08T23:45:00.000","RIVERSIDE DR / BURTON DR","NORTHBOUND","LEFT TURN","true","5","20.0","9.274","35.26","37.711","7","8","2024","23","45","1","900"
"1703b59d7271e9be87150a74c79da242","7343","2024-07-08T23:45:00.000","RIVERSIDE DR / BURTON DR","NORTHBOUND","RIGHT TURN","true","4","0.0","0.0","1.3","1.503","7","8","2024","23","45","1","900"
"336508adccdf93b52568c0f853d286a6","7343","2024-07-08T23:45:00.000","RIVERSIDE DR / BURTON DR","NORTHBOUND","THRU","true","2","11.0","15.556","2.25","3.041","7","8","2024","23","45","1","900"
"c2c160d5695f25c7c9f45ba7b66632ba","7343","2024-07-08T23:45:00.000","RIVERSIDE DR / BURTON DR","SOUTHBOUND","LEFT TURN","false","1","13.0","0.0","0.2","0.0","7","8","2024","23","45","1","900"
"04c6e2fbc77881802109b7a9e54bb6e8","7343","2024-07-08T23:45:00.000","RIVERSIDE DR / BURTON DR","SOUTHBOUND","LEFT TURN","true","1","13.0","0.0","76.3","0.0","7","8","2024","23","45","1","900"
"59cb030dd682ee90c24bfdf7f9d6a67b","7343","2024-07-08T23:45:00.000","RIVERSIDE DR / BURTON DR","SOUTHBOUND","RIGHT TURN","false","3","10.333","0.577","16.833","22.748","7","8","2024","23","45","1","900"
"ca78cf9bc1d8ffbcb530ab5cd4e994a4","7343","2024-07-08T23:45:00.000","RIVERSIDE DR / BURTON DR","SOUTHBOUND","RIGHT TURN","true","5","6.6","3.715","10.92","13.224","7","8","2024","23","45","1","900"
"f6fbba8f30b25f285912fcc1fe70e5f2","7343","2024-07-08T23:45:00.000","RIVERSIDE DR / BURTON DR","SOUTHBOUND","THRU","true","1","13.0","0.0","0.1","0.0","7","8","2024","23","45","1","900"
"1231ee202b3a295f5089f82df6387c7b","7343","2024-07-08T23:45:00.000","RIVERSIDE DR / BURTON DR","WESTBOUND","LEFT TURN","false","3","14.667","2.082","2.5","2.117","7","8","2024","23","45","1","900"
"88c168bbd82faac864c2d14b92cecfeb","7343","2024-07-08T23:45:00.000","RIVERSIDE DR / BURTON DR","WESTBOUND","LEFT TURN","true","1","13.0","0.0","43.3","0.0","7","8","2024","23","45","1","900"
"e1eb774e03b6fb672348f0e6c683aff1","7343","2024-07-08T23:45:00.000","RIVERSIDE DR / BURTON DR","WESTBOUND","RIGHT TURN","false","5","0.8","1.789","4.06","1.193","7","8","2024","23","45","1","900"
"f84cccc4b5c857e57f61ae8e495f09c1","7343","2024-07-08T23:45:00.000","RIVERSIDE DR / BURTON DR","WESTBOUND","RIGHT TURN","true","3","0.0","0.0","4.3","2.506","7","8","2024","23","45","1","900"
"b5e226609273e3b280ea4c22d6effdc8","7343","2024-07-08T23:45:00.000","RIVERSIDE DR / BURTON DR","WESTBOUND","THRU","false","26","28.385","19.376","9.546","12.97","7","8","2024","23","45","1","900"
"ebebcacc1ec4a22404e96e88994ba94f","7343","2024-07-08T23:45:00.000","RIVERSIDE DR / BURTON DR","WESTBOUND","THRU","true","25","20.84","20.661","6.512","6.685","7","8","2024","23","45","1","900"
"68adae076c38c762cf950ab7d26b312c","6382","2024-07-08T23:45:00.000","FM 620 RD / DEERBROOK TRL","EASTBOUND","THRU","false","9","45.667","4.416","1.033","0.357","7","8","2024","23","45","1","900"
"c52d83a12000b6092ab98743c8e1ad52","6382","2024-07-08T23:45:00.000","FM 620 RD / DEERBROOK TRL","EASTBOUND","THRU","true","13","43.385","3.07","1.146","0.369","7","8","2024","23","45","1","900"
"6ac2638fec9ca1805b5377b4bfab7db2","6382","2024-07-08T23:45:00.000","FM 620 RD / DEERBROOK TRL","NORTHBOUND","LEFT TURN","false","1","10.0","0.0","0.1","0.0","7","8","2024","23","45","1","900"
"c0ad422bbb883df74e1b71463426ac2d","6382","2024-07-08T23:45:00.000","FM 620 RD / DEERBROOK TRL","WESTBOUND","LEFT TURN","false","1","0.0","0.0","5.1","0.0","7","8","2024","23","45","1","900"
"383bdad77a2a05ed29c9343b8b9317f6","6382","2024-07-08T23:45:00.000","FM 620 RD / DEERBROOK TRL","WESTBOUND","LEFT TURN","true","2","12.5","3.536","0.7","0.566","7","8","2024","23","45","1","900"
"a453a1e629cb44f810ebdbd324ab2ac8","6382","2024-07-08T23:45:00.000","FM 620 RD / DEERBROOK TRL","WESTBOUND","THRU","false","12","36.417","10.449","2.175","2.435","7","8","2024","23","45","1","900"
"88eb47e2b025a7eac1d96221d34b7f2e","6382","2024-07-08T23:45:00.000","FM 620 RD / DEERBROOK TRL","WESTBOUND","THRU","true","8","34.25","9.438","1.8","1.038","7","8","2024","23","45","1","900"
"c35d9c20ba1471eeb3f9d283647199ca","6881","2024-07-08T23:45:00.000","SLAUGHTER LN / LINDSHIRE LN","EASTBOUND","THRU","false","4","29.5","12.477","1.225","0.629","7","8","2024","23","45","1","900"
"cfda0d4ad1d7b18d26b9dac0de27e3b6","6881","2024-07-08T23:45:00.000","SLAUGHTER LN / LINDSHIRE LN","EASTBOUND","THRU","true","7","32.857","2.911","1.229","0.709","7","8","2024","23","45","1","900"
"541e0192436364ea7ffe269e551c0ca6","6881","2024-07-08T23:45:00.000","SLAUGHTER LN / LINDSHIRE LN","NORTHBOUND","LEFT TURN","true","1","5.0","0.0","30.1","0.0","7","8","2024","23","45","1","900"
"e490e316d426a8a16fef83722449a1a5","6881","2024-07-08T23:45:00.000","SLAUGHTER LN / LINDSHIRE LN","NORTHBOUND","RIGHT TURN","false","1","5.0","0.0","0.1","0.0","7","8","2024","23","45","1","900"
"d20012e4baa8bd3a8065bf270886a33d","6881","2024-07-08T23:45:00.000","SLAUGHTER LN / LINDSHIRE LN","WESTBOUND","LEFT TURN","true","3","11.333","3.215","3.267","1.32","7","8","2024","23","45","1","900"
"76376aa1951b9141a559e504c633a783","6881","2024-07-08T23:45:00.000","SLAUGHTER LN / LINDSHIRE LN","WESTBOUND","THRU","false","8","31.875","4.19","1.938","0.185","7","8","2024","23","45","1","900"
"5db19999c1ba2f9a72bf0790a4df6923","6881","2024-07-08T23:45:00.000","SLAUGHTER LN / LINDSHIRE LN","WESTBOUND","THRU","true","6","29.833","2.714","2.05","0.217","7","8","2024","23","45","1","900"
"e2611ee98eea84b414e960f7d36872ad","6808","2024-07-08T23:45:00.000","OLTORF ST / 4TH ST","EASTBOUND","THRU","false","10","8.4","4.575","13.38","22.472","7","8","2024","23","45","1","900"
"c2cf744318c7fdd1e70d23bbc213aa6e","6808","2024-07-08T23:45:00.000","OLTORF ST / 4TH ST","EASTBOUND","THRU","true","2","5.5","0.707","10.75","8.415","7","8","2024","23","45","1","900"
"c7f6bd90021a77fb92a5aa50f72e5487","6808","2024-07-08T23:45:00.000","OLTORF ST / 4TH ST","NORTHBOUND","LEFT TURN","false","2","6.5","0.707","6.35","8.839","7","8","2024","23","45","1","900"
"05162fb4d7b5d050da341efec4355d07","6808","2024-07-08T23:45:00.000","OLTORF ST / 4TH ST","NORTHBOUND","LEFT TURN","true","1","3.0","0.0","72.7","0.0","7","8","2024","23","45","1","900"
"ad102bb14c76f016d13c12a390b999fd","6808","2024-07-08T23:45:00.000","OLTORF ST / 4TH ST","NORTHBOUND","RIGHT TURN","false","2","3.0","2.828","10.25","7.425","7","8","2024","23","45","1","900"
"b6576dbfbe44c0a28a3644424118ba02","6808","2024-07-08T23:45:00.000","OLTORF ST / 4TH ST","NORTHBOUND","THRU","false","8","7.25","4.027","7.075","13.666","7","8","2024","23","45","1","900"
"7360402d90c9f97cabbce245decc7ff7","6808","2024-07-08T23:45:00.000","OLTORF ST / 4TH ST","NORTHBOUND","THRU","true","9","9.0","5.701","3.3","3.389","7","8","2024","23","45","1","900"
"2e3e4e334c4d8896450b90b26242607d","6808","2024-07-08T23:45:00.000","OLTORF ST / 4TH ST","SOUTHBOUND","LEFT TURN","false","2","6.5","0.707","22.5","30.264","7","8","2024","23","45","1","900"
"41d1eb02be60bab46bcf91202e5a555a","6808","2024-07-08T23:45:00.000","OLTORF ST / 4TH ST","SOUTHBOUND","THRU","false","4","6.5","1.291","14.075","22.292","7","8","2024","23","45","1","900"
"a33d220c7be5c7baf7244d1d3a01d4e9","6808","2024-07-08T23:45:00.000","OLTORF ST / 4TH ST","SOUTHBOUND","THRU","true","3","2.333","2.517","28.2","39.929","7","8","2024","23","45","1","900"
"34a883b322b297c253a8aace15aeee7a","6808","2024-07-08T23:45:00.000","OLTORF ST / 4TH ST","WESTBOUND","LEFT TURN","false","2","5.0","0.0","57.55","18.455","7","8","2024","23","45","1","900"
"89f80c12f4b6488aaae965429e695789","6808","2024-07-08T23:45:00.000","OLTORF ST / 4TH ST","WESTBOUND","LEFT TURN","true","2","1.5","2.121","1.5","1.98","7","8","2024","23","45","1","900"
"1f6ea6d52eb7468104c0ba7494679f8d","6808","2024-07-08T23:45:00.000","OLTORF ST / 4TH ST","WESTBOUND","THRU","false","4","6.5","0.577","32.3","19.118","7","8","2024","23","45","1","900"
"ad830bd39b1734b5f288a21f0b66acea","6808","2024-07-08T23:45:00.000","OLTORF ST / 4TH ST","WESTBOUND","THRU","true","5","5.4","3.912","3.46","0.219","7","8","2024","23","45","1","900"
"dab067dfde512e5bc0eb116dd5dadddf","6653","2024-07-08T23:30:00.000","38TH ST / MEDICAL PKWY","EASTBOUND","LEFT TURN","true","1","7.0","0.0","6.4","0.0","7","8","2024","23","30","1","900"
"eb077e42e18f67e26ef01fa51b262d93","6653","2024-07-08T23:30:00.000","38TH ST / MEDICAL PKWY","EASTBOUND","THRU","false","17","24.118","11.456","3.606","5.484","7","8","2024","23","30","1","900"
"0cd782a0ffcb530c434f4c695b18dcee","6653","2024-07-08T23:30:00.000","38TH ST / MEDICAL PKWY","EASTBOUND","THRU","true","4","17.0","13.367","14.05","14.864","7","8","2024","23","30","1","900"
"8b67ef9f01f8880bfddaa1e396271549","6653","2024-07-08T23:30:00.000","38TH ST / MEDICAL PKWY","NORTHBOUND","LEFT TURN","false","1","9.0","0.0","31.3","0.0","7","8","2024","23","30","1","900"
"f3f83f5fc52bd4fa9fa340da55f04edd","6653","2024-07-08T23:30:00.000","38TH ST / MEDICAL PKWY","NORTHBOUND","LEFT TURN","true","1","13.0","0.0","7.3","0.0","7","8","2024","23","30","1","900"
"858912a93244d54c91eb951f14bff526","6653","2024-07-08T23:30:00.000","38TH ST / MEDICAL PKWY","NORTHBOUND","THRU","true","1","14.0","0.0","8.0","0.0","7","8","2024","23","30","1","900"
"84764340d4e5e7f7dc22ddea8b371e2b","6653","2024-07-08T23:30:00.000","38TH ST / MEDICAL PKWY","SOUTHBOUND","LEFT TURN","false","3","10.0","3.606","0.9","0.361","7","8","2024","23","30","1","900"
"c23f28026129e2d6a402332622370418","6653","2024-07-08T23:30:00.000","38TH ST / MEDICAL PKWY","SOUTHBOUND","LEFT TURN","true","1","11.0","0.0","1.2","0.0","7","8","2024","23","30","1","900"
"2b7af694751ba2204218fc2f7df916ff","6653","2024-07-08T23:30:00.000","38TH ST / MEDICAL PKWY","WESTBOUND","LEFT TURN","true","1","9.0","0.0","26.1","0.0","7","8","2024","23","30","1","900"
"b13ad25e449588c348ff70b5a1e9a271","6653","2024-07-08T23:30:00.000","38TH ST / MEDICAL PKWY","WESTBOUND","THRU","false","23","27.348","10.92","4.417","7.667","7","8","2024","23","30","1","900"
"0a4ad057385b23aa7d880baa54690604","6653","2024-07-08T23:30:00.000","38TH ST / MEDICAL PKWY","WESTBOUND","THRU","true","4","30.25","4.272","0.85","0.819","7","8","2024","23","30","1","900"
"f5c53187dd63bffde7186b81f0391797","6882","2024-07-08T23:30:00.000","AIRPORT BLVD / 51ST ST","EASTBOUND","LEFT TURN","false","1","8.0","0.0","2.1","0.0","7","8","2024","23","30","1","900"
"409c2318b8815215350a07cfe25a501f","6882","2024-07-08T23:30:00.000","AIRPORT BLVD / 51ST ST","EASTBOUND","RIGHT TURN","false","3","10.667","1.155","1.0","1.058","7","8","2024","23","30","1","900"
"65e0ace7bd95429aade800060dff4d0b","6882","2024-07-08T23:30:00.000","AIRPORT BLVD / 51ST ST","EASTBOUND","THRU","false","5","10.6","6.618","7.06","13.678","7","8","2024","23","30","1","900"
"7fe114b0138e3e6470436ef4f6cf5282","6882","2024-07-08T23:30:00.000","AIRPORT BLVD / 51ST ST","EASTBOUND","THRU","true","9","12.0","6.083","1.289","1.359","7","8","2024","23","30","1","900"
"775373079ee01d82b6f25225efaa9d5b","6882","2024-07-08T23:30:00.000","AIRPORT BLVD / 51ST ST","NORTHBOUND","LEFT TURN","false","3","7.333","3.055","1.867","2.25","7","8","2024","23","30","1","900"
"03152fc646c1884ba672ecc0270bcb35","6882","2024-07-08T23:30:00.000","AIRPORT BLVD / 51ST ST","NORTHBOUND","LEFT TURN","true","2","3.0","4.243","0.9","0.707","7","8","2024","23","30","1","900"
"5cc3fc89528b401884709df11aaca4eb","6882","2024-07-08T23:30:00.000","AIRPORT BLVD / 51ST ST","NORTHBOUND","RIGHT TURN","false","2","10.0","2.828","3.3","0.283","7","8","2024","23","30","1","900"
"ce2822744275931ec6da8bd21e35f864","6882","2024-07-08T23:30:00.000","AIRPORT BLVD / 51ST ST","NORTHBOUND","THRU","false","21","19.381","9.795","4.052","6.715","7","8","2024","23","30","1","900"
"8bca923c599746f15ba54e1b1f9af7c8","6882","2024-07-08T23:30:00.000","AIRPORT BLVD / 51ST ST","NORTHBOUND","THRU","true","2","18.0","9.899","6.55","7.142","7","8","2024","23","30","1","900"
"ded28154977dc6584e0c2d6daf4f6d1b","6882","2024-07-08T23:30:00.000","AIRPORT BLVD / 51ST ST","SOUTHBOUND","LEFT TURN","false","1","19.0","0.0","2.4","0.0","7","8","2024","23","30","1","900"
"3206762aeb5f67727458535a8b0010ad","6882","2024-07-08T23:30:00.000","AIRPORT BLVD / 51ST ST","SOUTHBOUND","RIGHT TURN","false","3","9.333","1.528","16.967","21.766","7","8","2024","23","30","1","900"
"77f42bda44f609bab20d413b4f34b38f","6882","2024-07-08T23:30:00.000","AIRPORT BLVD / 51ST ST","SOUTHBOUND","THRU","false","15","28.0","14.56","10.06","14.624","7","8","2024","23","30","1","900"
"2046e82d427905450af356fffbc1d187","6882","2024-07-08T23:30:00.000","AIRPORT BLVD / 51ST ST","SOUTHBOUND","THRU","true","5","35.0","14.832","9.04","17.262","7","8","2024","23","30","1","900"
"25c0279489f2530406843c788c9e295a","6882","2024-07-08T23:30:00.000","AIRPORT BLVD / 51ST ST","WESTBOUND","LEFT TURN","false","1","6.0","0.0","0.1","0.0","7","8","2024","23","30","1","900"
"062bd72939e14dcd613059b5f89a5bed","6882","2024-07-08T23:30:00.000","AIRPORT BLVD / 51ST ST","WESTBOUND","RIGHT TURN","false","3","2.333","4.041","6.567","5.773","7","8","2024","23","30","1","900"
"ac4da747e3d897451e0677ffc87da47f","6882","2024-07-08T23:30:00.000","AIRPORT BLVD / 51ST ST","WESTBOUND","THRU","false","5","6.6","6.731","8.72","7.301","7","8","2024","23","30","1","900"
"9eee4ab31629917b6b7a70c4e0cb80d1","7038","2024-07-08T23:30:00.000","ANDERSON LN / SHOAL CREEK BLVD","EASTBOUND","THRU","false","12","30.167","14.371","0.1","0.346","7","8","2024","23","30","1","900"
"40f699d0f0c16c22e0a8d43ef07ef044","7038","2024-07-08T23:30:00.000","ANDERSON LN / SHOAL CREEK BLVD","EASTBOUND","THRU","true","3","21.0","9.849","0.0","0.0","7","8","2024","23","30","1","900"
"eff66f73624bedfc6f9e0fe34115eac0","7038","2024-07-08T23:30:00.000","ANDERSON LN / SHOAL CREEK BLVD","NORTHBOUND","LEFT TURN","false","1","4.0","0.0","6.1","0.0","7","8","2024","23","30","1","900"
"791f95016fc56d7ab157b88c6785bb97","7038","2024-07-08T23:30:00.000","ANDERSON LN / SHOAL CREEK BLVD","NORTHBOUND","LEFT TURN","true","1","16.0","0.0","0.0","0.0","7","8","2024","23","30","1","900"
"7a84ece73e5a21096e52751106283118","7038","2024-07-08T23:30:00.000","ANDERSON LN / SHOAL CREEK BLVD","SOUTHBOUND","LEFT TURN","false","2","11.0","2.828","0.0","0.0","7","8","2024","23","30","1","900"
"25919a70a9df53653b832bed97f2f553","7038","2024-07-08T23:30:00.000","ANDERSON LN / SHOAL CREEK BLVD","SOUTHBOUND","THRU","true","2","13.0","1.414","0.0","0.0","7","8","2024","23","30","1","900"
"b3b0fce31fabf03b1ba2ea87c8110256","7038","2024-07-08T23:30:00.000","ANDERSON LN / SHOAL CREEK BLVD","WESTBOUND","THRU","false","14","23.071","8.138","0.0","0.0","7","8","2024","23","30","1","900"
"0bce4f6873f8b0424c930e9187739f0b","7038","2024-07-08T23:30:00.000","ANDERSON LN / SHOAL CREEK BLVD","WESTBOUND","THRU","true","2","10.0","14.142","0.0","0.0","7","8","2024","23","30","1","900"
"02ca140b2ac9619664ee7323e7f8c8cd","7343","2024-07-08T23:30:00.000","RIVERSIDE DR / BURTON DR","EASTBOUND","LEFT TURN","false","10","11.4","4.624","4.83","10.035","7","8","2024","23","30","1","900"
"ed345643bb73395cb4c6bfd21e1e9fc7","7343","2024-07-08T23:30:00.000","RIVERSIDE DR / BURTON DR","EASTBOUND","LEFT TURN","true","5","11.8","2.95","9.56","19.842","7","8","2024","23","30","1","900"
"b0fa18b65aad09c03f471557beefbb0a","7343","2024-07-08T23:30:00.000","RIVERSIDE DR / BURTON DR","EASTBOUND","RIGHT TURN","true","1","0.0","0.0","8.4","0.0","7","8","2024","23","30","1","900"
"556dd1eec426c4d6272480eba9bda66e","7343","2024-07-08T23:30:00.000","RIVERSIDE DR / BURTON DR","EASTBOUND","THRU","false","30","22.133","11.473","6.197","13.979","7","8","2024","23","30","1","900"
"8c2a9cb4c94e2e0c7693d75e2bc63fa8","7343","2024-07-08T23:30:00.000","RIVERSIDE DR / BURTON DR","EASTBOUND","THRU","true","12","22.5","13.153","5.65","8.179","7","8","2024","23","30","1","900"
"fb739d30ff9319d24b6bdf32d6f34c20","7343","2024-07-08T23:30:00.000","RIVERSIDE DR / BURTON DR","NORTHBOUND","LEFT TURN","false","4","22.25","6.292","28.225","34.771","7","8","2024","23","30","1","900"
"5baba45b8f0ec7c3649eba9fcdc6a92d","7343","2024-07-08T23:30:00.000","RIVERSIDE DR / BURTON DR","NORTHBOUND","LEFT TURN","true","7","17.571","13.049","4.486","4.533","7","8","2024","23","30","1","900"
"629920fd6ee0247c83d4b91da57e0746","7343","2024-07-08T23:30:00.000","RIVERSIDE DR / BURTON DR","NORTHBOUND","THRU","false","5","17.6","19.743","0.4","0.424","7","8","2024","23","30","1","900"
"5b3f9b2125ee78b1cd8236da3adbc4f0","7343","2024-07-08T23:30:00.000","RIVERSIDE DR / BURTON DR","NORTHBOUND","THRU","true","3","10.0","7.0","1.2","1.277","7","8","2024","23","30","1","900"
"68a590581af5cc5ebeba2826b158249b","7343","2024-07-08T23:30:00.000","RIVERSIDE DR / BURTON DR","SOUTHBOUND","LEFT TURN","false","2","14.0","2.828","36.4","51.336","7","8","2024","23","30","1","900"
"66b24fa9419337d68280d68536921761","7343","2024-07-08T23:30:00.000","RIVERSIDE DR / BURTON DR","SOUTHBOUND","RIGHT TURN","false","1","9.0","0.0","3.2","0.0","7","8","2024","23","30","1","900"
"90632f033de24604e8e2c6009bdbd35e","7343","2024-07-08T23:30:00.000","RIVERSIDE DR / BURTON DR","SOUTHBOUND","RIGHT TURN","true","6","9.0","2.28","20.65","20.167","7","8","2024","23","30","1","900"
"f8b5c42fe5747e2390f410ccb8252a7e","7343","2024-07-08T23:30:00.000","RIVERSIDE DR / BURTON DR","SOUTHBOUND","THRU","false","1","13.0","0.0","25.2","0.0","7","8","2024","23","30","1","900"
"0a2d1e765cc98c7bf49163a856be75a6","7343","2024-07-08T23:30:00.000","RIVERSIDE DR / BURTON DR","SOUTHBOUND","THRU","true","2","15.0","2.828","54.2","71.135","7","8","2024","23","30","1","900"
"330a9153e4124178d0f5f9dcc240cd39","7343","2024-07-08T23:30:00.000","RIVERSIDE DR / BURTON DR","WESTBOUND","LEFT TURN","false","3","13.333","0.577","26.767","9.395","7","8","2024","23","30","1","900"
"4343750ff97c8f5e0b06fd2e92d8ec77","7343","2024-07-08T23:30:00.000","RIVERSIDE DR / BURTON DR","WESTBOUND","LEFT TURN","true","3","12.333","2.517","16.767","24.746","7","8","2024","23","30","1","900"
"901e07719c7f79b4b907e2f682e16a9e","7343","2024-07-08T23:30:00.000","RIVERSIDE DR / BURTON DR","WESTBOUND","RIGHT TURN","false","3","0.0","0.0","6.167","4.809","7","8","2024","23","30","1","900"
"fb6684b409dff324dee1c9aa8a861333","7343","2024-07-08T23:30:00.000","RIVERSIDE DR / BURTON DR","WESTBOUND","RIGHT TURN","true","1","0.0","0.0","1.0","0.0","7","8","2024","23","30","1","900"
"3be370e7ffa41296af0e594f4e367c0a","7343","2024-07-08T23:30:00.000","RIVERSIDE DR / BURTON DR","WESTBOUND","THRU","false","25","25.76","18.987","11.184","16.643","7","8","2024","23","30","1","900"
"b4c46c3e9e7844a38d59eda5d77dd79a","7343","2024-07-08T23:30:00.000","RIVERSIDE DR / BURTON DR","WESTBOUND","THRU","true","33","17.576","15.454","11.994","22.98","7","8","2024","23","30","1","900"
"2b690a3299b9853e10771bd6b90db708","6382","2024-07-08T23:30:00.000","FM 620 RD / DEERBROOK TRL","EASTBOUND","THRU","false","10","43.9","6.402","1.03","0.38","7","8","2024","23","30","1","900"
"8f3f088d0d2f71c974affb689598bf78","6382","2024-07-08T23:30:00.000","FM 620 RD / DEERBROOK TRL","EASTBOUND","THRU","true","21","38.905","10.672","1.524","1.069","7","8","2024","23","30","1","900"
"b0fe22dbd06fdde99b5e89cc060ce6e3","6382","2024-07-08T23:30:00.000","FM 620 RD / DEERBROOK TRL","NORTHBOUND","LEFT TURN","true","1","10.0","0.0","0.1","0.0","7","8","2024","23","30","1","900"
"fd7b4355e2d1e6b2a924bc1c961e594c","6382","2024-07-08T23:30:00.000","FM 620 RD / DEERBROOK TRL","NORTHBOUND","RIGHT TURN","false","1","9.0","0.0","7.4","0.0","7","8","2024","23","30","1","900"
"23ca8c5c31c8e8478a94ead28bab53e4","6382","2024-07-08T23:30:00.000","FM 620 RD / DEERBROOK TRL","WESTBOUND","LEFT TURN","false","1","15.0","0.0","1.3","0.0","7","8","2024","23","30","1","900"
"1b85c511da09c41aaa9b9a4931c6785b","6382","2024-07-08T23:30:00.000","FM 620 RD / DEERBROOK TRL","WESTBOUND","LEFT TURN","true","2","14.5","2.121","0.95","1.061","7","8","2024","23","30","1","900"
"9a9afd34d3d7f70bfddcc8a2f748649c","6382","2024-07-08T23:30:00.000","FM 620 RD / DEERBROOK TRL","WESTBOUND","THRU","false","9","37.667","10.368","1.222","1.008","7","8","2024","23","30","1","900"
"831107d64135f8511b9285910c185010","6382","2024-07-08T23:30:00.000","FM 620 RD / DEERBROOK TRL","WESTBOUND","THRU","true","7","35.857","12.034","1.957","1.841","7","8","2024","23","30","1","900"
"ab6b2eb20a4a5929993c2e37aab606cc","6881","2024-07-08T23:30:00.000","SLAUGHTER LN / LINDSHIRE LN","EASTBOUND","THRU","false","5","31.2","10.354","1.3","0.515","7","8","2024","23","30","1","900"
"6e8e94bf73419a5826c06f7431c8d855","6881","2024-07-08T23:30:00.000","SLAUGHTER LN / LINDSHIRE LN","EASTBOUND","THRU","true","6","23.667","11.147","0.517","0.538","7","8","2024","23","30","1","900"
"3069bc31d88d166d12d81d78da19a312","6881","2024-07-08T23:30:00.000","SLAUGHTER LN / LINDSHIRE LN","NORTHBOUND","LEFT TURN","false","1","0.0","0.0","26.8","0.0","7","8","2024","23","30","1","900"
"abc33fb983e310ba2c923efeac31c3af","6881","2024-07-08T23:30:00.000","SLAUGHTER LN / LINDSHIRE LN","NORTHBOUND","LEFT TURN","true","2","0.0","0.0","33.3","11.172","7","8","2024","23","30","1","900"
"b9186c45beab4d8660028aa1f6acfa17","6881","2024-07-08T23:30:00.000","SLAUGHTER LN / LINDSHIRE LN","WESTBOUND","LEFT TURN","true","2","8.5","0.707","5.8","8.061","7","8","2024","23","30","1","900"
"c7bf82c35240596983ae1e9b64df5dfa","6881","2024-07-08T23:30:00.000","SLAUGHTER LN / LINDSHIRE LN","WESTBOUND","THRU","false","14","31.071","1.774","1.943","0.134","7","8","2024","23","30","1","900"
"97a99276a5588b77e9eb04e5b3b747c8","6881","2024-07-08T23:30:00.000","SLAUGHTER LN / LINDSHIRE LN","WESTBOUND","THRU","true","8","31.125","2.8","2.013","0.189","7","8","2024","23","30","1","900"
"10ef5d643c5cd274060f82e223407fe5","6808","2024-07-08T23:30:00.000","OLTORF ST / 4TH ST","EASTBOUND","RIGHT TURN","false","1","5.0","0.0","0.1","0.0","7","8","2024","23","30","1","900"
"d1a1c8e5d45234903e752d0705b7c0ea","6808","2024-07-08T23:30:00.000","OLTORF ST / 4TH ST","EASTBOUND","THRU","false","11","9.091","4.085","5.055","9.971","7","8","2024","23","30","1","900"
"58621f245eb46b0a6433fc716353b0ed","6808","2024-07-08T23:30:00.000","OLTORF ST / 4TH ST","EASTBOUND","THRU","true","4","7.25","3.304","9.85","14.344","7","8","2024","23","30","1","900"
"b6f426cb2a7727acd7f01885a108990d","6808","2024-07-08T23:30:00.000","OLTORF ST / 4TH ST","NORTHBOUND","LEFT TURN","false","3","5.333","0.577","0.2","0.1","7","8","2024","23","30","1","900"
"db07ec05e65145007440b35bf02c3395","6808","2024-07-08T23:30:00.000","OLTORF ST / 4TH ST","NORTHBOUND","LEFT TURN","true","2","3.0","4.243","4.4","2.97","7","8","2024","23","30","1","900"
"3ce4c23402087a37e7317956b6e715d5","6808","2024-07-08T23:30:00.000","OLTORF ST / 4TH ST","NORTHBOUND","RIGHT TURN","true","1","4.0","0.0","11.2","0.0","7","8","2024","23","30","1","900"
"fda7ff2de73e3e9c2ce03d0f19bea30f","6808","2024-07-08T23:30:00.000","OLTORF ST / 4TH ST","NORTHBOUND","THRU","false","8","8.125","4.086","7.85","12.427","7","8","2024","23","30","1","900"
"b6a3d813c61f1920e0f62193d6e9e335","6808","2024-07-08T23:30:00.000","OLTORF ST / 4TH ST","NORTHBOUND","THRU","true","9","8.0","4.637","8.933","19.395","7","8","2024","23","30","1","900"
"18d312d7ba58497065d0ec210740324d","6808","2024-07-08T23:30:00.000","OLTORF ST / 4TH ST","SOUTHBOUND","LEFT TURN","false","1","6.0","0.0","1.5","0.0","7","8","2024","23","30","1","900"
"51cc79b130567d9f2615893cd871b3d7","6808","2024-07-08T23:30:00.000","OLTORF ST / 4TH ST","SOUTHBOUND","LEFT TURN","true","1","5.0","0.0","5.1","0.0","7","8","2024","23","30","1","900"
"4d510dcd3e4e4d4c49d6f64d02ff9545","6808","2024-07-08T23:30:00.000","OLTORF ST / 4TH ST","SOUTHBOUND","THRU","false","13","11.0","4.34","1.192","1.113","7","8","2024","23","30","1","900"
"51429968f133f871b39cdd78eb92d0d9","6808","2024-07-08T23:30:00.000","OLTORF ST / 4TH ST","SOUTHBOUND","THRU","true","3","10.333","4.933","13.867","19.913","7","8","2024","23","30","1","900"
"8b205865e509415ac82ce611e967d8d4","6808","2024-07-08T23:30:00.000","OLTORF ST / 4TH ST","WESTBOUND","LEFT TURN","false","3","6.0","0.0","1.633","2.157","7","8","2024","23","30","1","900"
"b0f35d736fa74473e0602567f8a90f2f","6808","2024-07-08T23:30:00.000","OLTORF ST / 4TH ST","WESTBOUND","LEFT TURN","true","4","4.75","0.957","19.725","19.69","7","8","2024","23","30","1","900"
"4c54f7212cdb8e56331892f062ffee1f","6808","2024-07-08T23:30:00.000","OLTORF ST / 4TH ST","WESTBOUND","THRU","false","3","2.333","4.041","14.633","18.771","7","8","2024","23","30","1","900"
"0596a1540fb86e4fb07b323a3951693f","6808","2024-07-08T23:30:00.000","OLTORF ST / 4TH ST","WESTBOUND","THRU","true","4","5.75","0.957","37.375","22.726","7","8","2024","23","30","1","900"
"0d33af1c7e5f3e9e8f797ec5a7862b48","6653","2024-07-08T23:15:00.000","38TH ST / MEDICAL PKWY","EASTBOUND","RIGHT TURN","false","1","10.0","0.0","0.8","0.0","7","8","2024","23","15","1","900"
"12770afdd313497a0b3d37249e135d62","6653","2024-07-08T23:15:00.000","38TH ST / MEDICAL PKWY","EASTBOUND","THRU","false","18","25.0","10.449","8.211","11.014","7","8","2024","23","15","1","900"
"33b177115418874407c339f0e03d4f86","6653","2024-07-08T23:15:00.000","38TH ST / MEDICAL PKWY","EASTBOUND","THRU","true","5","22.0","8.276","7.32","10.118","7","8","2024","23","15","1","900"
"dd3e79af9b2a83929fa3a4962fbe2121","6653","2024-07-08T23:15:00.000","38TH ST / MEDICAL PKWY","SOUTHBOUND","LEFT TURN","false","1","10.0","0.0","1.0","0.0","7","8","2024","23","15","1","900"
"bab40ce8ee3bb5a4d1178b57e43b7782","6653","2024-07-08T23:15:00.000","38TH ST / MEDICAL PKWY","SOUTHBOUND","RIGHT TURN","true","1","8.0","0.0","2.4","0.0","7","8","2024","23","15","1","900"
"bc1d4d20df7b74ee5e09a6b40193dccb","6653","2024-07-08T23:15:00.000","38TH ST / MEDICAL PKWY","SOUTHBOUND","THRU","false","1","0.0","0.0","0.7","0.0","7","8","2024","23","15","1","900"
"056e75b2507f2e006d13b4fcba5138b0","6653","2024-07-08T23:15:00.000","38TH ST / MEDICAL PKWY","WESTBOUND","THRU","false","27","28.778","11.748","3.941","6.04","7","8","2024","23","15","1","900"
"2f5faae16a8f66d620fd9b4ef3ba3edb","6653","2024-07-08T23:15:00.000","38TH ST / MEDICAL PKWY","WESTBOUND","THRU","true","13","22.923","13.665","6.785","12.702","7","8","2024","23","15","1","900"
"871e3f25da9ad069e471fa86232d45e8","6882","2024-07-08T23:15:00.000","AIRPORT BLVD / 51ST ST","EASTBOUND","RIGHT TURN","false","4","8.0","1.633","2.525","2.96","7","8","2024","23","15","1","900"
"10a02ecb9a79f96fbddf997ce45ffeda","6882","2024-07-08T23:15:00.000","AIRPORT BLVD / 51ST ST","EASTBOUND","RIGHT TURN","true","2","9.5","0.707","0.1","0.0","7","8","2024","23","15","1","900"
"da7cc47362eee9048ac6ee9c6a109496","6882","2024-07-08T23:15:00.000","AIRPORT BLVD / 51ST ST","EASTBOUND","THRU","false","7","17.857","9.063","0.857","0.69","7","8","2024","23","15","1","900"
"5385ee770ee4be24e4c8a019cfb4a6a1","6882","2024-07-08T23:15:00.000","AIRPORT BLVD / 51ST ST","EASTBOUND","THRU","true","4","10.0","6.325","0.875","0.842","7","8","2024","23","15","1","900"
"fb39eaf31e8953a541827b08b1db6b22","6882","2024-07-08T23:15:00.000","AIRPORT BLVD / 51ST ST","NORTHBOUND","LEFT TURN","false","5","8.4","4.159","10.14","8.969","7","8","2024","23","15","1","900"
"221e73da05693057db89a050c0b9617a","6882","2024-07-08T23:15:00.000","AIRPORT BLVD / 51ST ST","NORTHBOUND","LEFT TURN","true","1","16.0","0.0","2.5","0.0","7","8","2024","23","15","1","900"
"dddcca8b951a9d21ba604af710c938fc","6882","2024-07-08T23:15:00.000","AIRPORT BLVD / 51ST ST","NORTHBOUND","RIGHT TURN","false","1","10.0","0.0","2.9","0.0","7","8","2024","23","15","1","900"
"0b1c9abdf5d16835f6cd81e6943a1901","6882","2024-07-08T23:15:00.000","AIRPORT BLVD / 51ST ST","NORTHBOUND","THRU","false","28","21.714","8.032","3.443","7.132","7","8","2024","23","15","1","900"
"1a318eda7ec601e2a77304200b796fa9","6882","2024-07-08T23:15:00.000","AIRPORT BLVD / 51ST ST","SOUTHBOUND","LEFT TURN","false","4","13.75","4.992","1.075","1.181","7","8","2024","23","15","1","900"
"2bfdab05dfbb6155323dd4a052cd024e","6882","2024-07-08T23:15:00.000","AIRPORT BLVD / 51ST ST","SOUTHBOUND","THRU","false","13","31.0","15.674","6.862","10.581","7","8","2024","23","15","1","900"
"e9a8dc1494f3e874a7677a97aa32269d","6882","2024-07-08T23:15:00.000","AIRPORT BLVD / 51ST ST","SOUTHBOUND","THRU","true","6","30.833","13.075","6.317","10.825","7","8","2024","23","15","1","900"
"f1449c0bcebfa0a79caac77677f5d2aa","6882","2024-07-08T23:15:00.000","AIRPORT BLVD / 51ST ST","WESTBOUND","RIGHT TURN","false","4","1.5","3.0","10.65","5.513","7","8","2024","23","15","1","900"
"cf8d31e2d5764687e288b466f82001ec","6882","2024-07-08T23:15:00.000","AIRPORT BLVD / 51ST ST","WESTBOUND","THRU","false","4","4.75","3.948","16.05","21.411","7","8","2024","23","15","1","900"
"19a75e01bc3056cbb0ac41d1e2fcbb24","7038","2024-07-08T23:15:00.000","ANDERSON LN / SHOAL CREEK BLVD","EASTBOUND","LEFT TURN","false","2","14.5","2.121","0.0","0.0","7","8","2024","23","15","1","900"
"528ff0d9c47f9083e9c13904ff0557a0","7038","2024-07-08T23:15:00.000","ANDERSON LN / SHOAL CREEK BLVD","EASTBOUND","LEFT TURN","true","1","9.0","0.0","0.0","0.0","7","8","2024","23","15","1","900"
"85d87716030f27ab3b704dff0961d197","7038","2024-07-08T23:15:00.000","ANDERSON LN / SHOAL CREEK BLVD","EASTBOUND","RIGHT TURN","false","3","16.0","1.0","0.0","0.0","7","8","2024","23","15","1","900"
"e3d9c2cbb37cd3a5406b363a86fef020","7038","2024-07-08T23:15:00.000","ANDERSON LN / SHOAL CREEK BLVD","EASTBOUND","THRU","false","19","30.632","12.352","0.221","0.448","7","8","2024","23","15","1","900"
"0d995964014d048ceb822dbb322a53e7","7038","2024-07-08T23:15:00.000","ANDERSON LN / SHOAL CREEK BLVD","EASTBOUND","THRU","true","1","9.0","0.0","0.0","0.0","7","8","2024","23","15","1","900"
"10803715097c1fe75cee041fde8b4ab8","7038","2024-07-08T23:15:00.000","ANDERSON LN / SHOAL CREEK BLVD","NORTHBOUND","LEFT TURN","false","2","11.0","1.414","0.0","0.0","7","8","2024","23","15","1","900"
"046a4104d9075e4207f72ec3a2380da4","7038","2024-07-08T23:15:00.000","ANDERSON LN / SHOAL CREEK BLVD","SOUTHBOUND","LEFT TURN","false","1","11.0","0.0","0.0","0.0","7","8","2024","23","15","1","900"
"2a37f15a7db1e5fb591282757d263d18","7038","2024-07-08T23:15:00.000","ANDERSON LN / SHOAL CREEK BLVD","WESTBOUND","LEFT TURN","false","1","15.0","0.0","0.0","0.0","7","8","2024","23","15","1","900"
"63b692d3791e19ff15d661a52bf70eb2","7038","2024-07-08T23:15:00.000","ANDERSON LN / SHOAL CREEK BLVD","WESTBOUND","LEFT TURN","true","1","19.0","0.0","0.8","0.0","7","8","2024","23","15","1","900"
"dc6d9425876b792a011b348f248e5b95","7038","2024-07-08T23:15:00.000","ANDERSON LN / SHOAL CREEK BLVD","WESTBOUND","THRU","false","22","17.545","8.405","0.0","0.0","7","8","2024","23","15","1","900"
"21c9beed158a8c47601e8f76d53c9413","7038","2024-07-08T23:15:00.000","ANDERSON LN / SHOAL CREEK BLVD","WESTBOUND","THRU","true","4","25.75","3.594","0.0","0.0","7","8","2024","23","15","1","900"
"e9d6ee1d20f5f34afcdd3e8ba1428b54","7343","2024-07-08T23:15:00.000","RIVERSIDE DR / BURTON DR","EASTBOUND","LEFT TURN","false","8","12.25","5.548","6.638","11.041","7","8","2024","23","15","1","900"
"a6a5a2f1c8d9b93d0b723c9394900761","7343","2024-07-08T23:15:00.000","RIVERSIDE DR / BURTON DR","EASTBOUND","LEFT TURN","true","3","15.0","2.0","1.9","1.153","7","8","2024","23","15","1","900"
"a9c18b42b1bc62760ccfbca9fd521ffa","7343","2024-07-08T23:15:00.000","RIVERSIDE DR / BURTON DR","EASTBOUND","RIGHT TURN","true","1","6.0","0.0","0.0","0.0","7","8","2024","23","15","1","900"
"dbe4efe6189cc84a4788116dd3cc59cb","7343","2024-07-08T23:15:00.000","RIVERSIDE DR / BURTON DR","EASTBOUND","THRU","false","29","17.069","8.904","5.972","13.796","7","8","2024","23","15","1","900"
"4d2b1b62547dcabfb90ce7d238859a81","7343","2024-07-08T23:15:00.000","RIVERSIDE DR / BURTON DR","EASTBOUND","THRU","true","16","16.062","12.369","9.412","15.879","7","8","2024","23","15","1","900"
"af548ed00340b085f7f1b0f863d85828","7343","2024-07-08T23:15:00.000","RIVERSIDE DR / BURTON DR","NORTHBOUND","LEFT TURN","false","3","23.667","5.132","1.533","0.874","7","8","2024","23","15","1","900"
"2874cafb9da081587f0e8e4fa05a1a1c","7343","2024-07-08T23:15:00.000","RIVERSIDE DR / BURTON DR","NORTHBOUND","LEFT TURN","true","10","19.7","12.0","5.25","8.177","7","8","2024","23","15","1","900"
"433e45c8546ba0bb079b7df515bfbd36","7343","2024-07-08T23:15:00.000","RIVERSIDE DR / BURTON DR","NORTHBOUND","RIGHT TURN","true","2","0.0","0.0","31.45","44.477","7","8","2024","23","15","1","900"
"62daa3d3f5c2431df4593966d583b272","7343","2024-07-08T23:15:00.000","RIVERSIDE DR / BURTON DR","NORTHBOUND","THRU","false","3","20.0","28.792","20.267","28.258","7","8","2024","23","15","1","900"
"ab2bf036b4b9e4ae97c0545259557fd3","7343","2024-07-08T23:15:00.000","RIVERSIDE DR / BURTON DR","SOUTHBOUND","LEFT TURN","false","3","15.667","3.055","48.133","41.595","7","8","2024","23","15","1","900"
"e799ad63070a7095a9a252c637c117b7","7343","2024-07-08T23:15:00.000","RIVERSIDE DR / BURTON DR","SOUTHBOUND","RIGHT TURN","false","2","9.0","0.0","8.85","7.566","7","8","2024","23","15","1","900"
"d9be9691b6aec00f8e63df4f13277a8e","7343","2024-07-08T23:15:00.000","RIVERSIDE DR / BURTON DR","SOUTHBOUND","RIGHT TURN","true","15","8.267","2.631","11.827","16.531","7","8","2024","23","15","1","900"
"f1954c4b47a29e2e5f5d13faf9170c30","7343","2024-07-08T23:15:00.000","RIVERSIDE DR / BURTON DR","SOUTHBOUND","THRU","false","1","14.0","0.0","73.0","0.0","7","8","2024","23","15","1","900"
"cbdbca610c04be91c9bea65c8d1b2844","7343","2024-07-08T23:15:00.000","RIVERSIDE DR / BURTON DR","SOUTHBOUND","THRU","true","1","13.0","0.0","45.1","0.0","7","8","2024","23","15","1","900"
"71ab3cc10d695918f0970d9cf6c53a0b","7343","2024-07-08T23:15:00.000","RIVERSIDE DR / BURTON DR","WESTBOUND","LEFT TURN","false","3","13.0","1.0","42.833","56.881","7","8","2024","23","15","1","900"
"28381691bc63ec3d206e84c2a5eaed29","7343","2024-07-08T23:15:00.000","RIVERSIDE DR / BURTON DR","WESTBOUND","LEFT TURN","true","2","14.0","1.414","2.0","2.687","7","8","2024","23","15","1","900"
"6a2b0585f4235cba93f5438c1adf33af","7343","2024-07-08T23:15:00.000","RIVERSIDE DR / BURTON DR","WESTBOUND","RIGHT TURN","false","6","0.0","0.0","13.383","11.736","7","8","2024","23","15","1","900"
"20fdc06ff7d09bebb3ef41fa56711050","7343","2024-07-08T23:15:00.000","RIVERSIDE DR / BURTON DR","WESTBOUND","RIGHT TURN","true","2","0.0","0.0","7.85","1.202","7","8","2024","23","15","1","900"
"213daf785d791ed1164c7f408b359773","7343","2024-07-08T23:15:00.000","RIVERSIDE DR / BURTON DR","WESTBOUND","THRU","false","35","23.514","16.538","8.069","15.054","7","8","2024","23","15","1","900"
"bd40fc60427552f6e3bbad54e3c7c77c","7343","2024-07-08T23:15:00.000","RIVERSIDE DR / BURTON DR","WESTBOUND","THRU","true","31","15.194","16.269","11.003","15.105","7","8","2024","23","15","1","900"
"37c2ac6bd850824c40fb64f5ce3aecbf","6382","2024-07-08T23:15:00.000","FM 620 RD / DEERBROOK TRL","EASTBOUND","THRU","false","22","41.273","7.446","1.077","0.426","7","8","2024","23","15","1","900"
"e6fcffd6a6652927c7aae29066eac04b","6382","2024-07-08T23:15:00.000","FM 620 RD / DEERBROOK TRL","EASTBOUND","THRU","true","27","41.593","5.819","1.248","0.32","7","8","2024","23","15","1","900"
"e9d1591c577be4bc11ea78b95b40dbc8","6382","2024-07-08T23:15:00.000","FM 620 RD / DEERBROOK TRL","NORTHBOUND","RIGHT TURN","false","1","5.0","0.0","8.4","0.0","7","8","2024","23","15","1","900"
"54a2b3b4ee5afb1b8ee905ddcfecf735","6382","2024-07-08T23:15:00.000","FM 620 RD / DEERBROOK TRL","NORTHBOUND","RIGHT TURN","true","1","12.0","0.0","0.6","0.0","7","8","2024","23","15","1","900"
"49ae30b0048f25e9dcb7f702fc4ac87b","6382","2024-07-08T23:15:00.000","FM 620 RD / DEERBROOK TRL","WESTBOUND","LEFT TURN","false","1","17.0","0.0","1.1","0.0","7","8","2024","23","15","1","900"
"0f8078c6b56ecd05d67d5502f05e1531","6382","2024-07-08T23:15:00.000","FM 620 RD / DEERBROOK TRL","WESTBOUND","LEFT TURN","true","3","8.333","7.234","2.233","2.702","7","8","2024","23","15","1","900"
"bde971f2b3ac6e3f927c3948af2f0e48","6382","2024-07-08T23:15:00.000","FM 620 RD / DEERBROOK TRL","WESTBOUND","THRU","false","7","39.0","5.228","1.671","1.039","7","8","2024","23","15","1","900"
"cde93b7ae7a9cb50bdec407f0bf78da6","6382","2024-07-08T23:15:00.000","FM 620 RD / DEERBROOK TRL","WESTBOUND","THRU","true","4","32.75","15.628","4.75","6.357","7","8","2024","23","15","1","900"
"9b828bdb9ccb3147e2d79c3286fd7fec","6881","2024-07-08T23:15:00.000","SLAUGHTER LN / LINDSHIRE LN","EASTBOUND","THRU","false","3","35.0","1.0","1.167","0.929","7","8","2024","23","15","1","900"
"dec0a4dca9c5f8c3754dd68c41fcfef9","6881","2024-07-08T23:15:00.000","SLAUGHTER LN / LINDSHIRE LN","EASTBOUND","THRU","true","14","27.071","13.112","0.707","0.64","7","8","2024","23","15","1","900"
"ea1f4697f4d0de76e3c77185de4cfdd1","6881","2024-07-08T23:15:00.000","SLAUGHTER LN / LINDSHIRE LN","NORTHBOUND","RIGHT TURN","false","1","5.0","0.0","5.9","0.0","7","8","2024","23","15","1","900"
"00e51bc2617e86cd5de3e68c04e837a0","6881","2024-07-08T23:15:00.000","SLAUGHTER LN / LINDSHIRE LN","NORTHBOUND","RIGHT TURN","true","1","6.0","0.0","2.4","0.0","7","8","2024","23","15","1","900"
"07241fe92c17209f704eda4d58c2feea","6881","2024-07-08T23:15:00.000","SLAUGHTER LN / LINDSHIRE LN","WESTBOUND","LEFT TURN","false","2","13.5","0.707","2.1","1.273","7","8","2024","23","15","1","900"
"5501f718298436e7a6d7291d1e3c22fb","6881","2024-07-08T23:15:00.000","SLAUGHTER LN / LINDSHIRE LN","WESTBOUND","LEFT TURN","true","1","11.0","0.0","1.0","0.0","7","8","2024","23","15","1","900"
"35b7496264824f7737c5c2a78c4861d3","6881","2024-07-08T23:15:00.000","SLAUGHTER LN / LINDSHIRE LN","WESTBOUND","THRU","false","17","29.471","5.702","2.076","0.38","7","8","2024","23","15","1","900"
"0d3640a0f53ddc1f202c32683e5a4521","6881","2024-07-08T23:15:00.000","SLAUGHTER LN / LINDSHIRE LN","WESTBOUND","THRU","true","12","23.083","9.434","4.783","4.563","7","8","2024","23","15","1","900"
"6f8652402f7b23952a6739abecec4600","6808","2024-07-08T23:15:00.000","OLTORF ST / 4TH ST","EASTBOUND","LEFT TURN","true","2","1.0","0.0","33.2","38.608","7","8","2024","23","15","1","900"
"915042b265008ea33408a6d1a1cb3c42","6808","2024-07-08T23:15:00.000","OLTORF ST / 4TH ST","EASTBOUND","RIGHT TURN","false","1","2.0","0.0","49.4","0.0","7","8","2024","23","15","1","900"
"644425f5c9cda463b63db4ea27be8dfd","6808","2024-07-08T23:15:00.000","OLTORF ST / 4TH ST","EASTBOUND","THRU","false","20","6.8","3.679","2.41","2.873","7","8","2024","23","15","1","900"
"8c372833c98cfef5ceeee0cb6df10061","6808","2024-07-08T23:15:00.000","OLTORF ST / 4TH ST","EASTBOUND","THRU","true","2","6.0","0.0","0.9","1.131","7","8","2024","23","15","1","900"
"66cea04533e7f46b5cc8e4771ad534e4","6808","2024-07-08T23:15:00.000","OLTORF ST / 4TH ST","NORTHBOUND","LEFT TURN","false","1","7.0","0.0","0.1","0.0","7","8","2024","23","15","1","900"
"8e3a4a3ece2be34916cd844d5038c86c","6808","2024-07-08T23:15:00.000","OLTORF ST / 4TH ST","NORTHBOUND","RIGHT TURN","false","3","4.333","1.155","1.7","2.771","7","8","2024","23","15","1","900"
"2e188b68343ba05acdc756e72b091671","6808","2024-07-08T23:15:00.000","OLTORF ST / 4TH ST","NORTHBOUND","THRU","false","9","8.111","3.79","9.833","14.175","7","8","2024","23","15","1","900"
"5499c206663a55dbd6bac36637dc156b","6808","2024-07-08T23:15:00.000","OLTORF ST / 4TH ST","NORTHBOUND","THRU","true","15","9.4","4.405","6.927","11.324","7","8","2024","23","15","1","900"
"3e7bfdd0d75aba3bb38fd9d9d8fa667d","6808","2024-07-08T23:15:00.000","OLTORF ST / 4TH ST","SOUTHBOUND","LEFT TURN","false","1","6.0","0.0","0.1","0.0","7","8","2024","23","15","1","900"
"c19018a49c31cc12dc52cf7839e63809","6808","2024-07-08T23:15:00.000","OLTORF ST / 4TH ST","SOUTHBOUND","LEFT TURN","true","1","4.0","0.0","0.2","0.0","7","8","2024","23","15","1","900"
"3e292fd202b661b05967e4038b5a1277","6808","2024-07-08T23:15:00.000","OLTORF ST / 4TH ST","SOUTHBOUND","THRU","false","12","10.333","2.774","6.233","14.599","7","8","2024","23","15","1","900"
"47220a3444e037ed53dc2d83c79f07b1","6808","2024-07-08T23:15:00.000","OLTORF ST / 4TH ST","SOUTHBOUND","THRU","true","1","0.0","0.0","0.1","0.0","7","8","2024","23","15","1","900"
"a547515e445cf1e11920ef72ac618404","6808","2024-07-08T23:15:00.000","OLTORF ST / 4TH ST","WESTBOUND","LEFT TURN","false","3","4.0","1.0","46.4","38.126","7","8","2024","23","15","1","900"
"757ad9418eabb45463cf2949b8d4dc22","6808","2024-07-08T23:15:00.000","OLTORF ST / 4TH ST","WESTBOUND","RIGHT TURN","true","1","3.0","0.0","0.1","0.0","7","8","2024","23","15","1","900"
"1a566f212b79321fe653575956cfbd5c","6808","2024-07-08T23:15:00.000","OLTORF ST / 4TH ST","WESTBOUND","THRU","false","5","4.8","3.271","13.82","20.498","7","8","2024","23","15","1","900"
"02a658165bd2dbcb9e3039291dd1ae95","6808","2024-07-08T23:15:00.000","OLTORF ST / 4TH ST","WESTBOUND","THRU","true","5","6.2","0.837","12.58","19.335","7","8","2024","23","15","1","900"
"4d193864570021e5d53d89bff186ed71","6653","2024-07-08T23:00:00.000","38TH ST / MEDICAL PKWY","EASTBOUND","RIGHT TURN","false","3","9.0","2.646","1.567","2.203","7","8","2024","23","0","1","900"
"6fe1a7ef039c118b326deb8565bf38a7","6653","2024-07-08T23:00:00.000","38TH ST / MEDICAL PKWY","EASTBOUND","THRU","false","26","26.423","12.054","8.723","9.615","7","8","2024","23","0","1","900"
"7a21205c24fac0cdbaf8bf2c48bb06a6","6653","2024-07-08T23:00:00.000","38TH ST / MEDICAL PKWY","EASTBOUND","THRU","true","2","25.0","16.971","1.7","0.566","7","8","2024","23","0","1","900"
"d81d3e617a50e64c5af59a068fb3de40","6653","2024-07-08T23:00:00.000","38TH ST / MEDICAL PKWY","NORTHBOUND","LEFT TURN","false","2","6.0","4.243","10.3","14.284","7","8","2024","23","0","1","900"
"1c038f2829df2c43022cb7c352026154","6653","2024-07-08T23:00:00.000","38TH ST / MEDICAL PKWY","NORTHBOUND","RIGHT TURN","false","1","0.0","0.0","14.0","0.0","7","8","2024","23","0","1","900"
"af54ad35001aea5e93da2a1d4c3612e7","6653","2024-07-08T23:00:00.000","38TH ST / MEDICAL PKWY","SOUTHBOUND","THRU","true","1","0.0","0.0","0.8","0.0","7","8","2024","23","0","1","900"
"4916e345a55aaf1ea0b1b70ff468899c","6653","2024-07-08T23:00:00.000","38TH ST / MEDICAL PKWY","WESTBOUND","LEFT TURN","false","2","12.5","4.95","15.1","17.961","7","8","2024","23","0","1","900"
"ea2dfba16b95ecb362e5fa5d3f8c4f76","6653","2024-07-08T23:00:00.000","38TH ST / MEDICAL PKWY","WESTBOUND","LEFT TURN","true","1","0.0","0.0","37.5","0.0","7","8","2024","23","0","1","900"
"e9633f5af35d7f06a8fe188bce9cade3","6653","2024-07-08T23:00:00.000","38TH ST / MEDICAL PKWY","WESTBOUND","RIGHT TURN","false","1","8.0","0.0","33.4","0.0","7","8","2024","23","0","1","900"
"41cbe13dcc7669d7f3efe84b6e006203","6653","2024-07-08T23:00:00.000","38TH ST / MEDICAL PKWY","WESTBOUND","THRU","false","19","28.263","12.251","3.526","7.461","7","8","2024","23","0","1","900"
"8828ba3e9860d4db998c6c2a967bdc77","6653","2024-07-08T23:00:00.000","38TH ST / MEDICAL PKWY","WESTBOUND","THRU","true","6","26.0","10.973","3.233","6.478","7","8","2024","23","0","1","900"
"4d0c1527fa25d39437a3cd915d69b7ee","6882","2024-07-08T23:00:00.000","AIRPORT BLVD / 51ST ST","EASTBOUND","RIGHT TURN","false","4","9.0","4.243","0.95","1.318","7","8","2024","23","0","1","900"
"2fcb0ac1cba8d1ac2bfd9f61e0b5b51b","6882","2024-07-08T23:00:00.000","AIRPORT BLVD / 51ST ST","EASTBOUND","THRU","false","11","16.0","6.527","1.018","0.971","7","8","2024","23","0","1","900"
"458640c37c11a24cb589dceedf862114","6882","2024-07-08T23:00:00.000","AIRPORT BLVD / 51ST ST","EASTBOUND","THRU","true","6","16.5","2.074","1.167","0.787","7","8","2024","23","0","1","900"
"cd1f82c54329595ebfbc4b5ffd14e847","6882","2024-07-08T23:00:00.000","AIRPORT BLVD / 51ST ST","NORTHBOUND","LEFT TURN","false","6","6.667","4.844","5.733","5.551","7","8","2024","23","0","1","900"
"4e1e98d5551db723a7b881e62faf6a31","6882","2024-07-08T23:00:00.000","AIRPORT BLVD / 51ST ST","NORTHBOUND","LEFT TURN","true","4","10.75","2.5","1.85","1.147","7","8","2024","23","0","1","900"
"c8263e27bea90850e3a174b759ec4cc5","6882","2024-07-08T23:00:00.000","AIRPORT BLVD / 51ST ST","NORTHBOUND","THRU","false","32","19.844","9.706","3.788","7.861","7","8","2024","23","0","1","900"
"f8d9754186db46363e59c52d269b88b8","6882","2024-07-08T23:00:00.000","AIRPORT BLVD / 51ST ST","SOUTHBOUND","LEFT TURN","false","3","13.0","1.732","2.633","2.237","7","8","2024","23","0","1","900"
"37bd9143db364202e84ee6a480b16bb7","6882","2024-07-08T23:00:00.000","AIRPORT BLVD / 51ST ST","SOUTHBOUND","RIGHT TURN","false","1","14.0","0.0","3.0","0.0","7","8","2024","23","0","1","900"
"f06fadd54fff320a012efbf301a5164b","6882","2024-07-08T23:00:00.000","AIRPORT BLVD / 51ST ST","SOUTHBOUND","RIGHT TURN","true","1","11.0","0.0","4.3","0.0","7","8","2024","23","0","1","900"
"ce0afa0534948c1fb90313d87bf89aec","6882","2024-07-08T23:00:00.000","AIRPORT BLVD / 51ST ST","SOUTHBOUND","THRU","false","15","30.733","11.285","4.587","10.403","7","8","2024","23","0","1","900"
"26a2d2341d77a7d0368711543438e258","6882","2024-07-08T23:00:00.000","AIRPORT BLVD / 51ST ST","SOUTHBOUND","THRU","true","2","10.5","4.95","21.15","21.001","7","8","2024","23","0","1","900"
"97fc326a7d4334ab9dfc08ea28e0710d","6882","2024-07-08T23:00:00.000","AIRPORT BLVD / 51ST ST","WESTBOUND","LEFT TURN","false","1","0.0","0.0","39.6","0.0","7","8","2024","23","0","1","900"
"9caaf9e9c711c28c19416ac301dc4042","6882","2024-07-08T23:00:00.000","AIRPORT BLVD / 51ST ST","WESTBOUND","RIGHT TURN","false","5","0.8","1.095","11.88","10.63","7","8","2024","23","0","1","900"
"9c144d29792716b91a16944792274908","6882","2024-07-08T23:00:00.000","AIRPORT BLVD / 51ST ST","WESTBOUND","THRU","false","9","5.222","6.61","14.622","18.015","7","8","2024","23","0","1","900"
"9855bf7272c900fb1f779852d0712803","6882","2024-07-08T23:00:00.000","AIRPORT BLVD / 51ST ST","WESTBOUND","THRU","true","3","1.667","2.887","4.467","2.836","7","8","2024","23","0","1","900"
"40909f5699733e66a7e466010b9ed75e","7038","2024-07-08T23:00:00.000","ANDERSON LN / SHOAL CREEK BLVD","EASTBOUND","LEFT TURN","true","2","6.0","8.485","1.05","1.485","7","8","2024","23","0","1","900"
"28a133b8d8ec199a17ba71a3d714bf89","7038","2024-07-08T23:00:00.000","ANDERSON LN / SHOAL CREEK BLVD","EASTBOUND","RIGHT TURN","false","2","10.5","3.536","0.0","0.0","7","8","2024","23","0","1","900"
"f60d923dd97aa0fd7b9f6dd40b72a98d","7038","2024-07-08T23:00:00.000","ANDERSON LN / SHOAL CREEK BLVD","EASTBOUND","THRU","false","28","31.107","12.703","0.214","0.509","7","8","2024","23","0","1","900"
"56ac15a30ecb131b0500e68631c0abfd","7038","2024-07-08T23:00:00.000","ANDERSON LN / SHOAL CREEK BLVD","EASTBOUND","THRU","true","7","23.0","15.535","0.129","0.34","7","8","2024","23","0","1","900"
"1e6bf1bf414476c4a6c1088cf9aa6c02","7038","2024-07-08T23:00:00.000","ANDERSON LN / SHOAL CREEK BLVD","NORTHBOUND","LEFT TURN","false","2","8.5","0.707","0.0","0.0","7","8","2024","23","0","1","900"
"07773c7d1b97a606ad5cf171d57cfb05","7038","2024-07-08T23:00:00.000","ANDERSON LN / SHOAL CREEK BLVD","NORTHBOUND","RIGHT TURN","false","1","6.0","0.0","5.3","0.0","7","8","2024","23","0","1","900"
"706e301d3543295e42e3f723b8dad650","7038","2024-07-08T23:00:00.000","ANDERSON LN / SHOAL CREEK BLVD","NORTHBOUND","THRU","false","1","10.0","0.0","4.0","0.0","7","8","2024","23","0","1","900"
"8504d1913f3df9a947824c2fdd440543","7038","2024-07-08T23:00:00.000","ANDERSON LN / SHOAL CREEK BLVD","SOUTHBOUND","LEFT TURN","false","1","11.0","0.0","0.0","0.0","7","8","2024","23","0","1","900"
"dc3bb042524b1a6aba43ade6c2936b69","7038","2024-07-08T23:00:00.000","ANDERSON LN / SHOAL CREEK BLVD","SOUTHBOUND","LEFT TURN","true","3","11.333","1.155","0.0","0.0","7","8","2024","23","0","1","900"
"a4aa5033b3701788d024a58cceca198d","7038","2024-07-08T23:00:00.000","ANDERSON LN / SHOAL CREEK BLVD","SOUTHBOUND","RIGHT TURN","false","1","10.0","0.0","0.0","0.0","7","8","2024","23","0","1","900"
"e54cd22d9340df6e33bc4923da5a2c70","7038","2024-07-08T23:00:00.000","ANDERSON LN / SHOAL CREEK BLVD","SOUTHBOUND","RIGHT TURN","true","1","12.0","0.0","0.0","0.0","7","8","2024","23","0","1","900"
"63efb6c22ed58cd504a85189870aa38c","7038","2024-07-08T23:00:00.000","ANDERSON LN / SHOAL CREEK BLVD","SOUTHBOUND","THRU","false","1","10.0","0.0","0.0","0.0","7","8","2024","23","0","1","900"
"7168f05361b99f45914554f7b38c6288","7038","2024-07-08T23:00:00.000","ANDERSON LN / SHOAL CREEK BLVD","WESTBOUND","LEFT TURN","false","1","7.0","0.0","0.0","0.0","7","8","2024","23","0","1","900"
"a16fdc8f33c556ee2bd6837ea842b972","7038","2024-07-08T23:00:00.000","ANDERSON LN / SHOAL CREEK BLVD","WESTBOUND","THRU","false","19","20.684","6.913","0.0","0.0","7","8","2024","23","0","1","900"
"fb048b7d87ff21812ec870697bbb0433","7038","2024-07-08T23:00:00.000","ANDERSON LN / SHOAL CREEK BLVD","WESTBOUND","THRU","true","2","8.5","0.707","0.0","0.0","7","8","2024","23","0","1","900"
"a6e908014728c117bda049798df7a0b2","7343","2024-07-08T23:00:00.000","RIVERSIDE DR / BURTON DR","EASTBOUND","LEFT TURN","false","3","13.0","1.0","43.4","48.55","7","8","2024","23","0","1","900"
"eb6fb7463fb657906cb759a3ceb3f0fa","7343","2024-07-08T23:00:00.000","RIVERSIDE DR / BURTON DR","EASTBOUND","LEFT TURN","true","4","12.5","5.0","25.525","49.726","7","8","2024","23","0","1","900"
"1b60667ab400441263b209881bf374d3","7343","2024-07-08T23:00:00.000","RIVERSIDE DR / BURTON DR","EASTBOUND","RIGHT TURN","false","1","19.0","0.0","0.7","0.0","7","8","2024","23","0","1","900"
"f817c549074dac227446bbfb07609f99","7343","2024-07-08T23:00:00.000","RIVERSIDE DR / BURTON DR","EASTBOUND","RIGHT TURN","true","1","0.0","0.0","7.2","0.0","7","8","2024","23","0","1","900"
"f4c450ef8255655db72949caf328aec1","7343","2024-07-08T23:00:00.000","RIVERSIDE DR / BURTON DR","EASTBOUND","THRU","false","23","24.043","9.698","4.83","8.906","7","8","2024","23","0","1","900"
"e47a319eb0bf0e2f5644db1fc3cb4593","7343","2024-07-08T23:00:00.000","RIVERSIDE DR / BURTON DR","EASTBOUND","THRU","true","13","9.692","6.651","4.192","7.398","7","8","2024","23","0","1","900"
"24506f74ac2aa37a321bb7463ec9bbcc","7343","2024-07-08T23:00:00.000","RIVERSIDE DR / BURTON DR","NORTHBOUND","LEFT TURN","false","3","23.667","0.577","2.567","1.626","7","8","2024","23","0","1","900"
"71dc264013991a38e61d126ce9da34ae","7343","2024-07-08T23:00:00.000","RIVERSIDE DR / BURTON DR","NORTHBOUND","LEFT TURN","true","8","16.375","8.417","9.087","15.643","7","8","2024","23","0","1","900"
"50e9e724e45378142015021ce2ce9836","7343","2024-07-08T23:00:00.000","RIVERSIDE DR / BURTON DR","NORTHBOUND","RIGHT TURN","true","2","0.0","0.0","1.95","2.758","7","8","2024","23","0","1","900"
"875bfb105e8dfead02646b7519a30031","7343","2024-07-08T23:00:00.000","RIVERSIDE DR / BURTON DR","NORTHBOUND","THRU","false","5","11.4","11.082","12.7","19.958","7","8","2024","23","0","1","900"
"9bd0a2e6ab3f97e4eac3a9551d6a3b29","7343","2024-07-08T23:00:00.000","RIVERSIDE DR / BURTON DR","SOUTHBOUND","LEFT TURN","false","5","16.8","2.864","43.54","38.588","7","8","2024","23","0","1","900"
"503ee898c0699e76b1dbf44a117dd414","7343","2024-07-08T23:00:00.000","RIVERSIDE DR / BURTON DR","SOUTHBOUND","LEFT TURN","true","1","12.0","0.0","95.9","0.0","7","8","2024","23","0","1","900"
"b789601ac3d0a90d09c822de53999c9b","7343","2024-07-08T23:00:00.000","RIVERSIDE DR / BURTON DR","SOUTHBOUND","RIGHT TURN","false","6","10.833","4.215","18.783","14.156","7","8","2024","23","0","1","900"
"942bd1293dc9d2a5b7819b0f8d3a88c0","7343","2024-07-08T23:00:00.000","RIVERSIDE DR / BURTON DR","SOUTHBOUND","RIGHT TURN","true","6","8.0","4.147","9.0","10.093","7","8","2024","23","0","1","900"
"aa0f66f2adae300f9e45b3a3888e8cd9","7343","2024-07-08T23:00:00.000","RIVERSIDE DR / BURTON DR","SOUTHBOUND","THRU","false","1","19.0","0.0","79.8","0.0","7","8","2024","23","0","1","900"
"139b685ed141a61bdd7d9d5ecb2041e6","7343","2024-07-08T23:00:00.000","RIVERSIDE DR / BURTON DR","WESTBOUND","LEFT TURN","false","7","13.0","1.414","11.071","15.745","7","8","2024","23","0","1","900"
"8f9ac2822b1de753791b0ff477871bb1","7343","2024-07-08T23:00:00.000","RIVERSIDE DR / BURTON DR","WESTBOUND","RIGHT TURN","false","3","0.0","0.0","7.3","7.66","7","8","2024","23","0","1","900"
"8c4cef12c1d5d927be8bfaf1dd7f06fb","7343","2024-07-08T23:00:00.000","RIVERSIDE DR / BURTON DR","WESTBOUND","RIGHT TURN","true","2","0.0","0.0","4.9","0.141","7","8","2024","23","0","1","900"
"915983679940cf42baea2f02720cea5c","7343","2024-07-08T23:00:00.000","RIVERSIDE DR / BURTON DR","WESTBOUND","THRU","false","47","29.064","18.275","8.757","15.111","7","8","2024","23","0","1","900"
"cbbb0bb9b4358803cf6197b4c6c43011","7343","2024-07-08T23:00:00.000","RIVERSIDE DR / BURTON DR","WESTBOUND","THRU","true","33","29.121","17.702","5.364","9.331","7","8","2024","23","0","1","900"
"e46eed25cd02d01dcb455cd5d7b5ee20","6382","2024-07-08T23:00:00.000","FM 620 RD / DEERBROOK TRL","EASTBOUND","THRU","false","28","45.821","8.92","1.057","0.347","7","8","2024","23","0","1","900"
"4b2d8024278655236b3fa2e6143d4f60","6382","2024-07-08T23:00:00.000","FM 620 RD / DEERBROOK TRL","EASTBOUND","THRU","true","21","42.095","5.522","1.219","0.262","7","8","2024","23","0","1","900"
"323d5bf9d22a1535a8039df7996742db","6382","2024-07-08T23:00:00.000","FM 620 RD / DEERBROOK TRL","NORTHBOUND","RIGHT TURN","false","1","10.0","0.0","1.2","0.0","7","8","2024","23","0","1","900"
"10f7ed564cef48c99d6ead1223317d0e","6382","2024-07-08T23:00:00.000","FM 620 RD / DEERBROOK TRL","NORTHBOUND","RIGHT TURN","true","1","9.0","0.0","6.0","0.0","7","8","2024","23","0","1","900"
"37f5fa8de0b8267d2e2725791042d524","6382","2024-07-08T23:00:00.000","FM 620 RD / DEERBROOK TRL","WESTBOUND","LEFT TURN","true","1","0.0","0.0","5.7","0.0","7","8","2024","23","0","1","900"
"730f1ada9edba268b4ce7147d1271d12","6382","2024-07-08T23:00:00.000","FM 620 RD / DEERBROOK TRL","WESTBOUND","THRU","false","12","39.667","4.141","1.417","0.805","7","8","2024","23","0","1","900"
"98159cde800adcd25c638e5d5d5eefd3","6382","2024-07-08T23:00:00.000","FM 620 RD / DEERBROOK TRL","WESTBOUND","THRU","true","6","35.0","6.812","2.85","1.213","7","8","2024","23","0","1","900"
"d2ab634e81fa6678043aebbe295ad43c","6881","2024-07-08T23:00:00.000","SLAUGHTER LN / LINDSHIRE LN","EASTBOUND","THRU","false","4","32.0","8.718","0.925","0.665","7","8","2024","23","0","1","900"
"5ebd19fc6a955acf56f9ae3994eebbc3","6881","2024-07-08T23:00:00.000","SLAUGHTER LN / LINDSHIRE LN","EASTBOUND","THRU","true","3","35.0","6.557","0.667","0.643","7","8","2024","23","0","1","900"
"6b3a51bf0dc0b1371edb590b1bfcf13e","6881","2024-07-08T23:00:00.000","SLAUGHTER LN / LINDSHIRE LN","NORTHBOUND","LEFT TURN","true","6","3.833","3.488","10.867","12.592","7","8","2024","23","0","1","900"
"a9180feac98cf2915fef2c0df74530ac","6881","2024-07-08T23:00:00.000","SLAUGHTER LN / LINDSHIRE LN","NORTHBOUND","RIGHT TURN","false","1","6.0","0.0","6.1","0.0","7","8","2024","23","0","1","900"
"811db0326c40c5bfe307144696a81328","6881","2024-07-08T23:00:00.000","SLAUGHTER LN / LINDSHIRE LN","NORTHBOUND","THRU","false","1","9.0","0.0","18.7","0.0","7","8","2024","23","0","1","900"
"41c25da7927bccd7d7987b1c04b163ad","6881","2024-07-08T23:00:00.000","SLAUGHTER LN / LINDSHIRE LN","NORTHBOUND","THRU","true","2","2.0","0.0","13.25","18.314","7","8","2024","23","0","1","900"
"1e5e44001332562fdb70d76aefe84679","6881","2024-07-08T23:00:00.000","SLAUGHTER LN / LINDSHIRE LN","WESTBOUND","LEFT TURN","false","2","12.0","2.828","3.5","0.707","7","8","2024","23","0","1","900"
"9a583480851465c2eeaa1ff05b2cd6c0","6881","2024-07-08T23:00:00.000","SLAUGHTER LN / LINDSHIRE LN","WESTBOUND","THRU","false","23","27.174","7.548","3.37","3.974","7","8","2024","23","0","1","900"
"a5fb75c17961c30fe3c940d4a7ada728","6881","2024-07-08T23:00:00.000","SLAUGHTER LN / LINDSHIRE LN","WESTBOUND","THRU","true","18","27.944","8.228","2.983","3.175","7","8","2024","23","0","1","900"
"abc12545d90ce873176cccbfa3897efa","6808","2024-07-08T23:00:00.000","OLTORF ST / 4TH ST","EASTBOUND","THRU","false","20","8.3","3.868","9.795","19.808","7","8","2024","23","0","1","900"
"2019546d707cf1cd3f4fd2257b636053","6808","2024-07-08T23:00:00.000","OLTORF ST / 4TH ST","EASTBOUND","THRU","true","3","8.0","3.464","20.033","32.639","7","8","2024","23","0","1","900"
"20932de139d5da202f92a5b39faf068f","6808","2024-07-08T23:00:00.000","OLTORF ST / 4TH ST","NORTHBOUND","LEFT TURN","false","7","4.857","1.464","0.929","1.401","7","8","2024","23","0","1","900"
"a1f0c48abd6e8c2de9b0978c7066145e","6808","2024-07-08T23:00:00.000","OLTORF ST / 4TH ST","NORTHBOUND","LEFT TURN","true","1","5.0","0.0","0.1","0.0","7","8","2024","23","0","1","900"
"90fd8410dcdc567e48e41559efe4370d","6808","2024-07-08T23:00:00.000","OLTORF ST / 4TH ST","NORTHBOUND","RIGHT TURN","false","1","3.0","0.0","0.1","0.0","7","8","2024","23","0","1","900"
"d8855412defc1595786d64a986c167f1","6808","2024-07-08T23:00:00.000","OLTORF ST / 4TH ST","NORTHBOUND","THRU","false","7","5.286","4.112","13.543","20.396","7","8","2024","23","0","1","900"
"29a35be80a7d77ec0e953fa3de102fb1","6808","2024-07-08T23:00:00.000","OLTORF ST / 4TH ST","NORTHBOUND","THRU","true","9","7.222","3.632","11.922","15.76","7","8","2024","23","0","1","900"
"6de716eb9f353d1a8681c93924569595","6808","2024-07-08T23:00:00.000","OLTORF ST / 4TH ST","SOUTHBOUND","LEFT TURN","false","2","6.0","1.414","2.75","3.182","7","8","2024","23","0","1","900"
"655457ba8d428163526850ca982adb40","6808","2024-07-08T23:00:00.000","OLTORF ST / 4TH ST","SOUTHBOUND","LEFT TURN","true","2","6.0","1.414","14.0","16.546","7","8","2024","23","0","1","900"
"d8b64b5267e48341b5f369d38a561651","6808","2024-07-08T23:00:00.000","OLTORF ST / 4TH ST","SOUTHBOUND","THRU","false","14","9.5","3.436","6.2","15.61","7","8","2024","23","0","1","900"
"8887e16a6b48328adf1fa0c8cdb90f92","6808","2024-07-08T23:00:00.000","OLTORF ST / 4TH ST","SOUTHBOUND","THRU","true","2","5.0","0.0","14.45","19.021","7","8","2024","23","0","1","900"
"5c62742a43f3948657d4e1a65d11372c","6808","2024-07-08T23:00:00.000","OLTORF ST / 4TH ST","WESTBOUND","LEFT TURN","false","3","5.667","0.577","30.533","25.363","7","8","2024","23","0","1","900"
"d004af67cbd287aefc44c103f095e7de","6808","2024-07-08T23:00:00.000","OLTORF ST / 4TH ST","WESTBOUND","LEFT TURN","true","2","5.5","0.707","28.45","25.385","7","8","2024","23","0","1","900"
"6dacf2430de8697d24fae315304a4f89","6808","2024-07-08T23:00:00.000","OLTORF ST / 4TH ST","WESTBOUND","THRU","false","6","6.167","3.656","11.833","16.521","7","8","2024","23","0","1","900"
"b81ec92ff1945538e77eebdae6fa735b","6808","2024-07-08T23:00:00.000","OLTORF ST / 4TH ST","WESTBOUND","THRU","true","12","6.667","3.143","5.475","8.271","7","8","2024","23","0","1","900"
"9e8c5d873ac06a77be46caec48656227","6653","2024-07-08T22:45:00.000","38TH ST / MEDICAL PKWY","EASTBOUND","LEFT TURN","true","1","9.0","0.0","0.3","0.0","7","8","2024","22","45","1","900"
"24460730e552b878a9f50b1f40a787ce","6653","2024-07-08T22:45:00.000","38TH ST / MEDICAL PKWY","EASTBOUND","RIGHT TURN","false","3","9.667","2.082","1.167","0.907","7","8","2024","22","45","1","900"
"898634c62fd21e630aded58deac0c964","6653","2024-07-08T22:45:00.000","38TH ST / MEDICAL PKWY","EASTBOUND","THRU","false","31","25.161","11.95","7.919","10.549","7","8","2024","22","45","1","900"
"6a041eec4468f1f0b15fd999288733a8","6653","2024-07-08T22:45:00.000","38TH ST / MEDICAL PKWY","EASTBOUND","THRU","true","7","23.857","15.181","12.3","14.207","7","8","2024","22","45","1","900"
"8c358dad21925dc819e269970c9a9397","6653","2024-07-08T22:45:00.000","38TH ST / MEDICAL PKWY","NORTHBOUND","LEFT TURN","false","2","10.0","0.0","33.25","19.163","7","8","2024","22","45","1","900"
"f7291a576de756226d0f33f00c88b020","6653","2024-07-08T22:45:00.000","38TH ST / MEDICAL PKWY","NORTHBOUND","RIGHT TURN","false","2","9.5","2.121","35.65","33.446","7","8","2024","22","45","1","900"
"9179fdfff830f222e9b6ec074fa12716","6653","2024-07-08T22:45:00.000","38TH ST / MEDICAL PKWY","NORTHBOUND","RIGHT TURN","true","1","18.0","0.0","5.3","0.0","7","8","2024","22","45","1","900"
"271777e0022d107aa261225b69f312be","6653","2024-07-08T22:45:00.000","38TH ST / MEDICAL PKWY","NORTHBOUND","THRU","true","3","12.333","3.215","16.5","18.874","7","8","2024","22","45","1","900"
"ea8921145fb01671b8f9377e925156de","6653","2024-07-08T22:45:00.000","38TH ST / MEDICAL PKWY","SOUTHBOUND","LEFT TURN","false","1","7.0","0.0","1.3","0.0","7","8","2024","22","45","1","900"
"f95d7a6ff9d022da4fbd2ec114b98050","6653","2024-07-08T22:45:00.000","38TH ST / MEDICAL PKWY","WESTBOUND","LEFT TURN","true","1","5.0","0.0","5.1","0.0","7","8","2024","22","45","1","900"
"de157e58e6f2625dba67da2f1f491783","6653","2024-07-08T22:45:00.000","38TH ST / MEDICAL PKWY","WESTBOUND","RIGHT TURN","false","1","12.0","0.0","1.5","0.0","7","8","2024","22","45","1","900"
"805a0623aa72a997ba87b62ea3d6a587","6653","2024-07-08T22:45:00.000","38TH ST / MEDICAL PKWY","WESTBOUND","THRU","false","34","27.471","11.285","5.138","8.474","7","8","2024","22","45","1","900"
"2c24d69ed88c1731ce47de4d4d6f1b27","6653","2024-07-08T22:45:00.000","38TH ST / MEDICAL PKWY","WESTBOUND","THRU","true","12","26.25","11.856","3.883","9.126","7","8","2024","22","45","1","900"
"68fbd700687182f0db11f7cfba3cdb04","6882","2024-07-08T22:45:00.000","AIRPORT BLVD / 51ST ST","EASTBOUND","LEFT TURN","false","1","12.0","0.0","1.1","0.0","7","8","2024","22","45","1","900"
"0aa3b9feae9a6307023a8d96177aba7d","6882","2024-07-08T22:45:00.000","AIRPORT BLVD / 51ST ST","EASTBOUND","RIGHT TURN","false","5","13.0","4.123","0.88","0.676","7","8","2024","22","45","1","900"
"4f4a135d97536e7cde12516122ad85ee","6882","2024-07-08T22:45:00.000","AIRPORT BLVD / 51ST ST","EASTBOUND","RIGHT TURN","true","1","18.0","0.0","1.2","0.0","7","8","2024","22","45","1","900"
"ada3fff1045f81b4a20b882f86e5931e","6882","2024-07-08T22:45:00.000","AIRPORT BLVD / 51ST ST","EASTBOUND","THRU","false","15","16.0","4.375","0.907","0.604","7","8","2024","22","45","1","900"
"027bee78b7ecdefa0227f5528263304a","6882","2024-07-08T22:45:00.000","AIRPORT BLVD / 51ST ST","EASTBOUND","THRU","true","9","15.778","3.93","0.956","0.667","7","8","2024","22","45","1","900"
"427752a6a39751f3e5fea3253c820b37","6882","2024-07-08T22:45:00.000","AIRPORT BLVD / 51ST ST","NORTHBOUND","LEFT TURN","false","6","4.167","4.07","60.75","83.934","7","8","2024","22","45","1","900"
"60f7f7bcf07dd47c4d4b4d5ed4fde600","6882","2024-07-08T22:45:00.000","AIRPORT BLVD / 51ST ST","NORTHBOUND","LEFT TURN","true","4","8.25","5.123","6.45","4.679","7","8","2024","22","45","1","900"
"7c4e9426452c4a032f501f3000c8b113","6882","2024-07-08T22:45:00.000","AIRPORT BLVD / 51ST ST","NORTHBOUND","THRU","false","36","20.667","8.87","3.372","5.909","7","8","2024","22","45","1","900"
"54ecc0016e8c2a1e58c854594e126c51","6882","2024-07-08T22:45:00.000","AIRPORT BLVD / 51ST ST","NORTHBOUND","THRU","true","3","14.0","7.81","5.067","4.594","7","8","2024","22","45","1","900"
"4ac9e1dd51b7a51388377910f6729373","6882","2024-07-08T22:45:00.000","AIRPORT BLVD / 51ST ST","SOUTHBOUND","LEFT TURN","false","3","15.333","4.933","1.367","1.124","7","8","2024","22","45","1","900"
"6b5fd52bbf1af226a1bee492d22b661f","6882","2024-07-08T22:45:00.000","AIRPORT BLVD / 51ST ST","SOUTHBOUND","RIGHT TURN","false","2","10.5","0.707","13.0","13.576","7","8","2024","22","45","1","900"
"fd7eb04d39181c48f474c42bd663370b","6882","2024-07-08T22:45:00.000","AIRPORT BLVD / 51ST ST","SOUTHBOUND","THRU","false","17","30.882","10.914","8.7","18.913","7","8","2024","22","45","1","900"
"b3de25ef31b82864cee0fbdb2f374dd2","6882","2024-07-08T22:45:00.000","AIRPORT BLVD / 51ST ST","SOUTHBOUND","THRU","true","6","19.0","15.388","4.35","7.91","7","8","2024","22","45","1","900"
"788aa4c6b10a6b8ac9f28a3cd300125f","6882","2024-07-08T22:45:00.000","AIRPORT BLVD / 51ST ST","WESTBOUND","LEFT TURN","false","1","0.0","0.0","14.8","0.0","7","8","2024","22","45","1","900"
"4232d75231b713468aee7b6e9d889da3","6882","2024-07-08T22:45:00.000","AIRPORT BLVD / 51ST ST","WESTBOUND","RIGHT TURN","false","2","1.0","1.414","14.8","15.556","7","8","2024","22","45","1","900"
"6e42d17c914f8a1c50b34794fa6c008e","6882","2024-07-08T22:45:00.000","AIRPORT BLVD / 51ST ST","WESTBOUND","THRU","false","3","4.0","3.606","20.8","34.728","7","8","2024","22","45","1","900"
"0dc1f98a5915fc8e04a4b9faffd5b4dc","6882","2024-07-08T22:45:00.000","AIRPORT BLVD / 51ST ST","WESTBOUND","THRU","true","1","3.0","0.0","0.1","0.0","7","8","2024","22","45","1","900"
"3da0b0b712f2b8164c12363debccc614","6882","2024-07-08T22:45:00.000","AIRPORT BLVD / 51ST ST","WESTBOUND","U-TURN","true","1","8.0","0.0","0.7","0.0","7","8","2024","22","45","1","900"
"fa7890fd4586a1df6eb1598869160b06","7038","2024-07-08T22:45:00.000","ANDERSON LN / SHOAL CREEK BLVD","EASTBOUND","RIGHT TURN","false","3","12.333","1.528","0.0","0.0","7","8","2024","22","45","1","900"
"da2540fe0136daef07a313ccf3da104c","7038","2024-07-08T22:45:00.000","ANDERSON LN / SHOAL CREEK BLVD","EASTBOUND","RIGHT TURN","true","1","10.0","0.0","0.0","0.0","7","8","2024","22","45","1","900"
"874e2993b09bdc15732834319a459710","7038","2024-07-08T22:45:00.000","ANDERSON LN / SHOAL CREEK BLVD","EASTBOUND","THRU","false","25","30.88","11.278","0.232","0.574","7","8","2024","22","45","1","900"
"89d60033e1272e43ea8387368172988c","7038","2024-07-08T22:45:00.000","ANDERSON LN / SHOAL CREEK BLVD","EASTBOUND","THRU","true","3","13.333","2.082","0.0","0.0","7","8","2024","22","45","1","900"
"1c4d87c6b5eeeb3af43edd0acbeeccc5","7038","2024-07-08T22:45:00.000","ANDERSON LN / SHOAL CREEK BLVD","NORTHBOUND","LEFT TURN","false","2","14.0","7.071","0.9","1.273","7","8","2024","22","45","1","900"
"de8669a862132304e6364311f1603d1c","7038","2024-07-08T22:45:00.000","ANDERSON LN / SHOAL CREEK BLVD","NORTHBOUND","RIGHT TURN","false","1","6.0","0.0","5.6","0.0","7","8","2024","22","45","1","900"
"bce1b34af7289f28fe3339f44a5aa676","7038","2024-07-08T22:45:00.000","ANDERSON LN / SHOAL CREEK BLVD","NORTHBOUND","THRU","false","2","18.0","11.314","1.0","1.414","7","8","2024","22","45","1","900"
"9b9ca989de3f4e91ad8a6d57ce00219f","7038","2024-07-08T22:45:00.000","ANDERSON LN / SHOAL CREEK BLVD","SOUTHBOUND","LEFT TURN","false","5","11.8","2.168","0.0","0.0","7","8","2024","22","45","1","900"
"9f36478569865a7ca85bfafdfddc52e2","7038","2024-07-08T22:45:00.000","ANDERSON LN / SHOAL CREEK BLVD","WESTBOUND","THRU","false","20","19.15","7.693","0.0","0.0","7","8","2024","22","45","1","900"
"ecac81c110cbc8e6c452a32b3ea1aadd","7038","2024-07-08T22:45:00.000","ANDERSON LN / SHOAL CREEK BLVD","WESTBOUND","THRU","true","6","17.0","11.225","0.0","0.0","7","8","2024","22","45","1","900"
"e21d23e0def5155b3f12697e98b2861a","7343","2024-07-08T22:45:00.000","RIVERSIDE DR / BURTON DR","EASTBOUND","LEFT TURN","false","3","16.667","6.429","32.9","54.129","7","8","2024","22","45","1","900"
"17e2df5e9414354edbe9098e36c6b8b0","7343","2024-07-08T22:45:00.000","RIVERSIDE DR / BURTON DR","EASTBOUND","LEFT TURN","true","3","16.667","4.041","28.0","23.213","7","8","2024","22","45","1","900"
"aab02152f39d52a210860d37075ae5b9","7343","2024-07-08T22:45:00.000","RIVERSIDE DR / BURTON DR","EASTBOUND","RIGHT TURN","true","1","11.0","0.0","0.0","0.0","7","8","2024","22","45","1","900"
"f490eb797178dae61cc0b468fcd89fcc","7343","2024-07-08T22:45:00.000","RIVERSIDE DR / BURTON DR","EASTBOUND","THRU","false","29","15.586","11.15","5.703","11.21","7","8","2024","22","45","1","900"
"43b9ef5f8505ef86a2b7ecd0bf648116","7343","2024-07-08T22:45:00.000","RIVERSIDE DR / BURTON DR","EASTBOUND","THRU","true","15","20.133","7.763","7.973","13.546","7","8","2024","22","45","1","900"
"0b0b78d49f769d4bee019bac65dea8b4","7343","2024-07-08T22:45:00.000","RIVERSIDE DR / BURTON DR","NORTHBOUND","LEFT TURN","false","12","18.667","10.039","15.717","26.049","7","8","2024","22","45","1","900"
"0a0e3e0c939a888996afea1f94ffe3a9","7343","2024-07-08T22:45:00.000","RIVERSIDE DR / BURTON DR","NORTHBOUND","LEFT TURN","true","10","20.9","8.762","6.85","11.565","7","8","2024","22","45","1","900"
"f5ac3b60882b41febd31791a65c7d502","7343","2024-07-08T22:45:00.000","RIVERSIDE DR / BURTON DR","NORTHBOUND","RIGHT TURN","false","1","18.0","0.0","0.5","0.0","7","8","2024","22","45","1","900"
"4e8d3e5bb8a358945f3544b63443d6a3","7343","2024-07-08T22:45:00.000","RIVERSIDE DR / BURTON DR","NORTHBOUND","RIGHT TURN","true","2","0.0","0.0","0.0","0.0","7","8","2024","22","45","1","900"
"b59b30212c320f6539273efa831de0e5","7343","2024-07-08T22:45:00.000","RIVERSIDE DR / BURTON DR","NORTHBOUND","THRU","false","5","16.8","14.99","15.36","20.081","7","8","2024","22","45","1","900"
"2cd021d7bceeae016857c4b3614a4456","7343","2024-07-08T22:45:00.000","RIVERSIDE DR / BURTON DR","NORTHBOUND","THRU","true","4","25.0","10.551","1.1","1.203","7","8","2024","22","45","1","900"
"5433d547604c4308ef8a0ffd0610870b","7343","2024-07-08T22:45:00.000","RIVERSIDE DR / BURTON DR","SOUTHBOUND","LEFT TURN","false","2","15.5","0.707","20.4","27.153","7","8","2024","22","45","1","900"
"6d020bcb20f4ed6155a76099664e4178","7343","2024-07-08T22:45:00.000","RIVERSIDE DR / BURTON DR","SOUTHBOUND","LEFT TURN","true","4","13.25","2.217","41.4","53.221","7","8","2024","22","45","1","900"
"069a3048970f5d97f00dd8da471a582b","7343","2024-07-08T22:45:00.000","RIVERSIDE DR / BURTON DR","SOUTHBOUND","RIGHT TURN","false","3","9.0","2.0","1.233","1.963","7","8","2024","22","45","1","900"
"d6a423ede87ff91b5ac4862bcd8786af","7343","2024-07-08T22:45:00.000","RIVERSIDE DR / BURTON DR","SOUTHBOUND","RIGHT TURN","true","13","10.077","2.362","12.131","22.267","7","8","2024","22","45","1","900"
"0b512fd94426adc4c15971a248e49138","7343","2024-07-08T22:45:00.000","RIVERSIDE DR / BURTON DR","SOUTHBOUND","THRU","false","3","18.0","3.464","5.5","5.369","7","8","2024","22","45","1","900"
"9b7cead5d8a91be126b861ad5ba1746f","7343","2024-07-08T22:45:00.000","RIVERSIDE DR / BURTON DR","SOUTHBOUND","THRU","true","2","15.5","2.121","0.25","0.212","7","8","2024","22","45","1","900"
"6e7d08f28327b96071b5e24870835a66","7343","2024-07-08T22:45:00.000","RIVERSIDE DR / BURTON DR","WESTBOUND","LEFT TURN","false","5","13.4","2.966","27.78","25.175","7","8","2024","22","45","1","900"
"c4ae54597082bd45bee9550ac87e464e","7343","2024-07-08T22:45:00.000","RIVERSIDE DR / BURTON DR","WESTBOUND","LEFT TURN","true","2","14.5","2.121","3.05","1.344","7","8","2024","22","45","1","900"
"3abd75701ebaf3a33e868b9ea52910ab","7343","2024-07-08T22:45:00.000","RIVERSIDE DR / BURTON DR","WESTBOUND","RIGHT TURN","false","8","0.0","0.0","5.112","2.926","7","8","2024","22","45","1","900"
"0f2be4e3ad4f9fc470de7c5a695807f6","7343","2024-07-08T22:45:00.000","RIVERSIDE DR / BURTON DR","WESTBOUND","RIGHT TURN","true","1","0.0","0.0","4.5","0.0","7","8","2024","22","45","1","900"
"d48459ddda2d8cab196e9aeb99f91502","7343","2024-07-08T22:45:00.000","RIVERSIDE DR / BURTON DR","WESTBOUND","THRU","false","46","24.804","17.815","10.613","16.898","7","8","2024","22","45","1","900"
"2bcd8c8a76938c84c0752aa3291ad2a0","7343","2024-07-08T22:45:00.000","RIVERSIDE DR / BURTON DR","WESTBOUND","THRU","true","50","19.92","17.278","9.46","14.598","7","8","2024","22","45","1","900"
"ac95163c1ba0df64aba66522fa9c39de","6382","2024-07-08T22:45:00.000","FM 620 RD / DEERBROOK TRL","EASTBOUND","THRU","false","25","41.96","9.745","1.524","2.21","7","8","2024","22","45","1","900"
"a11fa54cbe60181fdf8b4312a02748fb","6382","2024-07-08T22:45:00.000","FM 620 RD / DEERBROOK TRL","EASTBOUND","THRU","true","25","42.36","5.649","1.124","0.414","7","8","2024","22","45","1","900"
"c44c26c5b3fbddd0263e7ee86adc4161","6382","2024-07-08T22:45:00.000","FM 620 RD / DEERBROOK TRL","NORTHBOUND","RIGHT TURN","false","1","10.0","0.0","0.1","0.0","7","8","2024","22","45","1","900"
"550813c0b5dfd8c2f5e33f53420d114b","6382","2024-07-08T22:45:00.000","FM 620 RD / DEERBROOK TRL","NORTHBOUND","RIGHT TURN","true","2","7.5","2.121","10.6","2.121","7","8","2024","22","45","1","900"
"dc2cfe0c3da812ca0eebe1140e30c1db","6382","2024-07-08T22:45:00.000","FM 620 RD / DEERBROOK TRL","WESTBOUND","LEFT TURN","true","3","14.667","1.528","1.0","1.015","7","8","2024","22","45","1","900"
"9486be78833c885a7aac0bf13e63917b","6382","2024-07-08T22:45:00.000","FM 620 RD / DEERBROOK TRL","WESTBOUND","THRU","false","13","40.846","5.352","1.754","1.084","7","8","2024","22","45","1","900"
"6085794376dcc12f0e2d70bfee7aa026","6382","2024-07-08T22:45:00.000","FM 620 RD / DEERBROOK TRL","WESTBOUND","THRU","true","7","41.286","4.348","2.3","1.069","7","8","2024","22","45","1","900"
"9ccbf21c1df36d8a45b0869f3b4f8d9e","6881","2024-07-08T22:45:00.000","SLAUGHTER LN / LINDSHIRE LN","EASTBOUND","THRU","false","7","30.286","9.656","2.286","3.794","7","8","2024","22","45","1","900"
"0fed9cea84367c0c63b8f5cec8143fbd","6881","2024-07-08T22:45:00.000","SLAUGHTER LN / LINDSHIRE LN","EASTBOUND","THRU","true","8","30.25","8.988","0.712","0.579","7","8","2024","22","45","1","900"
"6406e1b82783483618f2528b7eb3819f","6881","2024-07-08T22:45:00.000","SLAUGHTER LN / LINDSHIRE LN","NORTHBOUND","RIGHT TURN","false","1","7.0","0.0","3.7","0.0","7","8","2024","22","45","1","900"
"53f605797c4d0cfa02c1136d0428408b","6881","2024-07-08T22:45:00.000","SLAUGHTER LN / LINDSHIRE LN","NORTHBOUND","RIGHT TURN","true","1","0.0","0.0","1.2","0.0","7","8","2024","22","45","1","900"
"47078ae66504d16fcf6546661082c7d4","6881","2024-07-08T22:45:00.000","SLAUGHTER LN / LINDSHIRE LN","NORTHBOUND","THRU","false","2","1.5","2.121","17.95","25.244","7","8","2024","22","45","1","900"
"fb86842e32178c65b64d0008f6bece76","6881","2024-07-08T22:45:00.000","SLAUGHTER LN / LINDSHIRE LN","NORTHBOUND","THRU","true","3","3.333","2.309","8.833","14.953","7","8","2024","22","45","1","900"
"c1ca76f20de6f80d8f678fc5fc1e384d","6881","2024-07-08T22:45:00.000","SLAUGHTER LN / LINDSHIRE LN","WESTBOUND","LEFT TURN","true","1","11.0","0.0","11.9","0.0","7","8","2024","22","45","1","900"
"45efced0e4b3a485d73e9fd13254a8de","6881","2024-07-08T22:45:00.000","SLAUGHTER LN / LINDSHIRE LN","WESTBOUND","THRU","false","14","28.929","8.128","3.257","3.821","7","8","2024","22","45","1","900"
"29c454a726af24f79024217f3e207979","6881","2024-07-08T22:45:00.000","SLAUGHTER LN / LINDSHIRE LN","WESTBOUND","THRU","true","19","23.474","9.985","5.274","5.065","7","8","2024","22","45","1","900"
"c0edc38c020856e21687297857f9ab0b","6808","2024-07-08T22:45:00.000","OLTORF ST / 4TH ST","EASTBOUND","LEFT TURN","false","1","6.0","0.0","1.5","0.0","7","8","2024","22","45","1","900"
"fae623eb3d5bc92146e3c34191c3799d","6808","2024-07-08T22:45:00.000","OLTORF ST / 4TH ST","EASTBOUND","RIGHT TURN","false","1","6.0","0.0","3.5","0.0","7","8","2024","22","45","1","900"
"e52a5dbf9dd19d0cd0679e15563fe070","6808","2024-07-08T22:45:00.000","OLTORF ST / 4TH ST","EASTBOUND","THRU","false","21","9.143","3.864","4.19","9.105","7","8","2024","22","45","1","900"
"8a51a3e5da5cfeceb6eab0f0b271100a","6808","2024-07-08T22:45:00.000","OLTORF ST / 4TH ST","EASTBOUND","THRU","true","3","10.333","4.726","1.467","0.839","7","8","2024","22","45","1","900"
"a9561d39ce731ede93aac8b76848909f","6808","2024-07-08T22:45:00.000","OLTORF ST / 4TH ST","NORTHBOUND","LEFT TURN","false","1","6.0","0.0","0.2","0.0","7","8","2024","22","45","1","900"
"6ce1c4a8c53b4260dffbd3c2ef4c395b","6808","2024-07-08T22:45:00.000","OLTORF ST / 4TH ST","NORTHBOUND","THRU","false","14","4.714","2.73","17.514","23.005","7","8","2024","22","45","1","900"
"e2105d1c5dd9c0369b42f92011da6c9a","6808","2024-07-08T22:45:00.000","OLTORF ST / 4TH ST","NORTHBOUND","THRU","true","10","9.7","5.034","6.74","12.354","7","8","2024","22","45","1","900"
"673f8afe37af1b2fbd38ab8524c1cee8","6808","2024-07-08T22:45:00.000","OLTORF ST / 4TH ST","SOUTHBOUND","LEFT TURN","false","1","7.0","0.0","1.5","0.0","7","8","2024","22","45","1","900"
"c4d33105458202436adc24e4aa2b3a33","6808","2024-07-08T22:45:00.000","OLTORF ST / 4TH ST","SOUTHBOUND","LEFT TURN","true","2","5.0","0.0","0.95","1.061","7","8","2024","22","45","1","900"
"9671169f2f6889a64dd7be8e4c482228","6808","2024-07-08T22:45:00.000","OLTORF ST / 4TH ST","SOUTHBOUND","THRU","false","10","8.8","3.259","9.56","15.862","7","8","2024","22","45","1","900"
"a4665849643bff65570c25797f07039d","6808","2024-07-08T22:45:00.000","OLTORF ST / 4TH ST","SOUTHBOUND","THRU","true","1","7.0","0.0","5.6","0.0","7","8","2024","22","45","1","900"
"ff2ffffff65ec49b595168dd02e1c7a5","6808","2024-07-08T22:45:00.000","OLTORF ST / 4TH ST","WESTBOUND","LEFT TURN","false","2","7.0","1.414","0.2","0.141","7","8","2024","22","45","1","900"
"1cbfb2802edcb66a41253937e565ce91","6808","2024-07-08T22:45:00.000","OLTORF ST / 4TH ST","WESTBOUND","LEFT TURN","true","5","6.2","5.119","19.3","22.693","7","8","2024","22","45","1","900"
"97485c8d28948711eed45904b0440e14","6808","2024-07-08T22:45:00.000","OLTORF ST / 4TH ST","WESTBOUND","THRU","false","9","6.889","1.453","14.656","21.1","7","8","2024","22","45","1","900"
"389a0088ec2f63e7e630b5c6f9666283","6808","2024-07-08T22:45:00.000","OLTORF ST / 4TH ST","WESTBOUND","THRU","true","11","4.909","3.36","23.673","27.014","7","8","2024","22","45","1","900"
"61fd9d47435f2dc83a43ddcc7e475f63","6653","2024-07-08T22:30:00.000","38TH ST / MEDICAL PKWY","EASTBOUND","RIGHT TURN","false","1","11.0","0.0","1.0","0.0","7","8","2024","22","30","1","900"
"7dd7906b7fbe73ee05fa502bed121db2","6653","2024-07-08T22:30:00.000","38TH ST / MEDICAL PKWY","EASTBOUND","RIGHT TURN","true","1","7.0","0.0","1.4","0.0","7","8","2024","22","30","1","900"
"da2b83d83e8af7d801740e39916e6c13","6653","2024-07-08T22:30:00.000","38TH ST / MEDICAL PKWY","EASTBOUND","THRU","false","30","23.2","10.571","8.83","10.69","7","8","2024","22","30","1","900"
"3f8aac13975141f9ec0728b7bba7895e","6653","2024-07-08T22:30:00.000","38TH ST / MEDICAL PKWY","EASTBOUND","THRU","true","7","21.143","13.108","15.3","14.758","7","8","2024","22","30","1","900"
"3e7c8ffd76ca71c9607c250b90f5ba35","6653","2024-07-08T22:30:00.000","38TH ST / MEDICAL PKWY","NORTHBOUND","LEFT TURN","false","1","11.0","0.0","55.8","0.0","7","8","2024","22","30","1","900"
"3932f918065eb39183b4a2b805fc82ca","6653","2024-07-08T22:30:00.000","38TH ST / MEDICAL PKWY","NORTHBOUND","RIGHT TURN","false","1","2.0","0.0","10.8","0.0","7","8","2024","22","30","1","900"
"e8bbecd429b8d8950c261c61e34083fe","6653","2024-07-08T22:30:00.000","38TH ST / MEDICAL PKWY","NORTHBOUND","THRU","false","1","0.0","0.0","40.8","0.0","7","8","2024","22","30","1","900"
"9364d53fa2c17ac9d1acf4c6f77d5242","6653","2024-07-08T22:30:00.000","38TH ST / MEDICAL PKWY","SOUTHBOUND","LEFT TURN","true","1","4.0","0.0","10.5","0.0","7","8","2024","22","30","1","900"
"36b4f44e1b758ffa88ec85e3619ab15e","6653","2024-07-08T22:30:00.000","38TH ST / MEDICAL PKWY","SOUTHBOUND","THRU","false","1","6.0","0.0","0.2","0.0","7","8","2024","22","30","1","900"
"69dae85820c131de74bf589ba6eb8b89","6653","2024-07-08T22:30:00.000","38TH ST / MEDICAL PKWY","WESTBOUND","LEFT TURN","false","1","11.0","0.0","6.2","0.0","7","8","2024","22","30","1","900"
"e936aa4cf64f6a71b7ec00db22abc7cc","6653","2024-07-08T22:30:00.000","38TH ST / MEDICAL PKWY","WESTBOUND","LEFT TURN","true","1","25.0","0.0","1.4","0.0","7","8","2024","22","30","1","900"
"416f7204057236e3de1c53ef9293226c","6653","2024-07-08T22:30:00.000","38TH ST / MEDICAL PKWY","WESTBOUND","RIGHT TURN","true","1","9.0","0.0","23.5","0.0","7","8","2024","22","30","1","900"
"1e7994a069690e105b0453426ed0f749","6653","2024-07-08T22:30:00.000","38TH ST / MEDICAL PKWY","WESTBOUND","THRU","false","47","23.638","11.435","3.634","6.428","7","8","2024","22","30","1","900"
"43497e07b66a554d9160bb66e24962cf","6653","2024-07-08T22:30:00.000","38TH ST / MEDICAL PKWY","WESTBOUND","THRU","true","13","26.462","13.611","1.546","3.742","7","8","2024","22","30","1","900"
"10059907c773fb72cde9690dc2b408cd","6882","2024-07-08T22:30:00.000","AIRPORT BLVD / 51ST ST","EASTBOUND","LEFT TURN","false","1","3.0","0.0","0.1","0.0","7","8","2024","22","30","1","900"
"d60bd0d7d2d5f99f2d0d6f318be54f21","6882","2024-07-08T22:30:00.000","AIRPORT BLVD / 51ST ST","EASTBOUND","RIGHT TURN","true","1","8.0","0.0","2.5","0.0","7","8","2024","22","30","1","900"
"65ca6bb4fd15c64760945b24882ff937","6882","2024-07-08T22:30:00.000","AIRPORT BLVD / 51ST ST","EASTBOUND","THRU","false","8","10.5","5.398","1.075","0.838","7","8","2024","22","30","1","900"
"efe2e0772fe4ad8d9af8324a41999891","6882","2024-07-08T22:30:00.000","AIRPORT BLVD / 51ST ST","EASTBOUND","THRU","true","6","8.667","4.719","1.3","0.994","7","8","2024","22","30","1","900"
"0fd6b867224d99014d2544959625a5ee","6882","2024-07-08T22:30:00.000","AIRPORT BLVD / 51ST ST","NORTHBOUND","LEFT TURN","false","4","6.5","4.435","7.925","6.124","7","8","2024","22","30","1","900"
"2bcf7803c1fe4a1807fe221db9a1d04c","6882","2024-07-08T22:30:00.000","AIRPORT BLVD / 51ST ST","NORTHBOUND","LEFT TURN","true","3","8.333","7.371","7.867","8.951","7","8","2024","22","30","1","900"
"4f9b9d897ac7ed7a359924ba83175625","6882","2024-07-08T22:30:00.000","AIRPORT BLVD / 51ST ST","NORTHBOUND","THRU","false","26","21.269","10.046","2.115","4.645","7","8","2024","22","30","1","900"
"cc531cf18dd13ef0bf412efcba3fd890","6882","2024-07-08T22:30:00.000","AIRPORT BLVD / 51ST ST","NORTHBOUND","THRU","true","2","9.5","4.95","3.65","4.879","7","8","2024","22","30","1","900"
"05cbb904e5c3aaa969021b406ac3b2c9","6882","2024-07-08T22:30:00.000","AIRPORT BLVD / 51ST ST","SOUTHBOUND","LEFT TURN","false","3","7.667","7.095","2.333","1.935","7","8","2024","22","30","1","900"
"38a2274338a9ae915587c2770aa6297d","6882","2024-07-08T22:30:00.000","AIRPORT BLVD / 51ST ST","SOUTHBOUND","RIGHT TURN","false","1","14.0","0.0","2.6","0.0","7","8","2024","22","30","1","900"
"a2c8bb0ed6b1db20915cf5071ef1c190","6882","2024-07-08T22:30:00.000","AIRPORT BLVD / 51ST ST","SOUTHBOUND","THRU","false","15","26.4","13.184","9.653","15.048","7","8","2024","22","30","1","900"
"c1f6e9912bdf7628ff2cf2a4a81bdcd9","6882","2024-07-08T22:30:00.000","AIRPORT BLVD / 51ST ST","SOUTHBOUND","THRU","true","5","20.6","12.522","3.38","1.987","7","8","2024","22","30","1","900"
"c97d7fafade60f1e6601c8f0d2a6a8fd","6882","2024-07-08T22:30:00.000","AIRPORT BLVD / 51ST ST","WESTBOUND","LEFT TURN","false","2","1.5","0.707","3.35","0.354","7","8","2024","22","30","1","900"
"37ff9e93d30ced68e065549f098c3cfd","6882","2024-07-08T22:30:00.000","AIRPORT BLVD / 51ST ST","WESTBOUND","LEFT TURN","true","2","5.5","7.778","2.65","2.758","7","8","2024","22","30","1","900"
"5dfabd9e5593c217f9e4518ebb426d57","6882","2024-07-08T22:30:00.000","AIRPORT BLVD / 51ST ST","WESTBOUND","RIGHT TURN","false","6","2.5","2.95","9.233","11.747","7","8","2024","22","30","1","900"
"c9cbe699688f9db17dab825dda372b64","6882","2024-07-08T22:30:00.000","AIRPORT BLVD / 51ST ST","WESTBOUND","THRU","false","9","4.667","5.408","26.667","24.566","7","8","2024","22","30","1","900"
"113a85847ffc9b6ba7bb0c6ca6e98329","6882","2024-07-08T22:30:00.000","AIRPORT BLVD / 51ST ST","WESTBOUND","THRU","true","2","2.0","2.828","2.85","3.889","7","8","2024","22","30","1","900"
"5cbd95d276a16295d633db48448d878a","7038","2024-07-08T22:30:00.000","ANDERSON LN / SHOAL CREEK BLVD","EASTBOUND","RIGHT TURN","false","5","15.2","11.563","0.22","0.492","7","8","2024","22","30","1","900"
"e5b837fc074a6efb6de69d9508b3876a","7038","2024-07-08T22:30:00.000","ANDERSON LN / SHOAL CREEK BLVD","EASTBOUND","THRU","false","34","28.265","12.352","0.044","0.18","7","8","2024","22","30","1","900"
"839d2e519f5d5fd985f8c2b3efb5b62d","7038","2024-07-08T22:30:00.000","ANDERSON LN / SHOAL CREEK BLVD","EASTBOUND","THRU","true","3","29.0","13.077","0.0","0.0","7","8","2024","22","30","1","900"
"0f2e8cc6378dc41e9a6b32ef5a86af18","7038","2024-07-08T22:30:00.000","ANDERSON LN / SHOAL CREEK BLVD","NORTHBOUND","LEFT TURN","false","5","15.0","6.285","1.36","2.256","7","8","2024","22","30","1","900"
"3c11d4ff733e41cc184f753c11d18fc4","7038","2024-07-08T22:30:00.000","ANDERSON LN / SHOAL CREEK BLVD","NORTHBOUND","LEFT TURN","true","2","11.0","5.657","0.0","0.0","7","8","2024","22","30","1","900"
"e221ac9a8aa6cc3f0197d3ac39bf2d48","7038","2024-07-08T22:30:00.000","ANDERSON LN / SHOAL CREEK BLVD","SOUTHBOUND","LEFT TURN","false","3","12.667","1.528","0.0","0.0","7","8","2024","22","30","1","900"
"f16d77689a1d07b172925d5439116b25","7038","2024-07-08T22:30:00.000","ANDERSON LN / SHOAL CREEK BLVD","SOUTHBOUND","LEFT TURN","true","1","15.0","0.0","0.0","0.0","7","8","2024","22","30","1","900"
"1a6c0dd295102bb8fd466d52a7259708","7038","2024-07-08T22:30:00.000","ANDERSON LN / SHOAL CREEK BLVD","SOUTHBOUND","RIGHT TURN","false","1","12.0","0.0","0.0","0.0","7","8","2024","22","30","1","900"
"d98dcbb86a596199c3ff68a06f190aa0","7038","2024-07-08T22:30:00.000","ANDERSON LN / SHOAL CREEK BLVD","SOUTHBOUND","THRU","false","4","17.5","7.047","0.0","0.0","7","8","2024","22","30","1","900"
"862ff6c83849f17099e4a7bfd414be41","7038","2024-07-08T22:30:00.000","ANDERSON LN / SHOAL CREEK BLVD","WESTBOUND","THRU","false","19","17.316","9.493","0.0","0.0","7","8","2024","22","30","1","900"
"a3cfccac4b9357fa250218f7ceb2420c","7038","2024-07-08T22:30:00.000","ANDERSON LN / SHOAL CREEK BLVD","WESTBOUND","THRU","true","2","14.0","5.657","0.0","0.0","7","8","2024","22","30","1","900"
"c207be2f829c813a10b7a86e88dd5ef8","7343","2024-07-08T22:30:00.000","RIVERSIDE DR / BURTON DR","EASTBOUND","LEFT TURN","false","9","15.667","4.664","2.044","2.011","7","8","2024","22","30","1","900"
"092c2f00562381fc43cd4cfd2790f84d","7343","2024-07-08T22:30:00.000","RIVERSIDE DR / BURTON DR","EASTBOUND","LEFT TURN","true","2","4.5","6.364","0.1","0.141","7","8","2024","22","30","1","900"
"e934fda926ffc586e36657b4d517839d","7343","2024-07-08T22:30:00.000","RIVERSIDE DR / BURTON DR","EASTBOUND","RIGHT TURN","true","2","0.0","0.0","5.45","0.778","7","8","2024","22","30","1","900"
"8e016750ad14ad41f0b12f69b1156568","7343","2024-07-08T22:30:00.000","RIVERSIDE DR / BURTON DR","EASTBOUND","THRU","false","34","19.735","7.399","8.456","17.971","7","8","2024","22","30","1","900"
"ea05e392e29dbc7529ece14b43f9b820","7343","2024-07-08T22:30:00.000","RIVERSIDE DR / BURTON DR","EASTBOUND","THRU","true","19","10.105","10.488","6.584","12.32","7","8","2024","22","30","1","900"
"e9ba0c25a3a0f06cd2a9503b516e6620","7343","2024-07-08T22:30:00.000","RIVERSIDE DR / BURTON DR","NORTHBOUND","LEFT TURN","false","6","11.667","6.377","12.617","23.156","7","8","2024","22","30","1","900"
"80d4ffe507931d1a9d11da0062ba728b","7343","2024-07-08T22:30:00.000","RIVERSIDE DR / BURTON DR","NORTHBOUND","LEFT TURN","true","19","24.526","7.884","4.584","8.168","7","8","2024","22","30","1","900"
"d5d4268db63b1b9d360a924cad4a3fdf","7343","2024-07-08T22:30:00.000","RIVERSIDE DR / BURTON DR","NORTHBOUND","RIGHT TURN","true","2","4.5","6.364","0.45","0.495","7","8","2024","22","30","1","900"
"a654373ddd403c5ede6bea4df1d6f19a","7343","2024-07-08T22:30:00.000","RIVERSIDE DR / BURTON DR","NORTHBOUND","THRU","false","4","26.0","16.31","16.325","29.301","7","8","2024","22","30","1","900"
"45623745d98d0fe70dd5324021ef54f9","7343","2024-07-08T22:30:00.000","RIVERSIDE DR / BURTON DR","NORTHBOUND","THRU","true","5","23.4","4.219","0.84","1.442","7","8","2024","22","30","1","900"
"42d2021108b3406af3abadb17fabfdea","7343","2024-07-08T22:30:00.000","RIVERSIDE DR / BURTON DR","SOUTHBOUND","LEFT TURN","false","4","16.25","2.062","1.5","1.659","7","8","2024","22","30","1","900"
"4cdea1af9f47ea9ddff9dd1701c0cc16","7343","2024-07-08T22:30:00.000","RIVERSIDE DR / BURTON DR","SOUTHBOUND","LEFT TURN","true","1","13.0","0.0","32.5","0.0","7","8","2024","22","30","1","900"
"6e67310428dfc8217b6dac21d5c6f884","7343","2024-07-08T22:30:00.000","RIVERSIDE DR / BURTON DR","SOUTHBOUND","RIGHT TURN","false","6","9.333","4.633","4.917","2.788","7","8","2024","22","30","1","900"
"310e57ad7c4b73a10b63d31cf2f64b64","7343","2024-07-08T22:30:00.000","RIVERSIDE DR / BURTON DR","SOUTHBOUND","RIGHT TURN","true","16","7.375","3.594","9.631","20.648","7","8","2024","22","30","1","900"
"844f1f4f06b3581deb4ab872c5baa6a6","7343","2024-07-08T22:30:00.000","RIVERSIDE DR / BURTON DR","SOUTHBOUND","THRU","false","3","13.333","2.082","13.767","15.102","7","8","2024","22","30","1","900"
"a1eff8c4bda033b8fb620983373d02fc","7343","2024-07-08T22:30:00.000","RIVERSIDE DR / BURTON DR","SOUTHBOUND","THRU","true","5","17.8","7.19","22.5","28.701","7","8","2024","22","30","1","900"
"31d1af838970bc6a6a409326bf21de31","7343","2024-07-08T22:30:00.000","RIVERSIDE DR / BURTON DR","WESTBOUND","LEFT TURN","false","6","13.333","4.633","17.917","30.31","7","8","2024","22","30","1","900"
"dc03d1d5dd4f430d9966b3c3ccd033de","7343","2024-07-08T22:30:00.000","RIVERSIDE DR / BURTON DR","WESTBOUND","LEFT TURN","true","5","10.2","6.14","34.92","35.359","7","8","2024","22","30","1","900"
"de401c930346501eb6d8dd9853c5ee1c","7343","2024-07-08T22:30:00.000","RIVERSIDE DR / BURTON DR","WESTBOUND","RIGHT TURN","false","4","0.0","0.0","3.7","2.436","7","8","2024","22","30","1","900"
"c2eeb203ff5996f7ebaa5f6c88627cc2","7343","2024-07-08T22:30:00.000","RIVERSIDE DR / BURTON DR","WESTBOUND","RIGHT TURN","true","1","0.0","0.0","15.6","0.0","7","8","2024","22","30","1","900"
"eafa6a5010897218b29dbbc28c250f2f","7343","2024-07-08T22:30:00.000","RIVERSIDE DR / BURTON DR","WESTBOUND","THRU","false","42","23.905","16.579","9.09","15.684","7","8","2024","22","30","1","900"
"cc48d84c47f9d7333247bbd7a9cc9f3b","7343","2024-07-08T22:30:00.000","RIVERSIDE DR / BURTON DR","WESTBOUND","THRU","true","37","17.216","14.642","10.892","16.209","7","8","2024","22","30","1","900"
"bf5917114562a4adba7c19fbee3d47ff","6382","2024-07-08T22:30:00.000","FM 620 RD / DEERBROOK TRL","EASTBOUND","THRU","false","35","43.829","4.349","1.111","0.303","7","8","2024","22","30","1","900"
"9050a78624c8bb5e84e876c650102292","6382","2024-07-08T22:30:00.000","FM 620 RD / DEERBROOK TRL","EASTBOUND","THRU","true","38","42.921","5.509","1.155","0.377","7","8","2024","22","30","1","900"
"82f7849b944fd72bd6b2de1bbb35be0a","6382","2024-07-08T22:30:00.000","FM 620 RD / DEERBROOK TRL","NORTHBOUND","RIGHT TURN","false","1","7.0","0.0","9.6","0.0","7","8","2024","22","30","1","900"
"d3e93a9ac16924069cbeb08c4d711636","6382","2024-07-08T22:30:00.000","FM 620 RD / DEERBROOK TRL","NORTHBOUND","RIGHT TURN","true","1","9.0","0.0","7.8","0.0","7","8","2024","22","30","1","900"
"b1195b867aa2eff1f87aff94febbbc58","6382","2024-07-08T22:30:00.000","FM 620 RD / DEERBROOK TRL","WESTBOUND","THRU","false","23","38.304","8.987","1.926","1.093","7","8","2024","22","30","1","900"
"1d856441169e39e25926f3299a305529","6382","2024-07-08T22:30:00.000","FM 620 RD / DEERBROOK TRL","WESTBOUND","THRU","true","6","38.333","4.082","1.883","1.197","7","8","2024","22","30","1","900"
"0be9cd2c2795483b89f90368943922b7","6881","2024-07-08T22:30:00.000","SLAUGHTER LN / LINDSHIRE LN","EASTBOUND","THRU","false","6","31.833","13.091","1.083","0.643","7","8","2024","22","30","1","900"
"2ea0e0139e6669ad53c9ea6b7200f918","6881","2024-07-08T22:30:00.000","SLAUGHTER LN / LINDSHIRE LN","EASTBOUND","THRU","true","7","35.714","4.608","0.9","0.64","7","8","2024","22","30","1","900"
"35bf76f42b813f20f02e07a75bbec9fa","6881","2024-07-08T22:30:00.000","SLAUGHTER LN / LINDSHIRE LN","NORTHBOUND","RIGHT TURN","false","1","7.0","0.0","7.4","0.0","7","8","2024","22","30","1","900"
"fd37300bf7b7d48ced9ebaea2c782f84","6881","2024-07-08T22:30:00.000","SLAUGHTER LN / LINDSHIRE LN","NORTHBOUND","THRU","true","1","0.0","0.0","23.8","0.0","7","8","2024","22","30","1","900"
"818452cb051f472bb268f6653f1263db","6881","2024-07-08T22:30:00.000","SLAUGHTER LN / LINDSHIRE LN","WESTBOUND","LEFT TURN","false","2","9.0","1.414","1.8","2.404","7","8","2024","22","30","1","900"
"1d5aa4a41a7343b313f3f03543b4b579","6881","2024-07-08T22:30:00.000","SLAUGHTER LN / LINDSHIRE LN","WESTBOUND","LEFT TURN","true","1","14.0","0.0","3.5","0.0","7","8","2024","22","30","1","900"
"ed3aff9f0d6e1b8b29945fa89ef6cb91","6881","2024-07-08T22:30:00.000","SLAUGHTER LN / LINDSHIRE LN","WESTBOUND","THRU","false","14","29.5","2.767","1.971","0.354","7","8","2024","22","30","1","900"
"a2c8e5dd1a2c121687975f59efe698b5","6881","2024-07-08T22:30:00.000","SLAUGHTER LN / LINDSHIRE LN","WESTBOUND","THRU","true","18","26.389","7.081","2.522","1.071","7","8","2024","22","30","1","900"
"f1a5f518583fde69c5f099560a868494","6808","2024-07-08T22:30:00.000","OLTORF ST / 4TH ST","EASTBOUND","LEFT TURN","true","1","7.0","0.0","1.1","0.0","7","8","2024","22","30","1","900"
"99c8197aa5e89737218b28fc19352bea","6808","2024-07-08T22:30:00.000","OLTORF ST / 4TH ST","EASTBOUND","THRU","false","37","8.622","3.861","8.765","18.689","7","8","2024","22","30","1","900"
"1157fbb862b8913d9b616486da5b0da1","6808","2024-07-08T22:30:00.000","OLTORF ST / 4TH ST","EASTBOUND","THRU","true","3","6.0","0.0","3.433","3.696","7","8","2024","22","30","1","900"
"2aaba605b04e91c7e1f77611394fa009","6808","2024-07-08T22:30:00.000","OLTORF ST / 4TH ST","NORTHBOUND","LEFT TURN","false","3","5.667","2.082","11.733","19.631","7","8","2024","22","30","1","900"
"1f888837767a52d22a166ef54f42c066","6808","2024-07-08T22:30:00.000","OLTORF ST / 4TH ST","NORTHBOUND","RIGHT TURN","false","1","4.0","0.0","6.3","0.0","7","8","2024","22","30","1","900"
"11d22a149279d4d95d733cc399b91d7a","6808","2024-07-08T22:30:00.000","OLTORF ST / 4TH ST","NORTHBOUND","THRU","false","10","6.8","4.826","15.93","23.127","7","8","2024","22","30","1","900"
"4b0d948c9fe28a5a8b05c78e5dabf555","6808","2024-07-08T22:30:00.000","OLTORF ST / 4TH ST","NORTHBOUND","THRU","true","8","9.5","4.243","14.612","18.421","7","8","2024","22","30","1","900"
"3431b14939bd5e4e5804f65578d9d689","6808","2024-07-08T22:30:00.000","OLTORF ST / 4TH ST","SOUTHBOUND","LEFT TURN","false","2","5.0","0.0","1.5","0.424","7","8","2024","22","30","1","900"
"a6ba67a3eba6a1d3736f3708493c67ca","6808","2024-07-08T22:30:00.000","OLTORF ST / 4TH ST","SOUTHBOUND","LEFT TURN","true","2","3.0","4.243","0.1","0.0","7","8","2024","22","30","1","900"
"dc01868dc3231b8ed36ae10c80fa7dc5","6808","2024-07-08T22:30:00.000","OLTORF ST / 4TH ST","SOUTHBOUND","THRU","false","19","10.316","3.513","7.032","14.75","7","8","2024","22","30","1","900"
"9e81bc7d86c5e4a01b54ca22cfd2882d","6808","2024-07-08T22:30:00.000","OLTORF ST / 4TH ST","SOUTHBOUND","THRU","true","1","5.0","0.0","31.5","0.0","7","8","2024","22","30","1","900"
"43533a911662ca508ccfa82398c3e7b2","6808","2024-07-08T22:30:00.000","OLTORF ST / 4TH ST","WESTBOUND","LEFT TURN","false","4","5.5","1.291","11.075","11.849","7","8","2024","22","30","1","900"
"a0e4a35903e56e0db950c12778e4c11b","6808","2024-07-08T22:30:00.000","OLTORF ST / 4TH ST","WESTBOUND","THRU","false","6","6.333","1.366","15.633","21.652","7","8","2024","22","30","1","900"
"f31bd2e14a1f9d732fc62c46da80f883","6808","2024-07-08T22:30:00.000","OLTORF ST / 4TH ST","WESTBOUND","THRU","true","10","5.0","3.266","13.34","23.942","7","8","2024","22","30","1","900"
"0da15f280c00ab317c94e809982f878b","6653","2024-07-08T22:15:00.000","38TH ST / MEDICAL PKWY","EASTBOUND","LEFT TURN","false","2","17.5","4.95","2.8","0.566","7","8","2024","22","15","1","900"
"aa49a4a0ab996ded58a2e088f6defa46","6653","2024-07-08T22:15:00.000","38TH ST / MEDICAL PKWY","EASTBOUND","RIGHT TURN","false","2","9.5","0.707","1.35","0.212","7","8","2024","22","15","1","900"
"bf045940b4e6757e2e1db8c9606c5089","6653","2024-07-08T22:15:00.000","38TH ST / MEDICAL PKWY","EASTBOUND","THRU","false","34","26.441","12.828","7.682","12.575","7","8","2024","22","15","1","900"
"749572c902682ccb486c854cfde33bf9","6653","2024-07-08T22:15:00.000","38TH ST / MEDICAL PKWY","EASTBOUND","THRU","true","8","19.25","11.829","10.438","13.322","7","8","2024","22","15","1","900"
"8c68c31a1690869fc906c91c9851f3ec","6653","2024-07-08T22:15:00.000","38TH ST / MEDICAL PKWY","NORTHBOUND","LEFT TURN","false","1","11.0","0.0","27.3","0.0","7","8","2024","22","15","1","900"
"a6ca12a9e7a296c80b0fe6d8c8a2df17","6653","2024-07-08T22:15:00.000","38TH ST / MEDICAL PKWY","NORTHBOUND","LEFT TURN","true","1","6.0","0.0","4.3","0.0","7","8","2024","22","15","1","900"
"c7a8d98a2d672f0c45002f43dfa9b59b","6653","2024-07-08T22:15:00.000","38TH ST / MEDICAL PKWY","NORTHBOUND","RIGHT TURN","false","2","0.0","0.0","10.5","1.131","7","8","2024","22","15","1","900"
"328d25a85460b47b6d53699f7e08282b","6653","2024-07-08T22:15:00.000","38TH ST / MEDICAL PKWY","SOUTHBOUND","LEFT TURN","true","1","9.0","0.0","1.2","0.0","7","8","2024","22","15","1","900"
"8b6346c6ddef2069a743c635a1990c29","6653","2024-07-08T22:15:00.000","38TH ST / MEDICAL PKWY","SOUTHBOUND","THRU","false","2","6.5","0.707","5.15","5.02","7","8","2024","22","15","1","900"
"2c3774b34c7e186acea4b07c5dbbd258","6653","2024-07-08T22:15:00.000","38TH ST / MEDICAL PKWY","WESTBOUND","LEFT TURN","false","2","12.5","3.536","2.5","0.141","7","8","2024","22","15","1","900"
"7b3bdacf6c5800631babe93e2b04cdc2","6653","2024-07-08T22:15:00.000","38TH ST / MEDICAL PKWY","WESTBOUND","THRU","false","46","26.609","10.166","4.098","8.896","7","8","2024","22","15","1","900"
"3d808acfff6dbabf1409c8cf2370d47c","6653","2024-07-08T22:15:00.000","38TH ST / MEDICAL PKWY","WESTBOUND","THRU","true","13","27.846","12.192","5.323","12.553","7","8","2024","22","15","1","900"
"60429f676005dfb627764ec92b83b71e","6882","2024-07-08T22:15:00.000","AIRPORT BLVD / 51ST ST","EASTBOUND","LEFT TURN","true","1","3.0","0.0","16.0","0.0","7","8","2024","22","15","1","900"
"52a1a88797f63e9b2052ab780ff94a1f","6882","2024-07-08T22:15:00.000","AIRPORT BLVD / 51ST ST","EASTBOUND","RIGHT TURN","false","4","12.0","3.742","2.6","3.738","7","8","2024","22","15","1","900"
"c4983c807cb0094aade6d5cd459f0617","6882","2024-07-08T22:15:00.000","AIRPORT BLVD / 51ST ST","EASTBOUND","RIGHT TURN","true","1","6.0","0.0","0.2","0.0","7","8","2024","22","15","1","900"
"9168f39a00034e25ba4014ef1f3a8e41","6882","2024-07-08T22:15:00.000","AIRPORT BLVD / 51ST ST","EASTBOUND","THRU","false","24","13.167","6.411","3.946","11.581","7","8","2024","22","15","1","900"
"7259e2045f14582b66a148cd5c2daa28","6882","2024-07-08T22:15:00.000","AIRPORT BLVD / 51ST ST","EASTBOUND","THRU","true","15","13.0","3.964","1.08","0.82","7","8","2024","22","15","1","900"
"8037beb585c3cbb1cb633389f0866449","6882","2024-07-08T22:15:00.000","AIRPORT BLVD / 51ST ST","NORTHBOUND","LEFT TURN","true","3","7.333","6.429","2.633","0.702","7","8","2024","22","15","1","900"
"416c2423e6a91c0b9aa75c6c44f20a72","6882","2024-07-08T22:15:00.000","AIRPORT BLVD / 51ST ST","NORTHBOUND","THRU","false","34","18.353","9.477","3.088","6.91","7","8","2024","22","15","1","900"
"00d37129d21a900d1b8c68436cbcbe5c","6882","2024-07-08T22:15:00.000","AIRPORT BLVD / 51ST ST","NORTHBOUND","THRU","true","5","8.6","3.209","1.62","2.505","7","8","2024","22","15","1","900"
"0b19d3cac619bc116fd03ece5c9cac04","6882","2024-07-08T22:15:00.000","AIRPORT BLVD / 51ST ST","SOUTHBOUND","LEFT TURN","false","5","14.6","6.542","3.48","3.013","7","8","2024","22","15","1","900"
"441cc03d24ddc5dff7cfaaf8aa8dacdd","6882","2024-07-08T22:15:00.000","AIRPORT BLVD / 51ST ST","SOUTHBOUND","LEFT TURN","true","1","0.0","0.0","0.4","0.0","7","8","2024","22","15","1","900"
"22337f75f6642c18b652496892dfa701","6882","2024-07-08T22:15:00.000","AIRPORT BLVD / 51ST ST","SOUTHBOUND","RIGHT TURN","false","2","7.5","3.536","4.15","0.636","7","8","2024","22","15","1","900"
"deaf1966f5e91a19f83363c7fb76f691","6882","2024-07-08T22:15:00.000","AIRPORT BLVD / 51ST ST","SOUTHBOUND","THRU","false","26","27.423","14.25","8.388","13.216","7","8","2024","22","15","1","900"
"263ed5697bbf875b02de10889d43fb75","6882","2024-07-08T22:15:00.000","AIRPORT BLVD / 51ST ST","SOUTHBOUND","THRU","true","7","28.571","14.432","6.957","13.389","7","8","2024","22","15","1","900"
"eaa751df09f70d42e12783c616e4b004","6882","2024-07-08T22:15:00.000","AIRPORT BLVD / 51ST ST","WESTBOUND","LEFT TURN","true","4","5.25","4.113","14.6","25.632","7","8","2024","22","15","1","900"
"54baebbbf626f07334a120b8d47be16a","6882","2024-07-08T22:15:00.000","AIRPORT BLVD / 51ST ST","WESTBOUND","RIGHT TURN","false","6","1.0","1.673","13.783","18.991","7","8","2024","22","15","1","900"
"a4477c7c03b750bd0aa05b315fe4c6ef","6882","2024-07-08T22:15:00.000","AIRPORT BLVD / 51ST ST","WESTBOUND","THRU","false","9","3.556","6.247","26.522","25.97","7","8","2024","22","15","1","900"
"1a94189ccc827b01c5c7e15d860366b2","6882","2024-07-08T22:15:00.000","AIRPORT BLVD / 51ST ST","WESTBOUND","THRU","true","1","0.0","0.0","2.5","0.0","7","8","2024","22","15","1","900"
"7d0953d15303c0e48f81240d56ec3ecc","7038","2024-07-08T22:15:00.000","ANDERSON LN / SHOAL CREEK BLVD","EASTBOUND","LEFT TURN","false","1","9.0","0.0","0.0","0.0","7","8","2024","22","15","1","900"
"ad50508208e717c31a605d5c79b75fdd","7038","2024-07-08T22:15:00.000","ANDERSON LN / SHOAL CREEK BLVD","EASTBOUND","LEFT TURN","true","2","7.5","2.121","0.0","0.0","7","8","2024","22","15","1","900"
"1478583846d64f41d2575ec8a7ca291d","7038","2024-07-08T22:15:00.000","ANDERSON LN / SHOAL CREEK BLVD","EASTBOUND","RIGHT TURN","false","8","8.875","4.581","0.0","0.0","7","8","2024","22","15","1","900"
"905bb618fcf228ad8e540f2a0591584f","7038","2024-07-08T22:15:00.000","ANDERSON LN / SHOAL CREEK BLVD","EASTBOUND","RIGHT TURN","true","2","6.0","4.243","0.0","0.0","7","8","2024","22","15","1","900"
"7913bcd761903f21fc7acc824618924f","7038","2024-07-08T22:15:00.000","ANDERSON LN / SHOAL CREEK BLVD","EASTBOUND","THRU","false","43","28.977","12.391","0.084","0.267","7","8","2024","22","15","1","900"
"bcb69c804733e6d343f4081dddd6204a","7038","2024-07-08T22:15:00.000","ANDERSON LN / SHOAL CREEK BLVD","EASTBOUND","THRU","true","8","23.25","11.399","0.0","0.0","7","8","2024","22","15","1","900"
"57a79d13bbec0ce298442e81a5bb1ab1","7038","2024-07-08T22:15:00.000","ANDERSON LN / SHOAL CREEK BLVD","NORTHBOUND","LEFT TURN","false","1","16.0","0.0","0.0","0.0","7","8","2024","22","15","1","900"
"0cf445aa339404a5f66cc4c1af52e608","7038","2024-07-08T22:15:00.000","ANDERSON LN / SHOAL CREEK BLVD","NORTHBOUND","LEFT TURN","true","1","2.0","0.0","5.7","0.0","7","8","2024","22","15","1","900"
"02035c33358dae511688f38c0818c3c6","7038","2024-07-08T22:15:00.000","ANDERSON LN / SHOAL CREEK BLVD","NORTHBOUND","RIGHT TURN","false","1","8.0","0.0","5.5","0.0","7","8","2024","22","15","1","900"
"efcf041e69ea0f0368e8a2a46bf752eb","7038","2024-07-08T22:15:00.000","ANDERSON LN / SHOAL CREEK BLVD","NORTHBOUND","THRU","true","1","10.0","0.0","0.0","0.0","7","8","2024","22","15","1","900"
"2548ebb3bb0f07ce908072dbd710ec02","7038","2024-07-08T22:15:00.000","ANDERSON LN / SHOAL CREEK BLVD","SOUTHBOUND","LEFT TURN","false","6","12.833","3.764","0.0","0.0","7","8","2024","22","15","1","900"
"450a546980a4a83e0c1859fdd4beabc1","7038","2024-07-08T22:15:00.000","ANDERSON LN / SHOAL CREEK BLVD","SOUTHBOUND","LEFT TURN","true","2","11.0","0.0","0.0","0.0","7","8","2024","22","15","1","900"
"9e1f5daae71f7a27949daae30bb6557a","7038","2024-07-08T22:15:00.000","ANDERSON LN / SHOAL CREEK BLVD","SOUTHBOUND","RIGHT TURN","false","1","10.0","0.0","0.0","0.0","7","8","2024","22","15","1","900"
"1c8b53dcd3e99ef1607e83691cf39f33","7038","2024-07-08T22:15:00.000","ANDERSON LN / SHOAL CREEK BLVD","SOUTHBOUND","THRU","false","1","11.0","0.0","0.0","0.0","7","8","2024","22","15","1","900"
"2d8f97209d717e5177ddcb1693aa5251","7038","2024-07-08T22:15:00.000","ANDERSON LN / SHOAL CREEK BLVD","WESTBOUND","THRU","false","22","18.045","9.993","0.0","0.0","7","8","2024","22","15","1","900"
"91d0a6a4315b7bc94e3dc64e2cf79ea6","7038","2024-07-08T22:15:00.000","ANDERSON LN / SHOAL CREEK BLVD","WESTBOUND","THRU","true","5","22.4","6.804","0.0","0.0","7","8","2024","22","15","1","900"
"d07e2b46ac03ac1c38e1516775ec85f8","7343","2024-07-08T22:15:00.000","RIVERSIDE DR / BURTON DR","EASTBOUND","LEFT TURN","false","6","9.0","8.367","29.867","45.278","7","8","2024","22","15","1","900"
"2bc38742e0cf803ea2a70eb8f4cbfba0","7343","2024-07-08T22:15:00.000","RIVERSIDE DR / BURTON DR","EASTBOUND","LEFT TURN","true","4","10.75","3.862","21.675","39.184","7","8","2024","22","15","1","900"
"c8b6fb93c54c375fb807774153e1a3ce","7343","2024-07-08T22:15:00.000","RIVERSIDE DR / BURTON DR","EASTBOUND","THRU","false","39","17.974","6.579","6.903","16.809","7","8","2024","22","15","1","900"
"695c7e8d75d8aba981a99b22d2e74429","7343","2024-07-08T22:15:00.000","RIVERSIDE DR / BURTON DR","EASTBOUND","THRU","true","20","18.0","8.278","2.865","3.63","7","8","2024","22","15","1","900"
"2865c2efa7ff151a507af20022c850ad","7343","2024-07-08T22:15:00.000","RIVERSIDE DR / BURTON DR","NORTHBOUND","LEFT TURN","false","2","17.5","2.121","4.9","2.121","7","8","2024","22","15","1","900"
"10e1698f963cd2e35ae6e4f0beeaa2fd","7343","2024-07-08T22:15:00.000","RIVERSIDE DR / BURTON DR","NORTHBOUND","LEFT TURN","true","12","26.667","11.122","4.55","6.904","7","8","2024","22","15","1","900"
"df78706f1a0468b61d9830b78718d37c","7343","2024-07-08T22:15:00.000","RIVERSIDE DR / BURTON DR","NORTHBOUND","RIGHT TURN","true","2","0.0","0.0","0.05","0.071","7","8","2024","22","15","1","900"
"4eae1704d78e2f5ecab3058ada622335","7343","2024-07-08T22:15:00.000","RIVERSIDE DR / BURTON DR","NORTHBOUND","THRU","false","4","8.5","6.856","0.85","1.121","7","8","2024","22","15","1","900"
"e6065ac8a03b651e5f040882f7c21680","7343","2024-07-08T22:15:00.000","RIVERSIDE DR / BURTON DR","NORTHBOUND","THRU","true","3","17.667","21.079","0.9","0.173","7","8","2024","22","15","1","900"
"3eb5c47e9573918c3d2023b2152f9fea","7343","2024-07-08T22:15:00.000","RIVERSIDE DR / BURTON DR","SOUTHBOUND","LEFT TURN","false","4","16.25","5.058","9.425","10.094","7","8","2024","22","15","1","900"
"c6459f31f003f6435b0d791eb2a61c14","7343","2024-07-08T22:15:00.000","RIVERSIDE DR / BURTON DR","SOUTHBOUND","LEFT TURN","true","2","18.5","2.121","4.55","3.323","7","8","2024","22","15","1","900"
"4adc7791b94eef5c39f5892b987d4eba","7343","2024-07-08T22:15:00.000","RIVERSIDE DR / BURTON DR","SOUTHBOUND","RIGHT TURN","false","5","8.2","1.643","6.6","4.055","7","8","2024","22","15","1","900"
"855247e27d3bc9d2d2943ec7e505c0a2","7343","2024-07-08T22:15:00.000","RIVERSIDE DR / BURTON DR","SOUTHBOUND","RIGHT TURN","true","14","8.214","3.704","7.836","7.006","7","8","2024","22","15","1","900"
"24ee0e99c1fe75b14e06913ade938b66","7343","2024-07-08T22:15:00.000","RIVERSIDE DR / BURTON DR","SOUTHBOUND","THRU","false","3","23.667","7.234","2.133","1.856","7","8","2024","22","15","1","900"
"c4f365258da044cb9e45a80e3f188646","7343","2024-07-08T22:15:00.000","RIVERSIDE DR / BURTON DR","SOUTHBOUND","THRU","true","2","14.0","1.414","13.95","13.506","7","8","2024","22","15","1","900"
"20a790d9f6e2013c1b9648ca90cae73b","7343","2024-07-08T22:15:00.000","RIVERSIDE DR / BURTON DR","WESTBOUND","LEFT TURN","false","16","14.875","2.68","22.025","27.161","7","8","2024","22","15","1","900"
"7a2c5f0d52ec8789b84bd38dbccd67f0","7343","2024-07-08T22:15:00.000","RIVERSIDE DR / BURTON DR","WESTBOUND","RIGHT TURN","false","6","0.0","0.0","5.033","2.299","7","8","2024","22","15","1","900"
"7563991e29583dedcd238d7adba195c6","7343","2024-07-08T22:15:00.000","RIVERSIDE DR / BURTON DR","WESTBOUND","THRU","false","32","19.688","18.593","14.1","23.285","7","8","2024","22","15","1","900"
"ca4e079661c2afc20fa481e6b2d07b3f","7343","2024-07-08T22:15:00.000","RIVERSIDE DR / BURTON DR","WESTBOUND","THRU","true","43","14.628","15.619","15.044","18.252","7","8","2024","22","15","1","900"
"18a07f66f350574776a2157d074a974d","6382","2024-07-08T22:15:00.000","FM 620 RD / DEERBROOK TRL","EASTBOUND","THRU","false","35","42.657","6.508","1.157","0.417","7","8","2024","22","15","1","900"
"86787ca6d4f908c10237341398f22b98","6382","2024-07-08T22:15:00.000","FM 620 RD / DEERBROOK TRL","EASTBOUND","THRU","true","36","42.75","7.81","1.231","0.443","7","8","2024","22","15","1","900"
"08ff1c93924c7f17b9e4ac83c6d64595","6382","2024-07-08T22:15:00.000","FM 620 RD / DEERBROOK TRL","NORTHBOUND","LEFT TURN","false","1","7.0","0.0","92.1","0.0","7","8","2024","22","15","1","900"
"c609df17a59f98378a401612a7bdb755","6382","2024-07-08T22:15:00.000","FM 620 RD / DEERBROOK TRL","NORTHBOUND","RIGHT TURN","false","2","8.0","0.0","15.75","1.768","7","8","2024","22","15","1","900"
"caa71da8feba42c5504a2be7c4f1c04b","6382","2024-07-08T22:15:00.000","FM 620 RD / DEERBROOK TRL","NORTHBOUND","RIGHT TURN","true","4","6.75","1.708","6.1","4.752","7","8","2024","22","15","1","900"
"cac55f33a85878b8ffd27a09c0b1e84a","6382","2024-07-08T22:15:00.000","FM 620 RD / DEERBROOK TRL","WESTBOUND","LEFT TURN","true","2","0.5","0.707","5.95","0.495","7","8","2024","22","15","1","900"
"26c4cd96ee0581253e8a28e48fde8c5c","6382","2024-07-08T22:15:00.000","FM 620 RD / DEERBROOK TRL","WESTBOUND","THRU","false","16","41.625","7.265","1.931","1.15","7","8","2024","22","15","1","900"
"ddf0d6a577d91536162b6d2850e01d49","6382","2024-07-08T22:15:00.000","FM 620 RD / DEERBROOK TRL","WESTBOUND","THRU","true","15","38.867","8.774","2.293","1.952","7","8","2024","22","15","1","900"
"f44cd6f51e5a01a5f167180fa1753aa7","6881","2024-07-08T22:15:00.000","SLAUGHTER LN / LINDSHIRE LN","EASTBOUND","THRU","false","7","31.714","10.128","0.8","0.668","7","8","2024","22","15","1","900"
"77b73114f52079b179f92405028aa37e","6881","2024-07-08T22:15:00.000","SLAUGHTER LN / LINDSHIRE LN","EASTBOUND","THRU","true","8","30.125","10.48","0.975","0.654","7","8","2024","22","15","1","900"
"dad8a56ab1d668a12cbd586f47fac465","6881","2024-07-08T22:15:00.000","SLAUGHTER LN / LINDSHIRE LN","NORTHBOUND","LEFT TURN","false","1","0.0","0.0","16.9","0.0","7","8","2024","22","15","1","900"
"19420c323170afc3cf47823f98aebe21","6881","2024-07-08T22:15:00.000","SLAUGHTER LN / LINDSHIRE LN","NORTHBOUND","THRU","false","1","0.0","0.0","5.1","0.0","7","8","2024","22","15","1","900"
"788ef8be06beb3c3e6074d9197d6fe88","6881","2024-07-08T22:15:00.000","SLAUGHTER LN / LINDSHIRE LN","WESTBOUND","LEFT TURN","false","1","8.0","0.0","0.4","0.0","7","8","2024","22","15","1","900"
"16df36f3a6b4a9816d76d52dfa265761","6881","2024-07-08T22:15:00.000","SLAUGHTER LN / LINDSHIRE LN","WESTBOUND","LEFT TURN","true","1","12.0","0.0","4.2","0.0","7","8","2024","22","15","1","900"
"d086c37876fa019e862b464e47f75445","6881","2024-07-08T22:15:00.000","SLAUGHTER LN / LINDSHIRE LN","WESTBOUND","THRU","false","20","30.75","3.193","1.89","0.506","7","8","2024","22","15","1","900"
"ac97b6a725106152a281690bdb653027","6881","2024-07-08T22:15:00.000","SLAUGHTER LN / LINDSHIRE LN","WESTBOUND","THRU","true","40","30.125","4.02","2.048","0.249","7","8","2024","22","15","1","900"
"2d40d0ae241f8fdc5af64248f6ed41ce","6808","2024-07-08T22:15:00.000","OLTORF ST / 4TH ST","EASTBOUND","LEFT TURN","false","1","5.0","0.0","1.4","0.0","7","8","2024","22","15","1","900"
"e2f45505d22ac80aae8632cdc4494b4c","6808","2024-07-08T22:15:00.000","OLTORF ST / 4TH ST","EASTBOUND","THRU","false","20","8.65","4.475","6.635","14.138","7","8","2024","22","15","1","900"
"50d70c47a47b1b2a8432cb306e060e2e","6808","2024-07-08T22:15:00.000","OLTORF ST / 4TH ST","EASTBOUND","THRU","true","4","6.0","1.414","22.05","25.277","7","8","2024","22","15","1","900"
"2823a7dbeb7d31f6443a368f4a0169e3","6808","2024-07-08T22:15:00.000","OLTORF ST / 4TH ST","NORTHBOUND","LEFT TURN","false","3","4.0","1.0","0.267","0.289","7","8","2024","22","15","1","900"
"ec4abe7e1f37d2025e27f86879d344ac","6808","2024-07-08T22:15:00.000","OLTORF ST / 4TH ST","NORTHBOUND","LEFT TURN","true","1","9.0","0.0","0.1","0.0","7","8","2024","22","15","1","900"
"0c70b65e036aba81e1509c90c4ad2b33","6808","2024-07-08T22:15:00.000","OLTORF ST / 4TH ST","NORTHBOUND","RIGHT TURN","false","1","5.0","0.0","0.1","0.0","7","8","2024","22","15","1","900"
"c6eb3ef817be835aa2c3aed8fb016f03","6808","2024-07-08T22:15:00.000","OLTORF ST / 4TH ST","NORTHBOUND","RIGHT TURN","true","1","0.0","0.0","7.9","0.0","7","8","2024","22","15","1","900"
"b3a7902c6a9bfdd374ba9844383caebe","6808","2024-07-08T22:15:00.000","OLTORF ST / 4TH ST","NORTHBOUND","THRU","false","6","5.333","1.033","22.983","22.257","7","8","2024","22","15","1","900"
"1d89c07acb3b85ebb0990e9ae2b2f56c","6808","2024-07-08T22:15:00.000","OLTORF ST / 4TH ST","NORTHBOUND","THRU","true","8","8.375","3.623","2.975","2.235","7","8","2024","22","15","1","900"
"1e00f0f6b5d5d3d2884657a22853b2b6","6808","2024-07-08T22:15:00.000","OLTORF ST / 4TH ST","SOUTHBOUND","LEFT TURN","false","1","5.0","0.0","0.1","0.0","7","8","2024","22","15","1","900"
"801a738b9e020f50e0e4f12733e80e24","6808","2024-07-08T22:15:00.000","OLTORF ST / 4TH ST","SOUTHBOUND","LEFT TURN","true","2","3.0","4.243","0.9","1.131","7","8","2024","22","15","1","900"
"fc58170120412d1d6736c51aa49751d6","6808","2024-07-08T22:15:00.000","OLTORF ST / 4TH ST","SOUTHBOUND","THRU","false","15","8.6","2.473","4.06","10.205","7","8","2024","22","15","1","900"
"f9e27515374a70243724d6bf778101a3","6808","2024-07-08T22:15:00.000","OLTORF ST / 4TH ST","SOUTHBOUND","THRU","true","3","10.0","5.196","3.667","2.554","7","8","2024","22","15","1","900"
"7b6808105babba86f511ad68a559a156","6808","2024-07-08T22:15:00.000","OLTORF ST / 4TH ST","WESTBOUND","LEFT TURN","false","2","5.5","0.707","0.1","0.0","7","8","2024","22","15","1","900"
"d78836a2a6fb71a3fbaea402c8fb9dfe","6808","2024-07-08T22:15:00.000","OLTORF ST / 4TH ST","WESTBOUND","LEFT TURN","true","2","3.0","4.243","3.05","4.172","7","8","2024","22","15","1","900"
"e8e395d027b104bbc7b4fdf632f3760f","6808","2024-07-08T22:15:00.000","OLTORF ST / 4TH ST","WESTBOUND","THRU","false","5","5.0","3.24","3.22","1.672","7","8","2024","22","15","1","900"
"1eb7f863d396902c83fce618e68c2a35","6808","2024-07-08T22:15:00.000","OLTORF ST / 4TH ST","WESTBOUND","THRU","true","13","6.154","2.672","17.931","25.624","7","8","2024","22","15","1","900"
"1d82012d9ef8601f769aabf6a4d9d0b9","6653","2024-07-08T22:00:00.000","38TH ST / MEDICAL PKWY","EASTBOUND","LEFT TURN","true","4","13.5","6.856","1.875","1.706","7","8","2024","22","0","1","900"
"3f782bd679fa83d7cf5807ac1e4e5363","6653","2024-07-08T22:00:00.000","38TH ST / MEDICAL PKWY","EASTBOUND","RIGHT TURN","false","1","11.0","0.0","0.2","0.0","7","8","2024","22","0","1","900"
"f81a20d3b6294e4b39e1c1eb677668f8","6653","2024-07-08T22:00:00.000","38TH ST / MEDICAL PKWY","EASTBOUND","RIGHT TURN","true","1","8.0","0.0","0.9","0.0","7","8","2024","22","0","1","900"
"a60a1767c7411d23df0f74389f76d4fc","6653","2024-07-08T22:00:00.000","38TH ST / MEDICAL PKWY","EASTBOUND","THRU","false","49","23.102","10.417","10.522","13.43","7","8","2024","22","0","1","900"
"5a035525ca239c47664a12823e9a9c53","6653","2024-07-08T22:00:00.000","38TH ST / MEDICAL PKWY","EASTBOUND","THRU","true","11","21.364","11.57","9.264","10.945","7","8","2024","22","0","1","900"
"6f67aee2ea55b27ca437e314aaccbd69","6653","2024-07-08T22:00:00.000","38TH ST / MEDICAL PKWY","NORTHBOUND","LEFT TURN","true","1","19.0","0.0","5.5","0.0","7","8","2024","22","0","1","900"
"3602843d22d2d347ac1d22ca8d3748bf","6653","2024-07-08T22:00:00.000","38TH ST / MEDICAL PKWY","NORTHBOUND","RIGHT TURN","false","3","6.333","2.517","14.667","18.767","7","8","2024","22","0","1","900"
"90bdc01f658d4cc8fbe17d0b82fcc3fa","6653","2024-07-08T22:00:00.000","38TH ST / MEDICAL PKWY","NORTHBOUND","RIGHT TURN","true","1","0.0","0.0","4.0","0.0","7","8","2024","22","0","1","900"
"958156a75ea790543e5069c9f343fea2","6653","2024-07-08T22:00:00.000","38TH ST / MEDICAL PKWY","NORTHBOUND","THRU","false","1","10.0","0.0","19.3","0.0","7","8","2024","22","0","1","900"
"f277fd7f92d982d69a2b8d128f314b27","6653","2024-07-08T22:00:00.000","38TH ST / MEDICAL PKWY","SOUTHBOUND","LEFT TURN","false","2","10.5","3.536","1.0","0.566","7","8","2024","22","0","1","900"
"8dd3e162b959a4be86517eb53d0aad1c","6653","2024-07-08T22:00:00.000","38TH ST / MEDICAL PKWY","SOUTHBOUND","LEFT TURN","true","2","8.0","4.243","10.85","13.93","7","8","2024","22","0","1","900"
"68d0971661532c3539bf6fdb3e710c6a","6653","2024-07-08T22:00:00.000","38TH ST / MEDICAL PKWY","SOUTHBOUND","THRU","false","1","23.0","0.0","0.9","0.0","7","8","2024","22","0","1","900"
"087372be33977320c890156ca927178d","6653","2024-07-08T22:00:00.000","38TH ST / MEDICAL PKWY","SOUTHBOUND","THRU","true","1","0.0","0.0","0.8","0.0","7","8","2024","22","0","1","900"
"97fcae62df75a28e913c1e300c1d50df","6653","2024-07-08T22:00:00.000","38TH ST / MEDICAL PKWY","WESTBOUND","LEFT TURN","false","1","16.0","0.0","2.3","0.0","7","8","2024","22","0","1","900"
"47b4de56ba7222acecef6a01581e06d1","6653","2024-07-08T22:00:00.000","38TH ST / MEDICAL PKWY","WESTBOUND","LEFT TURN","true","3","3.0","3.606","13.067","8.297","7","8","2024","22","0","1","900"
"baecc3dd55c926c9386e1abbc68e73b1","6653","2024-07-08T22:00:00.000","38TH ST / MEDICAL PKWY","WESTBOUND","THRU","false","60","25.367","11.076","3.372","7.188","7","8","2024","22","0","1","900"
"8ac39d8136376be7ac2ba08d62a1e5dd","6653","2024-07-08T22:00:00.000","38TH ST / MEDICAL PKWY","WESTBOUND","THRU","true","17","24.0","9.407","8.218","12.311","7","8","2024","22","0","1","900"
"78ac26d2f1f3606f326d7f564a76ff6d","6882","2024-07-08T22:00:00.000","AIRPORT BLVD / 51ST ST","EASTBOUND","RIGHT TURN","false","4","7.75","1.708","1.025","0.585","7","8","2024","22","0","1","900"
"bde272cbdf21d9b73fc26f7ca06a16ce","6882","2024-07-08T22:00:00.000","AIRPORT BLVD / 51ST ST","EASTBOUND","RIGHT TURN","true","1","12.0","0.0","0.3","0.0","7","8","2024","22","0","1","900"
"d64b940b3b2297c6db068dcb62f3215c","6882","2024-07-08T22:00:00.000","AIRPORT BLVD / 51ST ST","EASTBOUND","THRU","false","18","13.611","7.912","2.478","6.379","7","8","2024","22","0","1","900"
"85cac79bc73911185a138c4354bdda0b","6882","2024-07-08T22:00:00.000","AIRPORT BLVD / 51ST ST","EASTBOUND","THRU","true","7","14.0","6.455","0.714","0.722","7","8","2024","22","0","1","900"
"204c28a348f9f1b234bdaeda75630a51","6882","2024-07-08T22:00:00.000","AIRPORT BLVD / 51ST ST","NORTHBOUND","LEFT TURN","false","2","3.5","4.95","3.2","4.243","7","8","2024","22","0","1","900"
"36b7cb9304055a8c90fb4509631db933","6882","2024-07-08T22:00:00.000","AIRPORT BLVD / 51ST ST","NORTHBOUND","LEFT TURN","true","7","7.857","5.699","7.386","7.119","7","8","2024","22","0","1","900"
"bdc0e41f238aa49b9558022f04acc8be","6882","2024-07-08T22:00:00.000","AIRPORT BLVD / 51ST ST","NORTHBOUND","THRU","false","38","21.421","9.557","2.545","4.936","7","8","2024","22","0","1","900"
"e7c227b9cfd8ec0dbabce052818fe2a1","6882","2024-07-08T22:00:00.000","AIRPORT BLVD / 51ST ST","NORTHBOUND","THRU","true","3","15.667","9.815","10.9","16.301","7","8","2024","22","0","1","900"
"cb277cc2b7ab4c14f767d6c48ad33714","6882","2024-07-08T22:00:00.000","AIRPORT BLVD / 51ST ST","SOUTHBOUND","LEFT TURN","false","7","12.571","6.241","3.6","5.084","7","8","2024","22","0","1","900"
"4d8af20c91e471ce74966b3b235ce1f2","6882","2024-07-08T22:00:00.000","AIRPORT BLVD / 51ST ST","SOUTHBOUND","RIGHT TURN","false","1","5.0","0.0","6.9","0.0","7","8","2024","22","0","1","900"
"0a08dd77ac3c7c9604095a34c1700ce1","6882","2024-07-08T22:00:00.000","AIRPORT BLVD / 51ST ST","SOUTHBOUND","RIGHT TURN","true","2","10.5","9.192","4.1","2.263","7","8","2024","22","0","1","900"
"20c4f3556984e4f7ffe7bccc7a348f1b","6882","2024-07-08T22:00:00.000","AIRPORT BLVD / 51ST ST","SOUTHBOUND","THRU","false","38","29.974","12.765","4.947","8.117","7","8","2024","22","0","1","900"
"3a41857bf15d62dcc005fcbd5a44befc","6882","2024-07-08T22:00:00.000","AIRPORT BLVD / 51ST ST","SOUTHBOUND","THRU","true","5","22.0","14.849","14.6","17.193","7","8","2024","22","0","1","900"
"eea2b0abd889d4ecb52e8c816331397a","6882","2024-07-08T22:00:00.000","AIRPORT BLVD / 51ST ST","WESTBOUND","LEFT TURN","false","1","11.0","0.0","2.0","0.0","7","8","2024","22","0","1","900"
"b28322d7db3f84dd3f5b00fc5c319d57","6882","2024-07-08T22:00:00.000","AIRPORT BLVD / 51ST ST","WESTBOUND","RIGHT TURN","false","9","1.333","2.398","10.667","11.039","7","8","2024","22","0","1","900"
"273f50890c74d0ed4616340eb4509ae6","6882","2024-07-08T22:00:00.000","AIRPORT BLVD / 51ST ST","WESTBOUND","THRU","false","7","7.0","4.967","6.943","10.583","7","8","2024","22","0","1","900"
"39d56b9ce2353018dea739ba5b5e2253","6882","2024-07-08T22:00:00.000","AIRPORT BLVD / 51ST ST","WESTBOUND","THRU","true","3","4.667","6.429","25.767","42.73","7","8","2024","22","0","1","900"
"aca9ca39cb81d3a495139e93e6c7388e","6882","2024-07-08T22:00:00.000","AIRPORT BLVD / 51ST ST","WESTBOUND","U-TURN","true","1","0.0","0.0","1.6","0.0","7","8","2024","22","0","1","900"
"c99cbf780e8a103b8450b809e07ec269","7038","2024-07-08T22:00:00.000","ANDERSON LN / SHOAL CREEK BLVD","EASTBOUND","LEFT TURN","true","1","11.0","0.0","0.0","0.0","7","8","2024","22","0","1","900"
"1d3d252313c7ad883d38c30f3552f124","7038","2024-07-08T22:00:00.000","ANDERSON LN / SHOAL CREEK BLVD","EASTBOUND","RIGHT TURN","false","4","11.75","1.893","0.0","0.0","7","8","2024","22","0","1","900"
"a0ced7a9912ddeabb77be95e9afa895b","7038","2024-07-08T22:00:00.000","ANDERSON LN / SHOAL CREEK BLVD","EASTBOUND","RIGHT TURN","true","2","6.0","4.243","0.0","0.0","7","8","2024","22","0","1","900"
"deb6c25d0977287eb614e5030842b01b","7038","2024-07-08T22:00:00.000","ANDERSON LN / SHOAL CREEK BLVD","EASTBOUND","THRU","false","41","26.78","12.461","0.739","4.479","7","8","2024","22","0","1","900"
"f7f27ae340bac9134eb4af2fac07a375","7038","2024-07-08T22:00:00.000","ANDERSON LN / SHOAL CREEK BLVD","EASTBOUND","THRU","true","3","16.0","16.371","0.0","0.0","7","8","2024","22","0","1","900"
"58a495acaf6bb683244614d227af1bd6","7038","2024-07-08T22:00:00.000","ANDERSON LN / SHOAL CREEK BLVD","NORTHBOUND","LEFT TURN","false","5","8.6","5.727","1.9","2.851","7","8","2024","22","0","1","900"
"c07249b72767e56191f674eba9e17d5f","7038","2024-07-08T22:00:00.000","ANDERSON LN / SHOAL CREEK BLVD","NORTHBOUND","LEFT TURN","true","7","6.429","2.637","17.471","18.479","7","8","2024","22","0","1","900"
"df1792ed7fed386d967c5d8c8a9176a8","7038","2024-07-08T22:00:00.000","ANDERSON LN / SHOAL CREEK BLVD","NORTHBOUND","THRU","false","1","29.0","0.0","0.0","0.0","7","8","2024","22","0","1","900"
"aa5934f060528484a341939340863fa1","7038","2024-07-08T22:00:00.000","ANDERSON LN / SHOAL CREEK BLVD","SOUTHBOUND","LEFT TURN","false","4","12.0","2.828","0.0","0.0","7","8","2024","22","0","1","900"
"fdd9fe7e9abb0a17c9545bbe1e044e1b","7038","2024-07-08T22:00:00.000","ANDERSON LN / SHOAL CREEK BLVD","SOUTHBOUND","LEFT TURN","true","1","9.0","0.0","0.0","0.0","7","8","2024","22","0","1","900"
"e65e1932c4977963dc582a3cdf35d825","7038","2024-07-08T22:00:00.000","ANDERSON LN / SHOAL CREEK BLVD","SOUTHBOUND","RIGHT TURN","true","2","15.5","9.192","0.0","0.0","7","8","2024","22","0","1","900"
"be80e632a14c409c57725e40885c9fd6","7038","2024-07-08T22:00:00.000","ANDERSON LN / SHOAL CREEK BLVD","SOUTHBOUND","THRU","false","4","14.75","2.754","0.0","0.0","7","8","2024","22","0","1","900"
"2a03aecbd462d40d21ad5a6f94b2f57c","7038","2024-07-08T22:00:00.000","ANDERSON LN / SHOAL CREEK BLVD","SOUTHBOUND","THRU","true","1","3.0","0.0","0.0","0.0","7","8","2024","22","0","1","900"
"94af53a03c94a7f3012c3faac073a4c1","7038","2024-07-08T22:00:00.000","ANDERSON LN / SHOAL CREEK BLVD","WESTBOUND","THRU","false","32","18.25","9.49","0.0","0.0","7","8","2024","22","0","1","900"
"ae5c9c376f5710946408763f572b19ba","7038","2024-07-08T22:00:00.000","ANDERSON LN / SHOAL CREEK BLVD","WESTBOUND","THRU","true","3","22.333","4.933","0.0","0.0","7","8","2024","22","0","1","900"
"07cdc93c42a570fb43d255dfff2c91af","7343","2024-07-08T22:00:00.000","RIVERSIDE DR / BURTON DR","EASTBOUND","LEFT TURN","false","5","9.2","5.357","2.28","1.781","7","8","2024","22","0","1","900"
"8d2b2327d46d25c51feebdd4109af6aa","7343","2024-07-08T22:00:00.000","RIVERSIDE DR / BURTON DR","EASTBOUND","LEFT TURN","true","3","11.0","3.606","31.367","18.329","7","8","2024","22","0","1","900"
"086daaea104b5c62e6facd886b3b852f","7343","2024-07-08T22:00:00.000","RIVERSIDE DR / BURTON DR","EASTBOUND","RIGHT TURN","false","2","0.0","0.0","14.75","11.667","7","8","2024","22","0","1","900"
"bcba68c0fe8b2b248ba5c18f2ab5b117","7343","2024-07-08T22:00:00.000","RIVERSIDE DR / BURTON DR","EASTBOUND","RIGHT TURN","true","3","4.333","5.859","0.433","0.751","7","8","2024","22","0","1","900"
"7bf8efbcc2382dcc80624a6199c8afc9","7343","2024-07-08T22:00:00.000","RIVERSIDE DR / BURTON DR","EASTBOUND","THRU","false","21","16.667","9.651","7.643","12.574","7","8","2024","22","0","1","900"
"ed08980a824fb7240735a53967844e25","7343","2024-07-08T22:00:00.000","RIVERSIDE DR / BURTON DR","EASTBOUND","THRU","true","17","15.941","8.135","7.294","14.714","7","8","2024","22","0","1","900"
"ec600104de67ceec41c7152d0eace3e4","7343","2024-07-08T22:00:00.000","RIVERSIDE DR / BURTON DR","NORTHBOUND","LEFT TURN","false","1","20.0","0.0","6.5","0.0","7","8","2024","22","0","1","900"
"65ca7d729a60a7a33dce0bb02991e7b1","7343","2024-07-08T22:00:00.000","RIVERSIDE DR / BURTON DR","NORTHBOUND","LEFT TURN","true","8","25.875","9.833","3.675","2.68","7","8","2024","22","0","1","900"
"a666a4b4d2424ddf8f14b3f5f59551fa","7343","2024-07-08T22:00:00.000","RIVERSIDE DR / BURTON DR","NORTHBOUND","RIGHT TURN","true","2","0.0","0.0","0.0","0.0","7","8","2024","22","0","1","900"
"92112caeb84d682e1750f48f26a911ee","7343","2024-07-08T22:00:00.000","RIVERSIDE DR / BURTON DR","NORTHBOUND","THRU","false","2","14.0","2.828","1.7","2.121","7","8","2024","22","0","1","900"
"9d6e9d85f3fb3cba596b1a747f48674d","7343","2024-07-08T22:00:00.000","RIVERSIDE DR / BURTON DR","NORTHBOUND","THRU","true","4","15.75","11.529","2.125","1.877","7","8","2024","22","0","1","900"
"aadffda8f2a43dd20a60e9f13c4baeb9","7343","2024-07-08T22:00:00.000","RIVERSIDE DR / BURTON DR","SOUTHBOUND","LEFT TURN","false","4","12.75","8.77","25.65","43.693","7","8","2024","22","0","1","900"
"1510c59a51aa8a1a6bb98a71c22a6e35","7343","2024-07-08T22:00:00.000","RIVERSIDE DR / BURTON DR","SOUTHBOUND","LEFT TURN","true","3","14.667","3.055","33.467","29.495","7","8","2024","22","0","1","900"
"f95cc77258250c94e7d953d9f74dcb94","7343","2024-07-08T22:00:00.000","RIVERSIDE DR / BURTON DR","SOUTHBOUND","RIGHT TURN","false","7","10.286","3.147","4.343","3.064","7","8","2024","22","0","1","900"
"65955d13ec5ed3d1abb26131540d4125","7343","2024-07-08T22:00:00.000","RIVERSIDE DR / BURTON DR","SOUTHBOUND","RIGHT TURN","true","12","9.583","2.429","10.908","21.895","7","8","2024","22","0","1","900"
"106bc4a6f79277e1cb1c183d2f112217","7343","2024-07-08T22:00:00.000","RIVERSIDE DR / BURTON DR","SOUTHBOUND","THRU","false","4","27.25","7.089","1.575","0.911","7","8","2024","22","0","1","900"
"c3e251b770515737a0f098436b4599bf","7343","2024-07-08T22:00:00.000","RIVERSIDE DR / BURTON DR","SOUTHBOUND","THRU","true","1","15.0","0.0","3.1","0.0","7","8","2024","22","0","1","900"
"79a4d3f1152ee4b3cb5cf88840b58eb6","7343","2024-07-08T22:00:00.000","RIVERSIDE DR / BURTON DR","WESTBOUND","LEFT TURN","false","8","11.125","2.475","28.675","34.844","7","8","2024","22","0","1","900"
"13b5cc4380ecb94dd7849cd60dcbe514","7343","2024-07-08T22:00:00.000","RIVERSIDE DR / BURTON DR","WESTBOUND","RIGHT TURN","false","7","0.571","1.512","6.157","5.528","7","8","2024","22","0","1","900"
"974614968420bc086b2723343dd8dec3","7343","2024-07-08T22:00:00.000","RIVERSIDE DR / BURTON DR","WESTBOUND","RIGHT TURN","true","5","1.6","2.191","6.4","4.418","7","8","2024","22","0","1","900"
"20e5a62d3d8599db2255ad2f9526b298","7343","2024-07-08T22:00:00.000","RIVERSIDE DR / BURTON DR","WESTBOUND","THRU","false","44","22.614","15.393","9.507","16.496","7","8","2024","22","0","1","900"
"b22140b3ad6712c1e5baca4f35afaae4","7343","2024-07-08T22:00:00.000","RIVERSIDE DR / BURTON DR","WESTBOUND","THRU","true","63","16.937","14.582","8.624","11.792","7","8","2024","22","0","1","900"
"0b72db1cdb89da0cda090c631b0524d4","6382","2024-07-08T22:00:00.000","FM 620 RD / DEERBROOK TRL","EASTBOUND","THRU","false","35","41.057","8.113","1.311","1.434","7","8","2024","22","0","1","900"
"dd259ea95fb9222ddc9d59ae21162d3b","6382","2024-07-08T22:00:00.000","FM 620 RD / DEERBROOK TRL","EASTBOUND","THRU","true","55","41.545","6.724","1.309","1.412","7","8","2024","22","0","1","900"
"e59b40fec5d1ebee3529da86c21e209b","6382","2024-07-08T22:00:00.000","FM 620 RD / DEERBROOK TRL","NORTHBOUND","RIGHT TURN","false","1","8.0","0.0","10.7","0.0","7","8","2024","22","0","1","900"
"c6635555bc90a0ecd645f1837be59319","6382","2024-07-08T22:00:00.000","FM 620 RD / DEERBROOK TRL","NORTHBOUND","RIGHT TURN","true","1","7.0","0.0","21.9","0.0","7","8","2024","22","0","1","900"
"1035caf8232d61b9658caf7f4f3b88d6","6382","2024-07-08T22:00:00.000","FM 620 RD / DEERBROOK TRL","WESTBOUND","LEFT TURN","false","2","15.0","0.0","0.95","1.202","7","8","2024","22","0","1","900"
"a0f553f56745a58f3dcf39105ac2fa28","6382","2024-07-08T22:00:00.000","FM 620 RD / DEERBROOK TRL","WESTBOUND","LEFT TURN","true","2","0.0","0.0","2.65","3.606","7","8","2024","22","0","1","900"
"8d4e629f4f604013d09438fc3dd2745c","6382","2024-07-08T22:00:00.000","FM 620 RD / DEERBROOK TRL","WESTBOUND","THRU","false","21","34.857","12.76","1.543","1.287","7","8","2024","22","0","1","900"
"3f42bc7f47f63894acc239ab43083fd2","6382","2024-07-08T22:00:00.000","FM 620 RD / DEERBROOK TRL","WESTBOUND","THRU","true","24","35.875","9.336","2.0","1.406","7","8","2024","22","0","1","900"
"bba8a520531502cd5e03e7b6ed66340a","6881","2024-07-08T22:00:00.000","SLAUGHTER LN / LINDSHIRE LN","EASTBOUND","THRU","false","5","31.6","15.852","4.78","9.14","7","8","2024","22","0","1","900"
"dbdd183c0e82ede0b83dab6a48bdc032","6881","2024-07-08T22:00:00.000","SLAUGHTER LN / LINDSHIRE LN","EASTBOUND","THRU","true","22","28.636","10.952","2.477","8.181","7","8","2024","22","0","1","900"
"bd4c704046c9dff80d84489090bb14c0","6881","2024-07-08T22:00:00.000","SLAUGHTER LN / LINDSHIRE LN","NORTHBOUND","LEFT TURN","false","2","9.0","1.414","11.85","16.617","7","8","2024","22","0","1","900"
"63d659e2ab5e1e4ad8faf62b8ee92147","6881","2024-07-08T22:00:00.000","SLAUGHTER LN / LINDSHIRE LN","NORTHBOUND","RIGHT TURN","false","1","1.0","0.0","7.0","0.0","7","8","2024","22","0","1","900"
"bc9ffe4128bb8391afee4c86bb641cb1","6881","2024-07-08T22:00:00.000","SLAUGHTER LN / LINDSHIRE LN","NORTHBOUND","RIGHT TURN","true","1","2.0","0.0","29.9","0.0","7","8","2024","22","0","1","900"
"5813fca711b41673e5b88272cca574a7","6881","2024-07-08T22:00:00.000","SLAUGHTER LN / LINDSHIRE LN","NORTHBOUND","THRU","true","1","3.0","0.0","18.8","0.0","7","8","2024","22","0","1","900"
"6920682d604c61341767d66f5cc762d0","6881","2024-07-08T22:00:00.000","SLAUGHTER LN / LINDSHIRE LN","WESTBOUND","LEFT TURN","false","1","10.0","0.0","0.1","0.0","7","8","2024","22","0","1","900"
"7bd519ff8ad4324fa768480dd6e206a6","6881","2024-07-08T22:00:00.000","SLAUGHTER LN / LINDSHIRE LN","WESTBOUND","LEFT TURN","true","3","11.0","1.0","4.2","0.361","7","8","2024","22","0","1","900"
"ee2a8c618e06f42e5e9fac77a8bc80f3","6881","2024-07-08T22:00:00.000","SLAUGHTER LN / LINDSHIRE LN","WESTBOUND","THRU","false","19","29.0","6.591","2.711","2.742","7","8","2024","22","0","1","900"
"7e7fcb7667e87c7a7ee79a9ff6d228e7","6881","2024-07-08T22:00:00.000","SLAUGHTER LN / LINDSHIRE LN","WESTBOUND","THRU","true","28","27.429","5.744","2.593","2.096","7","8","2024","22","0","1","900"
"11f10b35c706613f09b03d64b587d072","6808","2024-07-08T22:00:00.000","OLTORF ST / 4TH ST","EASTBOUND","LEFT TURN","false","3","2.333","2.517","7.7","7.545","7","8","2024","22","0","1","900"
"9d1356fb2092c7701e19993efa906d90","6808","2024-07-08T22:00:00.000","OLTORF ST / 4TH ST","EASTBOUND","THRU","false","24","7.292","3.569","11.346","19.516","7","8","2024","22","0","1","900"
"89169c531da6a52d00188fea8220de61","6808","2024-07-08T22:00:00.000","OLTORF ST / 4TH ST","EASTBOUND","THRU","true","3","9.667","4.163","1.233","1.002","7","8","2024","22","0","1","900"
"38c59f21717e6d26f1d935fbbb075689","6808","2024-07-08T22:00:00.000","OLTORF ST / 4TH ST","NORTHBOUND","LEFT TURN","false","3","4.333","4.041","0.133","0.058","7","8","2024","22","0","1","900"
"0a994b54ccb327d98f2fa46b338c5c8f","6808","2024-07-08T22:00:00.000","OLTORF ST / 4TH ST","NORTHBOUND","LEFT TURN","true","1","0.0","0.0","1.9","0.0","7","8","2024","22","0","1","900"
"206e683243b12bbab11f6eeec27d3723","6808","2024-07-08T22:00:00.000","OLTORF ST / 4TH ST","NORTHBOUND","RIGHT TURN","false","4","5.0","1.155","1.2","2.2","7","8","2024","22","0","1","900"
"57e95588d77e5f530b185123ea1785fd","6808","2024-07-08T22:00:00.000","OLTORF ST / 4TH ST","NORTHBOUND","RIGHT TURN","true","1","5.0","0.0","5.0","0.0","7","8","2024","22","0","1","900"
"7cb6d3c3088c082fb457b72bb44c31fd","6808","2024-07-08T22:00:00.000","OLTORF ST / 4TH ST","NORTHBOUND","THRU","false","12","4.917","2.109","10.425","21.142","7","8","2024","22","0","1","900"
"f2ff12bccda8b179d259ba491a0a3c46","6808","2024-07-08T22:00:00.000","OLTORF ST / 4TH ST","NORTHBOUND","THRU","true","17","7.176","3.972","15.529","23.598","7","8","2024","22","0","1","900"
"b1b82997667298129281a5ba27c7ef16","6808","2024-07-08T22:00:00.000","OLTORF ST / 4TH ST","NORTHBOUND","U-TURN","false","1","6.0","0.0","0.7","0.0","7","8","2024","22","0","1","900"
"749ac3690f841f66729c9d870cc59429","6808","2024-07-08T22:00:00.000","OLTORF ST / 4TH ST","SOUTHBOUND","LEFT TURN","false","4","6.5","1.732","2.425","2.141","7","8","2024","22","0","1","900"
"8cbbcbee5b153de5062ca8542ba27be5","6808","2024-07-08T22:00:00.000","OLTORF ST / 4TH ST","SOUTHBOUND","LEFT TURN","true","2","6.0","0.0","3.25","4.455","7","8","2024","22","0","1","900"
"dac82c50eb721e0e8de78f778e96ca25","6808","2024-07-08T22:00:00.000","OLTORF ST / 4TH ST","SOUTHBOUND","THRU","false","22","10.091","3.611","8.291","19.663","7","8","2024","22","0","1","900"
"df9453bde60a1d54269acb70da2ffba9","6808","2024-07-08T22:00:00.000","OLTORF ST / 4TH ST","SOUTHBOUND","THRU","true","5","8.6","6.542","3.66","1.616","7","8","2024","22","0","1","900"
"a17424857888a014b0205135cf596aeb","6808","2024-07-08T22:00:00.000","OLTORF ST / 4TH ST","WESTBOUND","LEFT TURN","false","4","5.5","3.873","12.575","21.629","7","8","2024","22","0","1","900"
"5ccc7c368cad602ed8e11c2cca2f7d9a","6808","2024-07-08T22:00:00.000","OLTORF ST / 4TH ST","WESTBOUND","LEFT TURN","true","3","3.333","3.055","6.3","10.566","7","8","2024","22","0","1","900"
"9e9df6fcf74349be1cfe90cf322446bf","6808","2024-07-08T22:00:00.000","OLTORF ST / 4TH ST","WESTBOUND","RIGHT TURN","true","1","5.0","0.0","5.1","0.0","7","8","2024","22","0","1","900"
"8bb09c1dc307bb2ec7d6fd3320d4220e","6808","2024-07-08T22:00:00.000","OLTORF ST / 4TH ST","WESTBOUND","THRU","false","8","7.625","1.923","18.287","24.469","7","8","2024","22","0","1","900"
"6739ac06fa4d43b366d6a3319f809396","6808","2024-07-08T22:00:00.000","OLTORF ST / 4TH ST","WESTBOUND","THRU","true","17","6.647","2.893","12.776","18.224","7","8","2024","22","0","1","900"
"ac132d026a5e97c88ad66629511c39ab","6653","2024-07-08T21:45:00.000","38TH ST / MEDICAL PKWY","EASTBOUND","LEFT TURN","false","2","7.0","5.657","17.75","22.698","7","8","2024","21","45","1","900"
"a7dcec54dcc0c19288a14b50f3f36bda","6653","2024-07-08T21:45:00.000","38TH ST / MEDICAL PKWY","EASTBOUND","LEFT TURN","true","1","11.0","0.0","37.8","0.0","7","8","2024","21","45","1","900"
"9b9595232ce4b514d61a4c074168ff37","6653","2024-07-08T21:45:00.000","38TH ST / MEDICAL PKWY","EASTBOUND","RIGHT TURN","false","3","7.333","1.155","3.133","1.504","7","8","2024","21","45","1","900"
"b547dcbfe60c1a29e8dc1c7789d9277a","6653","2024-07-08T21:45:00.000","38TH ST / MEDICAL PKWY","EASTBOUND","THRU","false","40","17.4","7.355","13.832","19.04","7","8","2024","21","45","1","900"
"0011f44cff8d21209d20b5c505335e35","6653","2024-07-08T21:45:00.000","38TH ST / MEDICAL PKWY","EASTBOUND","THRU","true","7","15.857","4.298","22.857","26.965","7","8","2024","21","45","1","900"
"c0074ccc94351e5953c4e6f4296d1a14","6653","2024-07-08T21:45:00.000","38TH ST / MEDICAL PKWY","NORTHBOUND","LEFT TURN","false","1","14.0","0.0","6.5","0.0","7","8","2024","21","45","1","900"
"0e793aca86f0aed19f492b6626580b27","6653","2024-07-08T21:45:00.000","38TH ST / MEDICAL PKWY","NORTHBOUND","RIGHT TURN","false","5","4.8","4.087","7.42","5.023","7","8","2024","21","45","1","900"
"cabb5700948ef92e79fdb598fc0e66ca","6653","2024-07-08T21:45:00.000","38TH ST / MEDICAL PKWY","NORTHBOUND","RIGHT TURN","true","1","0.0","0.0","11.5","0.0","7","8","2024","21","45","1","900"
"060947103458838a740b0246c58e190c","6653","2024-07-08T21:45:00.000","38TH ST / MEDICAL PKWY","SOUTHBOUND","LEFT TURN","false","1","7.0","0.0","1.4","0.0","7","8","2024","21","45","1","900"
"72ae5c6ea790cfd62a2654a0166d4a2f","6653","2024-07-08T21:45:00.000","38TH ST / MEDICAL PKWY","SOUTHBOUND","LEFT TURN","true","1","10.0","0.0","1.3","0.0","7","8","2024","21","45","1","900"
"a85f46dfabb9ebc2a9d459e41f995978","6653","2024-07-08T21:45:00.000","38TH ST / MEDICAL PKWY","WESTBOUND","LEFT TURN","false","1","2.0","0.0","12.0","0.0","7","8","2024","21","45","1","900"
"7fac47b56fbc3e55b2e2ed0c9849e6e7","6653","2024-07-08T21:45:00.000","38TH ST / MEDICAL PKWY","WESTBOUND","LEFT TURN","true","2","11.5","0.707","4.0","0.707","7","8","2024","21","45","1","900"
"adb60b64035c5b9b498dea3c8f393575","6653","2024-07-08T21:45:00.000","38TH ST / MEDICAL PKWY","WESTBOUND","RIGHT TURN","false","2","10.0","2.828","6.7","3.818","7","8","2024","21","45","1","900"
"ad2db8b547c6b54b08017d9982ba77d6","6653","2024-07-08T21:45:00.000","38TH ST / MEDICAL PKWY","WESTBOUND","RIGHT TURN","true","1","12.0","0.0","2.8","0.0","7","8","2024","21","45","1","900"
"5de5f6d69492f972a4d53c1aea09ee16","6653","2024-07-08T21:45:00.000","38TH ST / MEDICAL PKWY","WESTBOUND","THRU","false","43","23.419","11.255","10.977","21.517","7","8","2024","21","45","1","900"
"ed07e8648be43209a40ca248b3036e60","6653","2024-07-08T21:45:00.000","38TH ST / MEDICAL PKWY","WESTBOUND","THRU","true","15","24.133","12.124","9.153","29.77","7","8","2024","21","45","1","900"
"90b831900db6c9f053e81a17075729c7","6882","2024-07-08T21:45:00.000","AIRPORT BLVD / 51ST ST","EASTBOUND","LEFT TURN","false","2","11.5","3.536","1.15","0.354","7","8","2024","21","45","1","900"
"863ded07d8839fafbac03a8e756eecae","6882","2024-07-08T21:45:00.000","AIRPORT BLVD / 51ST ST","EASTBOUND","LEFT TURN","true","1","8.0","0.0","0.6","0.0","7","8","2024","21","45","1","900"
"1b08e47b4f3a086c328d9f23ef2d5d9e","6882","2024-07-08T21:45:00.000","AIRPORT BLVD / 51ST ST","EASTBOUND","RIGHT TURN","false","2","3.5","2.121","7.95","11.102","7","8","2024","21","45","1","900"
"1a7281412d8fa3702d03be3d2114c413","6882","2024-07-08T21:45:00.000","AIRPORT BLVD / 51ST ST","EASTBOUND","THRU","false","25","15.04","6.045","4.0","13.849","7","8","2024","21","45","1","900"
"4b9a1efcd24cb1772e0ba8cb4d54dc2b","6882","2024-07-08T21:45:00.000","AIRPORT BLVD / 51ST ST","EASTBOUND","THRU","true","13","11.769","4.675","1.331","1.512","7","8","2024","21","45","1","900"
"b535133d0a653376003f7247d70a5cc6","6882","2024-07-08T21:45:00.000","AIRPORT BLVD / 51ST ST","NORTHBOUND","LEFT TURN","false","4","8.75","0.957","38.675","38.814","7","8","2024","21","45","1","900"
"b29cc04e5badf5dbe0e418c62b1b4bd9","6882","2024-07-08T21:45:00.000","AIRPORT BLVD / 51ST ST","NORTHBOUND","LEFT TURN","true","5","5.2","3.271","73.68","39.484","7","8","2024","21","45","1","900"
"1f9521138e724fe713d2e2e21a9fab77","6882","2024-07-08T21:45:00.000","AIRPORT BLVD / 51ST ST","NORTHBOUND","THRU","false","47","22.574","7.829","3.413","7.406","7","8","2024","21","45","1","900"
"b2668b4a4be93d5310d16c3f4b4262cc","6882","2024-07-08T21:45:00.000","AIRPORT BLVD / 51ST ST","NORTHBOUND","THRU","true","2","24.0","1.414","0.95","1.202","7","8","2024","21","45","1","900"
"19945a4d329c924ef5ca979d3ddebade","6882","2024-07-08T21:45:00.000","AIRPORT BLVD / 51ST ST","SOUTHBOUND","LEFT TURN","false","4","15.5","3.697","2.825","1.198","7","8","2024","21","45","1","900"
"683c22d447616d521a879199f1ca6041","6882","2024-07-08T21:45:00.000","AIRPORT BLVD / 51ST ST","SOUTHBOUND","LEFT TURN","true","1","0.0","0.0","0.5","0.0","7","8","2024","21","45","1","900"
"0c828e3901dbe04b6daaf6f79b14b419","6882","2024-07-08T21:45:00.000","AIRPORT BLVD / 51ST ST","SOUTHBOUND","RIGHT TURN","false","1","12.0","0.0","4.3","0.0","7","8","2024","21","45","1","900"
"85bb0d6748cd97756e60f3c744769d62","6882","2024-07-08T21:45:00.000","AIRPORT BLVD / 51ST ST","SOUTHBOUND","RIGHT TURN","true","1","5.0","0.0","27.7","0.0","7","8","2024","21","45","1","900"
"a8ec686b99ee2242ddd2d2fff73a0ac9","6882","2024-07-08T21:45:00.000","AIRPORT BLVD / 51ST ST","SOUTHBOUND","THRU","false","45","25.911","13.458","10.871","18.359","7","8","2024","21","45","1","900"
"79d35cbf87ebef2fcbaf6e84aa6e89cc","6882","2024-07-08T21:45:00.000","AIRPORT BLVD / 51ST ST","SOUTHBOUND","THRU","true","2","29.5","24.749","1.0","0.99","7","8","2024","21","45","1","900"
"d357cf426f5d880e836e3196d7dc3a0d","6882","2024-07-08T21:45:00.000","AIRPORT BLVD / 51ST ST","WESTBOUND","LEFT TURN","false","3","9.0","1.732","0.467","0.551","7","8","2024","21","45","1","900"
"dd23a92f5d84e063be771475e92c13ec","6882","2024-07-08T21:45:00.000","AIRPORT BLVD / 51ST ST","WESTBOUND","RIGHT TURN","false","7","0.714","1.89","11.657","18.307","7","8","2024","21","45","1","900"
"baf0ab8cb27dece200c336b2f04609b0","6882","2024-07-08T21:45:00.000","AIRPORT BLVD / 51ST ST","WESTBOUND","THRU","false","11","6.545","6.876","24.109","29.814","7","8","2024","21","45","1","900"
"ee2548324571a7b1386f92b81339d2ba","6882","2024-07-08T21:45:00.000","AIRPORT BLVD / 51ST ST","WESTBOUND","THRU","true","4","8.25","5.909","1.1","1.068","7","8","2024","21","45","1","900"
"18ffa841af31ee9f13356e59c13e4153","7038","2024-07-08T21:45:00.000","ANDERSON LN / SHOAL CREEK BLVD","EASTBOUND","LEFT TURN","true","1","11.0","0.0","0.0","0.0","7","8","2024","21","45","1","900"
"82e2526ba192d5ae0e0afa54123ad84e","7038","2024-07-08T21:45:00.000","ANDERSON LN / SHOAL CREEK BLVD","EASTBOUND","RIGHT TURN","false","5","10.6","3.912","0.0","0.0","7","8","2024","21","45","1","900"
"768f9461445e07fb72c2916e0404c522","7038","2024-07-08T21:45:00.000","ANDERSON LN / SHOAL CREEK BLVD","EASTBOUND","RIGHT TURN","true","2","5.5","2.121","0.0","0.0","7","8","2024","21","45","1","900"
"0a3c3ec4650bc4c0399ac669685ba19f","7038","2024-07-08T21:45:00.000","ANDERSON LN / SHOAL CREEK BLVD","EASTBOUND","THRU","false","56","31.571","10.979","0.121","0.36","7","8","2024","21","45","1","900"
"cc25e4cb865a035bcb65bdaa01b1d65f","7038","2024-07-08T21:45:00.000","ANDERSON LN / SHOAL CREEK BLVD","EASTBOUND","THRU","true","2","25.5","24.749","0.0","0.0","7","8","2024","21","45","1","900"
"ff39365139920adb869a7993cf969c4a","7038","2024-07-08T21:45:00.000","ANDERSON LN / SHOAL CREEK BLVD","NORTHBOUND","LEFT TURN","false","5","9.8","6.535","0.0","0.0","7","8","2024","21","45","1","900"
"ae60d8cab22f46ad8700beb61cadb75e","7038","2024-07-08T21:45:00.000","ANDERSON LN / SHOAL CREEK BLVD","NORTHBOUND","LEFT TURN","true","1","8.0","0.0","3.8","0.0","7","8","2024","21","45","1","900"
"ddcbed7422b010b0787075a0a712de0c","7038","2024-07-08T21:45:00.000","ANDERSON LN / SHOAL CREEK BLVD","NORTHBOUND","RIGHT TURN","false","1","3.0","0.0","6.4","0.0","7","8","2024","21","45","1","900"
"6b1e5953e7c81a3dd80a7ec4651cdf62","7038","2024-07-08T21:45:00.000","ANDERSON LN / SHOAL CREEK BLVD","NORTHBOUND","THRU","false","3","15.333","10.214","0.0","0.0","7","8","2024","21","45","1","900"
"bb40c7e4d8b996db036e31e61a01746a","7038","2024-07-08T21:45:00.000","ANDERSON LN / SHOAL CREEK BLVD","SOUTHBOUND","LEFT TURN","false","6","12.167","2.639","0.0","0.0","7","8","2024","21","45","1","900"
"014a57a3d8cb72951f4f24335a76231a","7038","2024-07-08T21:45:00.000","ANDERSON LN / SHOAL CREEK BLVD","SOUTHBOUND","LEFT TURN","true","3","10.333","1.155","0.0","0.0","7","8","2024","21","45","1","900"
"4644145cc17424be18caf9d92df045c6","7038","2024-07-08T21:45:00.000","ANDERSON LN / SHOAL CREEK BLVD","SOUTHBOUND","RIGHT TURN","false","2","10.0","1.414","0.0","0.0","7","8","2024","21","45","1","900"
"3962bd9a632622ecd4e4f77ddc06e57e","7038","2024-07-08T21:45:00.000","ANDERSON LN / SHOAL CREEK BLVD","SOUTHBOUND","RIGHT TURN","true","3","10.667","1.155","0.0","0.0","7","8","2024","21","45","1","900"
"cab126f778d1ac0fdc54178b8c9766e1","7038","2024-07-08T21:45:00.000","ANDERSON LN / SHOAL CREEK BLVD","SOUTHBOUND","THRU","false","4","10.5","1.291","0.0","0.0","7","8","2024","21","45","1","900"
"d39c78e1ccc5d4ded652ba1e10123240","7038","2024-07-08T21:45:00.000","ANDERSON LN / SHOAL CREEK BLVD","WESTBOUND","LEFT TURN","false","1","14.0","0.0","0.0","0.0","7","8","2024","21","45","1","900"
"e3d6c0d876b47a7b7077359ad491942b","7038","2024-07-08T21:45:00.000","ANDERSON LN / SHOAL CREEK BLVD","WESTBOUND","THRU","false","42","16.81","9.115","0.0","0.0","7","8","2024","21","45","1","900"
"e0c9fcf524d2cc44efc2f2a9b02acae8","7038","2024-07-08T21:45:00.000","ANDERSON LN / SHOAL CREEK BLVD","WESTBOUND","THRU","true","5","20.2","9.96","0.0","0.0","7","8","2024","21","45","1","900"
"d06374fc81220d0fadb925c2005e3121","7343","2024-07-08T21:45:00.000","RIVERSIDE DR / BURTON DR","EASTBOUND","LEFT TURN","false","4","5.75","6.752","21.95","43.767","7","8","2024","21","45","1","900"
"2de4705af06ad36e110c26b8fc55c2ea","7343","2024-07-08T21:45:00.000","RIVERSIDE DR / BURTON DR","EASTBOUND","LEFT TURN","true","4","18.0","3.916","0.575","0.95","7","8","2024","21","45","1","900"
"5e9f6428b04ff42a9c7d065ec2ed44fb","7343","2024-07-08T21:45:00.000","RIVERSIDE DR / BURTON DR","EASTBOUND","RIGHT TURN","false","1","31.0","0.0","1.3","0.0","7","8","2024","21","45","1","900"
"0422d6963b0a34bd66d9a6ac8fb1c875","7343","2024-07-08T21:45:00.000","RIVERSIDE DR / BURTON DR","EASTBOUND","RIGHT TURN","true","3","4.0","3.464","3.167","5.398","7","8","2024","21","45","1","900"
"00074a8cdd871929ef33b40965715f01","7343","2024-07-08T21:45:00.000","RIVERSIDE DR / BURTON DR","EASTBOUND","THRU","false","21","18.667","9.313","3.743","5.669","7","8","2024","21","45","1","900"
"3931ed73e47ca11a884d77f24ff96529","7343","2024-07-08T21:45:00.000","RIVERSIDE DR / BURTON DR","EASTBOUND","THRU","true","5","19.0","8.944","1.72","2.541","7","8","2024","21","45","1","900"
"4d3e9a75efb6dd6e024e7e65d04a7378","7343","2024-07-08T21:45:00.000","RIVERSIDE DR / BURTON DR","NORTHBOUND","LEFT TURN","false","1","21.0","0.0","59.8","0.0","7","8","2024","21","45","1","900"
"1c3d803102858cd465d4b4bea53e3ebc","7343","2024-07-08T21:45:00.000","RIVERSIDE DR / BURTON DR","NORTHBOUND","LEFT TURN","true","8","17.0","11.662","5.212","4.426","7","8","2024","21","45","1","900"
"ddf83be5ce941dbc0aa8eba817bacca5","7343","2024-07-08T21:45:00.000","RIVERSIDE DR / BURTON DR","NORTHBOUND","RIGHT TURN","true","2","0.0","0.0","0.0","0.0","7","8","2024","21","45","1","900"
"262d74b4bc5c694afe9dd811be18d29a","7343","2024-07-08T21:45:00.000","RIVERSIDE DR / BURTON DR","NORTHBOUND","THRU","false","6","12.167","10.108","7.417","14.804","7","8","2024","21","45","1","900"
"ec455399c9cb2d74a582ee3f4a081a49","7343","2024-07-08T21:45:00.000","RIVERSIDE DR / BURTON DR","NORTHBOUND","THRU","true","6","24.333","8.165","1.033","1.513","7","8","2024","21","45","1","900"
"e4da904b0942777939d20e273d0ead76","7343","2024-07-08T21:45:00.000","RIVERSIDE DR / BURTON DR","SOUTHBOUND","LEFT TURN","false","3","9.333","8.327","54.267","84.734","7","8","2024","21","45","1","900"
"960fdce8c03bdf8f6be5086ccc7cbc64","7343","2024-07-08T21:45:00.000","RIVERSIDE DR / BURTON DR","SOUTHBOUND","LEFT TURN","true","6","16.833","1.472","55.2","33.282","7","8","2024","21","45","1","900"
"82bf3364bbd964d83529727c57df263e","7343","2024-07-08T21:45:00.000","RIVERSIDE DR / BURTON DR","SOUTHBOUND","RIGHT TURN","false","5","5.2","4.817","7.3","3.852","7","8","2024","21","45","1","900"
"97a48fb9fa348c99d2077efbc755e44f","7343","2024-07-08T21:45:00.000","RIVERSIDE DR / BURTON DR","SOUTHBOUND","RIGHT TURN","true","11","7.818","4.468","8.445","6.521","7","8","2024","21","45","1","900"
"4ecbaa23668a2a8b167c7df1d332e31b","7343","2024-07-08T21:45:00.000","RIVERSIDE DR / BURTON DR","SOUTHBOUND","THRU","false","1","14.0","0.0","12.6","0.0","7","8","2024","21","45","1","900"
"b61e8ae5ba7e4cb78b180c5afcb9215a","7343","2024-07-08T21:45:00.000","RIVERSIDE DR / BURTON DR","SOUTHBOUND","THRU","true","3","15.333","0.577","47.867","41.45","7","8","2024","21","45","1","900"
"286e66d5fd57514760e6222d66866fee","7343","2024-07-08T21:45:00.000","RIVERSIDE DR / BURTON DR","WESTBOUND","LEFT TURN","false","9","12.556","2.698","25.256","26.992","7","8","2024","21","45","1","900"
"0316e8eb130b2df1e561af1467725a48","7343","2024-07-08T21:45:00.000","RIVERSIDE DR / BURTON DR","WESTBOUND","LEFT TURN","true","4","14.0","2.944","27.0","51.689","7","8","2024","21","45","1","900"
"97e6cec7d37d9071043a71e8f7b4e808","7343","2024-07-08T21:45:00.000","RIVERSIDE DR / BURTON DR","WESTBOUND","RIGHT TURN","false","3","1.667","2.887","1.967","1.457","7","8","2024","21","45","1","900"
"91d7b02e39a1ae5227376572c891f64a","7343","2024-07-08T21:45:00.000","RIVERSIDE DR / BURTON DR","WESTBOUND","RIGHT TURN","true","4","1.0","2.0","4.1","0.852","7","8","2024","21","45","1","900"
"cb074cdf1dd2b5b48e4e303fd906a043","7343","2024-07-08T21:45:00.000","RIVERSIDE DR / BURTON DR","WESTBOUND","THRU","false","51","23.333","16.01","6.835","10.831","7","8","2024","21","45","1","900"
"a3a7a357d2476decba1c54be1019c206","7343","2024-07-08T21:45:00.000","RIVERSIDE DR / BURTON DR","WESTBOUND","THRU","true","64","18.594","15.293","9.619","15.248","7","8","2024","21","45","1","900"
"1cb8986959efd4ceffc9af7bcffc8db7","6382","2024-07-08T21:45:00.000","FM 620 RD / DEERBROOK TRL","EASTBOUND","THRU","false","47","40.979","7.944","1.217","0.636","7","8","2024","21","45","1","900"
"7a887b658642ef41e77c208c59e19690","6382","2024-07-08T21:45:00.000","FM 620 RD / DEERBROOK TRL","EASTBOUND","THRU","true","36","41.889","7.671","1.861","2.898","7","8","2024","21","45","1","900"
"80775e58e500a18f136863dc14d58d2c","6382","2024-07-08T21:45:00.000","FM 620 RD / DEERBROOK TRL","NORTHBOUND","RIGHT TURN","false","2","6.0","1.414","7.25","10.112","7","8","2024","21","45","1","900"
"ae46cb341237d1a997e660da4ba9f172","6382","2024-07-08T21:45:00.000","FM 620 RD / DEERBROOK TRL","NORTHBOUND","RIGHT TURN","true","3","7.667","0.577","18.267","8.07","7","8","2024","21","45","1","900"
"c93bac8ea7f9a896658f39ced3cc4d6f","6382","2024-07-08T21:45:00.000","FM 620 RD / DEERBROOK TRL","WESTBOUND","LEFT TURN","true","4","10.25","6.85","3.0","2.499","7","8","2024","21","45","1","900"
"37764d5fd16c28b30017d8e4d9a7558f","6382","2024-07-08T21:45:00.000","FM 620 RD / DEERBROOK TRL","WESTBOUND","THRU","false","25","36.4","6.776","1.928","1.079","7","8","2024","21","45","1","900"
"be2ca21f7aa4555db923890ee0a0464c","6382","2024-07-08T21:45:00.000","FM 620 RD / DEERBROOK TRL","WESTBOUND","THRU","true","28","33.107","12.27","1.904","1.14","7","8","2024","21","45","1","900"
"730424b8795c28307b2596ac1c473a5c","6881","2024-07-08T21:45:00.000","SLAUGHTER LN / LINDSHIRE LN","EASTBOUND","THRU","false","8","29.125","12.529","0.688","0.677","7","8","2024","21","45","1","900"
"692f4a41eee07262191c11eaf031d709","6881","2024-07-08T21:45:00.000","SLAUGHTER LN / LINDSHIRE LN","EASTBOUND","THRU","true","13","25.538","13.258","0.523","0.56","7","8","2024","21","45","1","900"
"9d8a2ef3ef033c6de3f9d4813101b65a","6881","2024-07-08T21:45:00.000","SLAUGHTER LN / LINDSHIRE LN","NORTHBOUND","LEFT TURN","false","1","11.0","0.0","0.4","0.0","7","8","2024","21","45","1","900"
"05d88cbef0c7793bdef607287f887c8b","6881","2024-07-08T21:45:00.000","SLAUGHTER LN / LINDSHIRE LN","NORTHBOUND","LEFT TURN","true","2","11.0","1.414","0.5","0.141","7","8","2024","21","45","1","900"
"e4a960abab48e8280a97f9c6a14500e9","6881","2024-07-08T21:45:00.000","SLAUGHTER LN / LINDSHIRE LN","NORTHBOUND","THRU","false","2","4.0","2.828","4.15","4.596","7","8","2024","21","45","1","900"
"33202755642a714a53e959ad5ea241ca","6881","2024-07-08T21:45:00.000","SLAUGHTER LN / LINDSHIRE LN","NORTHBOUND","THRU","true","1","2.0","0.0","0.3","0.0","7","8","2024","21","45","1","900"
"f80c2ec96c78bee5ff12c1bed04c96ec","6881","2024-07-08T21:45:00.000","SLAUGHTER LN / LINDSHIRE LN","WESTBOUND","LEFT TURN","false","1","20.0","0.0","1.4","0.0","7","8","2024","21","45","1","900"
"358771ee3031f218250771b6701d5807","6881","2024-07-08T21:45:00.000","SLAUGHTER LN / LINDSHIRE LN","WESTBOUND","LEFT TURN","true","1","0.0","0.0","1.1","0.0","7","8","2024","21","45","1","900"
"4d295cc66a810e38c3aa7bb3a775e0d8","6881","2024-07-08T21:45:00.000","SLAUGHTER LN / LINDSHIRE LN","WESTBOUND","THRU","false","38","32.079","4.635","1.916","0.37","7","8","2024","21","45","1","900"
"688b59dfa4be0be2874406d6aea754c4","6881","2024-07-08T21:45:00.000","SLAUGHTER LN / LINDSHIRE LN","WESTBOUND","THRU","true","32","28.281","6.721","2.319","1.256","7","8","2024","21","45","1","900"
"41346bc652852ba635a32d268a5694f2","6808","2024-07-08T21:45:00.000","OLTORF ST / 4TH ST","EASTBOUND","THRU","false","22","7.545","3.674","10.714","23.289","7","8","2024","21","45","1","900"
"c6c702c180f58276df8bc482b9707b9c","6808","2024-07-08T21:45:00.000","OLTORF ST / 4TH ST","EASTBOUND","THRU","true","6","8.833","4.215","0.517","0.523","7","8","2024","21","45","1","900"
"9d232f0d1ed2085db716c04a0edbdb7a","6808","2024-07-08T21:45:00.000","OLTORF ST / 4TH ST","NORTHBOUND","LEFT TURN","false","5","3.4","2.191","37.48","50.15","7","8","2024","21","45","1","900"
"55d07bce2b62dac11f9116eb56abcea0","6808","2024-07-08T21:45:00.000","OLTORF ST / 4TH ST","NORTHBOUND","RIGHT TURN","false","3","1.667","0.577","9.433","3.05","7","8","2024","21","45","1","900"
"46a525765e4bcfd83424fb28d0ce3a8a","6808","2024-07-08T21:45:00.000","OLTORF ST / 4TH ST","NORTHBOUND","RIGHT TURN","true","1","0.0","0.0","1.4","0.0","7","8","2024","21","45","1","900"
"d8115cfb7777dff0edbc4b4aa5a0d319","6808","2024-07-08T21:45:00.000","OLTORF ST / 4TH ST","NORTHBOUND","THRU","false","12","4.833","2.588","8.758","13.629","7","8","2024","21","45","1","900"
"2912b6c3d92f72ddd32eb16f60ea2fe3","6808","2024-07-08T21:45:00.000","OLTORF ST / 4TH ST","NORTHBOUND","THRU","true","8","7.5","4.106","7.238","11.181","7","8","2024","21","45","1","900"
"e5fbf267d4322d0a236cc71d53ae3073","6808","2024-07-08T21:45:00.000","OLTORF ST / 4TH ST","SOUTHBOUND","LEFT TURN","false","3","7.667","2.887","1.667","0.379","7","8","2024","21","45","1","900"
"80d59c1c26d9624bb81bc70cae39c5ae","6808","2024-07-08T21:45:00.000","OLTORF ST / 4TH ST","SOUTHBOUND","LEFT TURN","true","1","7.0","0.0","4.3","0.0","7","8","2024","21","45","1","900"
"7bea4a7f79b2b3bd399740fd1710dbab","6808","2024-07-08T21:45:00.000","OLTORF ST / 4TH ST","SOUTHBOUND","THRU","false","23","11.087","4.481","5.309","13.706","7","8","2024","21","45","1","900"
"1bac93dafb05414cd0b7a1c0968cedd6","6808","2024-07-08T21:45:00.000","OLTORF ST / 4TH ST","SOUTHBOUND","THRU","true","4","13.25","3.862","2.525","1.962","7","8","2024","21","45","1","900"
"a21dc03cde34f51b83c1cf83edc00514","6808","2024-07-08T21:45:00.000","OLTORF ST / 4TH ST","WESTBOUND","LEFT TURN","false","3","5.667","0.577","18.233","31.408","7","8","2024","21","45","1","900"
"205950046d3cb317223b07bc2c7f82f9","6808","2024-07-08T21:45:00.000","OLTORF ST / 4TH ST","WESTBOUND","LEFT TURN","true","5","6.0","1.732","26.16","33.202","7","8","2024","21","45","1","900"
"d0561876f43e8ba1394271ddac79072f","6808","2024-07-08T21:45:00.000","OLTORF ST / 4TH ST","WESTBOUND","THRU","false","10","6.0","2.867","18.8","27.898","7","8","2024","21","45","1","900"
"a5847ee564eb68a50158b3508a5f64c0","6808","2024-07-08T21:45:00.000","OLTORF ST / 4TH ST","WESTBOUND","THRU","true","11","8.455","4.525","30.055","32.223","7","8","2024","21","45","1","900"
"af7fa87a5a1b807e450433ab342f9657","6653","2024-07-08T21:30:00.000","38TH ST / MEDICAL PKWY","EASTBOUND","LEFT TURN","false","1","16.0","0.0","2.7","0.0","7","8","2024","21","30","1","900"
"a222b13b8da93f021b77dc9e4a6e5c19","6653","2024-07-08T21:30:00.000","38TH ST / MEDICAL PKWY","EASTBOUND","RIGHT TURN","false","2","7.0","0.0","0.9","0.566","7","8","2024","21","30","1","900"
"ad6892ec74753646fef5a3ac2b536ede","6653","2024-07-08T21:30:00.000","38TH ST / MEDICAL PKWY","EASTBOUND","THRU","false","35","17.143","8.189","19.1","20.053","7","8","2024","21","30","1","900"
"9d72cfea5abb8852d2580b9ed0f2b73a","6653","2024-07-08T21:30:00.000","38TH ST / MEDICAL PKWY","EASTBOUND","THRU","true","6","14.0","4.099","26.517","18.847","7","8","2024","21","30","1","900"
"d3761dbcd3811d356b810bdb46061b22","6653","2024-07-08T21:30:00.000","38TH ST / MEDICAL PKWY","NORTHBOUND","LEFT TURN","false","2","11.0","5.657","37.05","44.901","7","8","2024","21","30","1","900"
"40fa12f520fb2c3be9a4e27972e71eee","6653","2024-07-08T21:30:00.000","38TH ST / MEDICAL PKWY","NORTHBOUND","RIGHT TURN","false","2","8.5","4.95","3.65","4.879","7","8","2024","21","30","1","900"
"0fb517c01f4d2a47cac3efaa6a7eb4ba","6653","2024-07-08T21:30:00.000","38TH ST / MEDICAL PKWY","NORTHBOUND","RIGHT TURN","true","2","4.0","5.657","8.55","0.919","7","8","2024","21","30","1","900"
"0adedfbacfe4777584d9641289b54084","6653","2024-07-08T21:30:00.000","38TH ST / MEDICAL PKWY","NORTHBOUND","THRU","false","2","11.5","16.263","39.5","53.316","7","8","2024","21","30","1","900"
"4141ca24fa8a0fa57327e6952ed99309","6653","2024-07-08T21:30:00.000","38TH ST / MEDICAL PKWY","NORTHBOUND","THRU","true","1","0.0","0.0","0.0","0.0","7","8","2024","21","30","1","900"
"a03f231eb60a0d649cb299631cc14393","6653","2024-07-08T21:30:00.000","38TH ST / MEDICAL PKWY","SOUTHBOUND","LEFT TURN","false","1","7.0","0.0","1.6","0.0","7","8","2024","21","30","1","900"
"e03d1b2be93b4ae6509b0e2aa888f7d5","6653","2024-07-08T21:30:00.000","38TH ST / MEDICAL PKWY","WESTBOUND","LEFT TURN","false","2","13.0","2.828","1.4","1.131","7","8","2024","21","30","1","900"
"382ccfbbe79c7255b84276a3fc4d9aae","6653","2024-07-08T21:30:00.000","38TH ST / MEDICAL PKWY","WESTBOUND","RIGHT TURN","false","1","18.0","0.0","2.0","0.0","7","8","2024","21","30","1","900"
"31bb7b3dac4c4ec582662475eb80b67a","6653","2024-07-08T21:30:00.000","38TH ST / MEDICAL PKWY","WESTBOUND","THRU","false","59","24.475","10.124","5.131","13.657","7","8","2024","21","30","1","900"
"59c97ccde6b3c9f4d7bbeaece1f47436","6653","2024-07-08T21:30:00.000","38TH ST / MEDICAL PKWY","WESTBOUND","THRU","true","35","22.371","10.666","3.274","11.051","7","8","2024","21","30","1","900"
"3a88a9bdb863e04af2ba16b67fa8af73","6882","2024-07-08T21:30:00.000","AIRPORT BLVD / 51ST ST","EASTBOUND","LEFT TURN","false","4","10.25","3.403","7.4","10.928","7","8","2024","21","30","1","900"
"ff64edd9e1e782465e4938ce6c7c45e9","6882","2024-07-08T21:30:00.000","AIRPORT BLVD / 51ST ST","EASTBOUND","RIGHT TURN","false","6","8.333","7.062","1.333","1.661","7","8","2024","21","30","1","900"
"8822718115386c045a7e66461a1c7219","6882","2024-07-08T21:30:00.000","AIRPORT BLVD / 51ST ST","EASTBOUND","RIGHT TURN","true","2","10.0","4.243","1.0","0.849","7","8","2024","21","30","1","900"
"e43f1a5b7d768047526855afdc894fd0","6882","2024-07-08T21:30:00.000","AIRPORT BLVD / 51ST ST","EASTBOUND","THRU","false","31","13.29","5.417","1.135","0.889","7","8","2024","21","30","1","900"
"1ecf393fa91a3367748432426c386028","6882","2024-07-08T21:30:00.000","AIRPORT BLVD / 51ST ST","EASTBOUND","THRU","true","14","14.714","6.39","0.921","0.934","7","8","2024","21","30","1","900"
"de44468b1d7e2c0f125c18a5c22dee9e","6882","2024-07-08T21:30:00.000","AIRPORT BLVD / 51ST ST","NORTHBOUND","LEFT TURN","false","4","8.75","12.038","32.9","30.106","7","8","2024","21","30","1","900"
"92e48b53d21a6d4b3483275e150c21bc","6882","2024-07-08T21:30:00.000","AIRPORT BLVD / 51ST ST","NORTHBOUND","LEFT TURN","true","2","6.0","1.414","49.75","65.125","7","8","2024","21","30","1","900"
"fab662a6373df9968f1016f23851ac0c","6882","2024-07-08T21:30:00.000","AIRPORT BLVD / 51ST ST","NORTHBOUND","THRU","false","55","18.618","9.814","2.636","4.774","7","8","2024","21","30","1","900"
"5c1af681437d0768175774b208cb95d7","6882","2024-07-08T21:30:00.000","AIRPORT BLVD / 51ST ST","NORTHBOUND","THRU","true","7","17.714","8.655","1.343","1.583","7","8","2024","21","30","1","900"
"5766741745ac6206840f80a72359c946","6882","2024-07-08T21:30:00.000","AIRPORT BLVD / 51ST ST","SOUTHBOUND","LEFT TURN","false","6","12.5","6.892","3.333","1.995","7","8","2024","21","30","1","900"
"879cde4055b8620a127950174d53dc0b","6882","2024-07-08T21:30:00.000","AIRPORT BLVD / 51ST ST","SOUTHBOUND","LEFT TURN","true","1","7.0","0.0","22.3","0.0","7","8","2024","21","30","1","900"
"bf2c1577e63b7988ff4485846daf14c2","6882","2024-07-08T21:30:00.000","AIRPORT BLVD / 51ST ST","SOUTHBOUND","RIGHT TURN","true","1","12.0","0.0","3.6","0.0","7","8","2024","21","30","1","900"
"cca11245f66e1ca02b318601b71d8031","6882","2024-07-08T21:30:00.000","AIRPORT BLVD / 51ST ST","SOUTHBOUND","THRU","false","56","29.625","13.317","6.916","14.544","7","8","2024","21","30","1","900"
"887223ff102791595f6f0cbc91119e7d","6882","2024-07-08T21:30:00.000","AIRPORT BLVD / 51ST ST","SOUTHBOUND","THRU","true","13","21.308","13.853","22.846","24.226","7","8","2024","21","30","1","900"
"37561fd94c04a0a2983d7e90fbc11c8b","6882","2024-07-08T21:30:00.000","AIRPORT BLVD / 51ST ST","WESTBOUND","LEFT TURN","false","2","4.5","6.364","3.35","4.596","7","8","2024","21","30","1","900"
"fbc50b08e3b21f8bcef8f5cc0a01748b","6882","2024-07-08T21:30:00.000","AIRPORT BLVD / 51ST ST","WESTBOUND","LEFT TURN","true","1","0.0","0.0","0.0","0.0","7","8","2024","21","30","1","900"
"a6330d621e01fb22ccada1ef8e55cdb3","6882","2024-07-08T21:30:00.000","AIRPORT BLVD / 51ST ST","WESTBOUND","RIGHT TURN","false","5","2.4","2.191","17.3","31.888","7","8","2024","21","30","1","900"
"0ef71e805069b92d45bd3eb6ca78d565","6882","2024-07-08T21:30:00.000","AIRPORT BLVD / 51ST ST","WESTBOUND","THRU","false","8","5.25","5.825","13.4","29.937","7","8","2024","21","30","1","900"
"29534acec2559560ebedbc76cdcdd317","6882","2024-07-08T21:30:00.000","AIRPORT BLVD / 51ST ST","WESTBOUND","THRU","true","5","7.4","8.142","23.34","34.964","7","8","2024","21","30","1","900"
"38868d61f7ba096a97a8dda2d8468fb1","7038","2024-07-08T21:30:00.000","ANDERSON LN / SHOAL CREEK BLVD","EASTBOUND","LEFT TURN","true","1","11.0","0.0","0.0","0.0","7","8","2024","21","30","1","900"
"79e975055649c9464dda7a526cc000e5","7038","2024-07-08T21:30:00.000","ANDERSON LN / SHOAL CREEK BLVD","EASTBOUND","RIGHT TURN","false","6","9.833","2.563","0.0","0.0","7","8","2024","21","30","1","900"
"d409e6938bddd6bda625806a7cd7d7d5","7038","2024-07-08T21:30:00.000","ANDERSON LN / SHOAL CREEK BLVD","EASTBOUND","RIGHT TURN","true","1","2.0","0.0","0.0","0.0","7","8","2024","21","30","1","900"
"3194045df30274d4d3bf51dce1fd0ef4","7038","2024-07-08T21:30:00.000","ANDERSON LN / SHOAL CREEK BLVD","EASTBOUND","THRU","false","46","30.391","10.744","0.12","0.348","7","8","2024","21","30","1","900"
"1ad882532c7f05b610877fec32d60a35","7038","2024-07-08T21:30:00.000","ANDERSON LN / SHOAL CREEK BLVD","EASTBOUND","THRU","true","4","24.0","14.166","0.45","0.526","7","8","2024","21","30","1","900"
"d7e8a07f3f6c4fc76c769ba453a060c7","7038","2024-07-08T21:30:00.000","ANDERSON LN / SHOAL CREEK BLVD","NORTHBOUND","LEFT TURN","false","6","10.5","4.848","5.183","9.4","7","8","2024","21","30","1","900"
"1a47fb6c6e10e02e6451842496acbe57","7038","2024-07-08T21:30:00.000","ANDERSON LN / SHOAL CREEK BLVD","NORTHBOUND","LEFT TURN","true","4","8.0","7.439","1.175","2.35","7","8","2024","21","30","1","900"
"c5363627b409fd359fc7c1a671ecdbbb","7038","2024-07-08T21:30:00.000","ANDERSON LN / SHOAL CREEK BLVD","NORTHBOUND","RIGHT TURN","false","2","4.0","1.414","6.0","1.131","7","8","2024","21","30","1","900"
"e066e79b1e9a06831ff2f43d66184f3f","7038","2024-07-08T21:30:00.000","ANDERSON LN / SHOAL CREEK BLVD","NORTHBOUND","RIGHT TURN","true","1","7.0","0.0","3.3","0.0","7","8","2024","21","30","1","900"
"f3c399b64711d0fde7034b40ade068bb","7038","2024-07-08T21:30:00.000","ANDERSON LN / SHOAL CREEK BLVD","NORTHBOUND","THRU","false","1","8.0","0.0","0.0","0.0","7","8","2024","21","30","1","900"
"e50102cbfc5ee57e71197e3d4e674e7f","7038","2024-07-08T21:30:00.000","ANDERSON LN / SHOAL CREEK BLVD","NORTHBOUND","THRU","true","3","8.667","4.163","2.0","3.464","7","8","2024","21","30","1","900"
"ccf7a2c14cd1345145c10f066235328c","7038","2024-07-08T21:30:00.000","ANDERSON LN / SHOAL CREEK BLVD","SOUTHBOUND","LEFT TURN","false","1","9.0","0.0","0.0","0.0","7","8","2024","21","30","1","900"
"bca32a2cb2a48c1f79758176103fc8ed","7038","2024-07-08T21:30:00.000","ANDERSON LN / SHOAL CREEK BLVD","SOUTHBOUND","LEFT TURN","true","1","14.0","0.0","0.0","0.0","7","8","2024","21","30","1","900"
"49abf9e57bf95343e52712ec660629d4","7038","2024-07-08T21:30:00.000","ANDERSON LN / SHOAL CREEK BLVD","SOUTHBOUND","RIGHT TURN","false","3","12.0","3.606","0.0","0.0","7","8","2024","21","30","1","900"
"2959aea724e06eec8d4aa23096fc06f9","7038","2024-07-08T21:30:00.000","ANDERSON LN / SHOAL CREEK BLVD","SOUTHBOUND","RIGHT TURN","true","6","6.167","3.92","0.0","0.0","7","8","2024","21","30","1","900"
"3d4bd06cca6ad753c4c156333bde6438","7038","2024-07-08T21:30:00.000","ANDERSON LN / SHOAL CREEK BLVD","SOUTHBOUND","THRU","false","5","14.2","5.263","0.0","0.0","7","8","2024","21","30","1","900"
"b0fe378685c5e3a76f965ae3d26ef491","7038","2024-07-08T21:30:00.000","ANDERSON LN / SHOAL CREEK BLVD","SOUTHBOUND","THRU","true","2","128.0","175.362","0.1","0.141","7","8","2024","21","30","1","900"
"acc0f66ea623f281e2978c104039d538","7038","2024-07-08T21:30:00.000","ANDERSON LN / SHOAL CREEK BLVD","WESTBOUND","THRU","false","41","17.732","8.286","0.0","0.0","7","8","2024","21","30","1","900"
"859e63f78b3a0a76e113cf7a0b2b9054","7038","2024-07-08T21:30:00.000","ANDERSON LN / SHOAL CREEK BLVD","WESTBOUND","THRU","true","7","14.143","5.64","0.0","0.0","7","8","2024","21","30","1","900"
"8a8d0ab4953a802a3aaea7ce6e423f33","7343","2024-07-08T21:30:00.000","RIVERSIDE DR / BURTON DR","EASTBOUND","LEFT TURN","false","7","13.571","2.878","5.086","10.08","7","8","2024","21","30","1","900"
"4642b252c41c4625bb41f8ddb5eee51a","7343","2024-07-08T21:30:00.000","RIVERSIDE DR / BURTON DR","EASTBOUND","LEFT TURN","true","4","10.0","6.683","11.05","11.53","7","8","2024","21","30","1","900"
"20544968ae107d61105bf158c896a87d","7343","2024-07-08T21:30:00.000","RIVERSIDE DR / BURTON DR","EASTBOUND","THRU","false","34","15.353","9.175","3.479","9.374","7","8","2024","21","30","1","900"
"15c7217a1a428088fcb4e3b9d066e215","7343","2024-07-08T21:30:00.000","RIVERSIDE DR / BURTON DR","EASTBOUND","THRU","true","14","19.571","12.445","3.914","6.354","7","8","2024","21","30","1","900"
"fa780c15c80c46130f86aeb2cd9d145a","7343","2024-07-08T21:30:00.000","RIVERSIDE DR / BURTON DR","NORTHBOUND","LEFT TURN","false","10","19.5","12.122","11.48","16.47","7","8","2024","21","30","1","900"
"6f62d963a85b90c3beb393a674e1b734","7343","2024-07-08T21:30:00.000","RIVERSIDE DR / BURTON DR","NORTHBOUND","LEFT TURN","true","4","24.25","3.304","16.95","26.267","7","8","2024","21","30","1","900"
"9abbdca26404ece11028f604acc854b5","7343","2024-07-08T21:30:00.000","RIVERSIDE DR / BURTON DR","NORTHBOUND","THRU","false","2","11.5","7.778","0.65","0.495","7","8","2024","21","30","1","900"
"4431bdbe8507ade7aee32417455c1527","7343","2024-07-08T21:30:00.000","RIVERSIDE DR / BURTON DR","NORTHBOUND","THRU","true","4","10.75","10.308","8.1","15.667","7","8","2024","21","30","1","900"
"ddd25797b7acd0cb624d17738583adff","7343","2024-07-08T21:30:00.000","RIVERSIDE DR / BURTON DR","SOUTHBOUND","LEFT TURN","false","3","13.0","2.646","22.433","29.082","7","8","2024","21","30","1","900"
"2b76b0dd3eda843f4d58109f7aa48d29","7343","2024-07-08T21:30:00.000","RIVERSIDE DR / BURTON DR","SOUTHBOUND","LEFT TURN","true","2","0.0","0.0","6.9","0.99","7","8","2024","21","30","1","900"
"b37525044ffa13bd55915acdc108cebe","7343","2024-07-08T21:30:00.000","RIVERSIDE DR / BURTON DR","SOUTHBOUND","RIGHT TURN","false","4","9.75","1.258","9.4","8.711","7","8","2024","21","30","1","900"
"b853ab777afd2c310bf78ad87c9470a1","7343","2024-07-08T21:30:00.000","RIVERSIDE DR / BURTON DR","SOUTHBOUND","RIGHT TURN","true","19","8.421","1.677","12.268","10.923","7","8","2024","21","30","1","900"
"a1399556a45edcea4a338a2128833715","7343","2024-07-08T21:30:00.000","RIVERSIDE DR / BURTON DR","SOUTHBOUND","THRU","false","3","12.667","5.033","4.433","2.303","7","8","2024","21","30","1","900"
"7edec1ddee303e8e41c2fb4bc9b36923","7343","2024-07-08T21:30:00.000","RIVERSIDE DR / BURTON DR","SOUTHBOUND","THRU","true","6","15.333","4.761","9.117","9.264","7","8","2024","21","30","1","900"
"2b5888c0006203e1e5d2a73ce1809636","7343","2024-07-08T21:30:00.000","RIVERSIDE DR / BURTON DR","WESTBOUND","LEFT TURN","false","9","12.667","2.345","27.967","41.452","7","8","2024","21","30","1","900"
"2ca958863a7a63bbd89dc01ed3d533b7","7343","2024-07-08T21:30:00.000","RIVERSIDE DR / BURTON DR","WESTBOUND","LEFT TURN","true","5","13.2","2.49","2.5","1.966","7","8","2024","21","30","1","900"
"60b734f948b2434d72b82816a97ea661","7343","2024-07-08T21:30:00.000","RIVERSIDE DR / BURTON DR","WESTBOUND","RIGHT TURN","false","5","0.0","0.0","4.92","2.19","7","8","2024","21","30","1","900"
"5ae0cc3d1f8b54107c808126cbbf6e4c","7343","2024-07-08T21:30:00.000","RIVERSIDE DR / BURTON DR","WESTBOUND","RIGHT TURN","true","5","0.0","0.0","5.1","2.244","7","8","2024","21","30","1","900"
"760eb1e4b1c15b7a14a180f58cf663a5","7343","2024-07-08T21:30:00.000","RIVERSIDE DR / BURTON DR","WESTBOUND","THRU","false","42","27.429","19.11","9.445","17.099","7","8","2024","21","30","1","900"
"26878baf4332cba436b454a100ed8757","7343","2024-07-08T21:30:00.000","RIVERSIDE DR / BURTON DR","WESTBOUND","THRU","true","51","21.137","16.265","9.861","14.886","7","8","2024","21","30","1","900"
"c183b99b18c61d368ab45e33db531c85","6382","2024-07-08T21:30:00.000","FM 620 RD / DEERBROOK TRL","EASTBOUND","RIGHT TURN","false","1","14.0","0.0","0.8","0.0","7","8","2024","21","30","1","900"
"e436c15242baad2c048998e724d81715","6382","2024-07-08T21:30:00.000","FM 620 RD / DEERBROOK TRL","EASTBOUND","RIGHT TURN","true","1","12.0","0.0","0.1","0.0","7","8","2024","21","30","1","900"
"9171f2c726c0f276c5289e9aab88f4f9","6382","2024-07-08T21:30:00.000","FM 620 RD / DEERBROOK TRL","EASTBOUND","THRU","false","51","41.255","6.723","1.341","0.668","7","8","2024","21","30","1","900"
"8e610fe1f2f112fec718ea77af76fedb","6382","2024-07-08T21:30:00.000","FM 620 RD / DEERBROOK TRL","EASTBOUND","THRU","true","64","39.828","10.102","1.955","3.027","7","8","2024","21","30","1","900"
"86852e8aaf31c6866280ab2e6e366b8d","6382","2024-07-08T21:30:00.000","FM 620 RD / DEERBROOK TRL","NORTHBOUND","LEFT TURN","true","1","13.0","0.0","4.4","0.0","7","8","2024","21","30","1","900"
"0873b4d99a928b691fec2e342ce8de7b","6382","2024-07-08T21:30:00.000","FM 620 RD / DEERBROOK TRL","NORTHBOUND","RIGHT TURN","false","4","5.5","3.697","8.775","6.512","7","8","2024","21","30","1","900"
"f1ce9344a808eff0b3fbbfc0b91b0057","6382","2024-07-08T21:30:00.000","FM 620 RD / DEERBROOK TRL","NORTHBOUND","RIGHT TURN","true","4","7.25","0.5","7.15","4.636","7","8","2024","21","30","1","900"
"eacc875d2e68fd72203cb3630a19bd40","6382","2024-07-08T21:30:00.000","FM 620 RD / DEERBROOK TRL","WESTBOUND","LEFT TURN","false","3","12.333","2.082","1.167","1.097","7","8","2024","21","30","1","900"
"ab967e9646cc8fe6e9c1c62f9aaa28a1","6382","2024-07-08T21:30:00.000","FM 620 RD / DEERBROOK TRL","WESTBOUND","LEFT TURN","true","3","3.667","6.351","4.4","2.433","7","8","2024","21","30","1","900"
"934aac46b8f3016a7ba9702913ddc9e9","6382","2024-07-08T21:30:00.000","FM 620 RD / DEERBROOK TRL","WESTBOUND","THRU","false","22","36.091","11.439","1.782","1.301","7","8","2024","21","30","1","900"
"8177c141dd45d338f06ff58c72bdf3ae","6382","2024-07-08T21:30:00.000","FM 620 RD / DEERBROOK TRL","WESTBOUND","THRU","true","28","36.321","8.305","1.607","0.977","7","8","2024","21","30","1","900"
"6d28a1fe892109baad11e8ae2b95bdc4","6881","2024-07-08T21:30:00.000","SLAUGHTER LN / LINDSHIRE LN","EASTBOUND","THRU","false","13","30.385","9.143","1.069","0.843","7","8","2024","21","30","1","900"
"c545a886532b002784e309f054deaff1","6881","2024-07-08T21:30:00.000","SLAUGHTER LN / LINDSHIRE LN","EASTBOUND","THRU","true","7","21.429","15.82","0.586","0.54","7","8","2024","21","30","1","900"
"51f89baedb1c98ef32f90aa5d610bd9f","6881","2024-07-08T21:30:00.000","SLAUGHTER LN / LINDSHIRE LN","NORTHBOUND","LEFT TURN","false","2","3.5","4.95","9.8","0.566","7","8","2024","21","30","1","900"
"b16d00759ee4b075ddfa87954c4e2c15","6881","2024-07-08T21:30:00.000","SLAUGHTER LN / LINDSHIRE LN","NORTHBOUND","RIGHT TURN","false","2","4.5","3.536","7.65","0.919","7","8","2024","21","30","1","900"
"999ed2565794e4d369e922b86941288c","6881","2024-07-08T21:30:00.000","SLAUGHTER LN / LINDSHIRE LN","NORTHBOUND","RIGHT TURN","true","1","2.0","0.0","16.8","0.0","7","8","2024","21","30","1","900"
"6b778d953862b733e77227e47323c7c5","6881","2024-07-08T21:30:00.000","SLAUGHTER LN / LINDSHIRE LN","NORTHBOUND","THRU","false","3","7.0","4.359","32.667","55.285","7","8","2024","21","30","1","900"
"f07bfad7f35be9a7f4effd9bda76c655","6881","2024-07-08T21:30:00.000","SLAUGHTER LN / LINDSHIRE LN","NORTHBOUND","THRU","true","1","0.0","0.0","8.8","0.0","7","8","2024","21","30","1","900"
"a2b20b697a110b7f837bbe025dfaf891","6881","2024-07-08T21:30:00.000","SLAUGHTER LN / LINDSHIRE LN","SOUTHBOUND","THRU","false","1","14.0","0.0","1.8","0.0","7","8","2024","21","30","1","900"
"dbb37dea5f3c84da73f0f21b9bf81726","6881","2024-07-08T21:30:00.000","SLAUGHTER LN / LINDSHIRE LN","WESTBOUND","LEFT TURN","true","2","8.5","2.121","17.55","23.547","7","8","2024","21","30","1","900"
"b3fd8fefe0263863609e9a6e65e8c4ef","6881","2024-07-08T21:30:00.000","SLAUGHTER LN / LINDSHIRE LN","WESTBOUND","THRU","false","45","25.911","9.057","5.778","10.66","7","8","2024","21","30","1","900"
"181337d08942e5e3b41c20737af59730","6881","2024-07-08T21:30:00.000","SLAUGHTER LN / LINDSHIRE LN","WESTBOUND","THRU","true","26","26.385","10.666","4.208","9.055","7","8","2024","21","30","1","900"
"6c0987002a836cac27a381c471ae0436","6808","2024-07-08T21:30:00.000","OLTORF ST / 4TH ST","EASTBOUND","LEFT TURN","false","1","4.0","0.0","0.3","0.0","7","8","2024","21","30","1","900"
"7589a967fea180c71fd58d6fe1dc0214","6808","2024-07-08T21:30:00.000","OLTORF ST / 4TH ST","EASTBOUND","THRU","false","21","7.524","4.082","9.976","23.889","7","8","2024","21","30","1","900"
"05d89f77adeb7059e97ce9f62c09acfc","6808","2024-07-08T21:30:00.000","OLTORF ST / 4TH ST","EASTBOUND","THRU","true","3","8.333","4.933","29.8","49.711","7","8","2024","21","30","1","900"
"1ff0040a9c70471a382b0b36fd321c3f","6808","2024-07-08T21:30:00.000","OLTORF ST / 4TH ST","NORTHBOUND","LEFT TURN","false","6","4.0","1.549","0.9","1.126","7","8","2024","21","30","1","900"
"e7d93a6d6cb36f78571e27c11bc4bc4a","6808","2024-07-08T21:30:00.000","OLTORF ST / 4TH ST","NORTHBOUND","RIGHT TURN","true","2","6.0","0.0","2.7","3.677","7","8","2024","21","30","1","900"
"a6fd6e8f0245a0aba2f9002463f5c602","6808","2024-07-08T21:30:00.000","OLTORF ST / 4TH ST","NORTHBOUND","THRU","false","18","7.667","4.256","5.644","16.643","7","8","2024","21","30","1","900"
"4a825f169d7d70fa6d823a0f95048ada","6808","2024-07-08T21:30:00.000","OLTORF ST / 4TH ST","NORTHBOUND","THRU","true","14","9.071","3.97","7.55","11.434","7","8","2024","21","30","1","900"
"e3ebc3b76ba3cbc195eaba21e890ae79","6808","2024-07-08T21:30:00.000","OLTORF ST / 4TH ST","SOUTHBOUND","LEFT TURN","false","6","6.167","1.169","1.85","1.377","7","8","2024","21","30","1","900"
"b0c3364a9807d1dd0ca646037b77d3f0","6808","2024-07-08T21:30:00.000","OLTORF ST / 4TH ST","SOUTHBOUND","LEFT TURN","true","3","2.333","4.041","2.167","3.235","7","8","2024","21","30","1","900"
"02721faacff473a2d98701abb7b6aee3","6808","2024-07-08T21:30:00.000","OLTORF ST / 4TH ST","SOUTHBOUND","THRU","false","20","10.25","4.423","10.61","21.389","7","8","2024","21","30","1","900"
"73e8479dd9b4718de7a53268e657d1c6","6808","2024-07-08T21:30:00.000","OLTORF ST / 4TH ST","SOUTHBOUND","THRU","true","6","9.5","3.564","12.833","23.593","7","8","2024","21","30","1","900"
"8104b9f0ef3a6f718d12ec46c540fd87","6808","2024-07-08T21:30:00.000","OLTORF ST / 4TH ST","WESTBOUND","LEFT TURN","false","5","6.2","1.643","23.68","21.093","7","8","2024","21","30","1","900"
"7c6f6f3d78ad815ba2a31b7ba8131157","6808","2024-07-08T21:30:00.000","OLTORF ST / 4TH ST","WESTBOUND","LEFT TURN","true","3","7.0","1.0","2.267","3.323","7","8","2024","21","30","1","900"
"4c16f7e73273b0c166050c2047fb6efd","6808","2024-07-08T21:30:00.000","OLTORF ST / 4TH ST","WESTBOUND","THRU","false","11","7.636","2.908","26.7","29.478","7","8","2024","21","30","1","900"
"5c3837a4ba6d0b6b198ecf08792eacd2","6808","2024-07-08T21:30:00.000","OLTORF ST / 4TH ST","WESTBOUND","THRU","true","18","7.333","3.694","21.317","31.02","7","8","2024","21","30","1","900"
"b17163b18eb48956775322e126c511c4","6653","2024-07-08T21:15:00.000","38TH ST / MEDICAL PKWY","EASTBOUND","LEFT TURN","true","2","0.0","0.0","33.35","44.901","7","8","2024","21","15","1","900"
"c6f04384560d1340991d3ef71dba9a2d","6653","2024-07-08T21:15:00.000","38TH ST / MEDICAL PKWY","EASTBOUND","RIGHT TURN","false","2","7.5","0.707","0.9","1.131","7","8","2024","21","15","1","900"
"1d3e717883d4d546cdaae55d61ab049d","6653","2024-07-08T21:15:00.000","38TH ST / MEDICAL PKWY","EASTBOUND","THRU","false","39","18.308","7.234","19.533","23.665","7","8","2024","21","15","1","900"
"6710c8103b921f69ae2e1985779dd761","6653","2024-07-08T21:15:00.000","38TH ST / MEDICAL PKWY","EASTBOUND","THRU","true","6","15.333","3.141","26.267","28.355","7","8","2024","21","15","1","900"
"2aeb28c645a97dcaa8e263c0699da623","6653","2024-07-08T21:15:00.000","38TH ST / MEDICAL PKWY","NORTHBOUND","LEFT TURN","false","5","12.2","7.981","43.18","41.23","7","8","2024","21","15","1","900"
"de30bdbce44053e930943c2f7e953c42","6653","2024-07-08T21:15:00.000","38TH ST / MEDICAL PKWY","NORTHBOUND","LEFT TURN","true","1","10.0","0.0","52.2","0.0","7","8","2024","21","15","1","900"
"739854eb188fb5ed17bce3329b9e92f9","6653","2024-07-08T21:15:00.000","38TH ST / MEDICAL PKWY","NORTHBOUND","RIGHT TURN","false","6","3.333","4.844","12.05","13.325","7","8","2024","21","15","1","900"
"cf30028c9da28cdd9522de761f374c97","6653","2024-07-08T21:15:00.000","38TH ST / MEDICAL PKWY","NORTHBOUND","RIGHT TURN","true","4","5.5","6.028","4.45","5.214","7","8","2024","21","15","1","900"
"22b0f788e097ea5981d5f54a7a6ad312","6653","2024-07-08T21:15:00.000","38TH ST / MEDICAL PKWY","NORTHBOUND","THRU","true","1","11.0","0.0","21.1","0.0","7","8","2024","21","15","1","900"
"ef0e7a7653e5d6e31689a1c5406a50c2","6653","2024-07-08T21:15:00.000","38TH ST / MEDICAL PKWY","SOUTHBOUND","THRU","true","1","8.0","0.0","61.8","0.0","7","8","2024","21","15","1","900"
"ea551d919a9b13efa2f58e3355f9837f","6653","2024-07-08T21:15:00.000","38TH ST / MEDICAL PKWY","WESTBOUND","RIGHT TURN","false","2","12.0","0.0","3.25","0.636","7","8","2024","21","15","1","900"
"995165ea7ef003b7e717d08261915737","6653","2024-07-08T21:15:00.000","38TH ST / MEDICAL PKWY","WESTBOUND","THRU","false","53","25.925","10.455","7.075","15.206","7","8","2024","21","15","1","900"
"fcb86eee731bfda16c8c177a0aca0567","6653","2024-07-08T21:15:00.000","38TH ST / MEDICAL PKWY","WESTBOUND","THRU","true","25","25.92","9.81","7.22","18.351","7","8","2024","21","15","1","900"
"f77dc34890ae4eae14b40c0766f75410","6882","2024-07-08T21:15:00.000","AIRPORT BLVD / 51ST ST","EASTBOUND","LEFT TURN","false","4","9.0","0.816","1.25","0.81","7","8","2024","21","15","1","900"
"86c54e0126d3fdb971dd42ffb22c82b6","6882","2024-07-08T21:15:00.000","AIRPORT BLVD / 51ST ST","EASTBOUND","LEFT TURN","true","1","2.0","0.0","0.1","0.0","7","8","2024","21","15","1","900"
"336728ddec66f6c0347ff16dc8f84de2","6882","2024-07-08T21:15:00.000","AIRPORT BLVD / 51ST ST","EASTBOUND","RIGHT TURN","false","4","12.5","3.786","0.775","0.45","7","8","2024","21","15","1","900"
"9ffebdfd55d2877c8a6a6d8769789245","6882","2024-07-08T21:15:00.000","AIRPORT BLVD / 51ST ST","EASTBOUND","RIGHT TURN","true","3","10.667","3.055","1.467","2.113","7","8","2024","21","15","1","900"
"5485c790d53a41874830034595d1d300","6882","2024-07-08T21:15:00.000","AIRPORT BLVD / 51ST ST","EASTBOUND","THRU","false","29","11.793","5.57","4.803","18.0","7","8","2024","21","15","1","900"
"ce1653dda76f525ed3351575379ccb81","6882","2024-07-08T21:15:00.000","AIRPORT BLVD / 51ST ST","EASTBOUND","THRU","true","9","9.333","7.483","4.189","8.333","7","8","2024","21","15","1","900"
"0b5b1c14f4fa771987cc5c5adeab3ed5","6882","2024-07-08T21:15:00.000","AIRPORT BLVD / 51ST ST","NORTHBOUND","LEFT TURN","false","1","5.0","0.0","109.1","0.0","7","8","2024","21","15","1","900"
"337cc27ce06f053a3bf3ad7cff1a1e00","6882","2024-07-08T21:15:00.000","AIRPORT BLVD / 51ST ST","NORTHBOUND","LEFT TURN","true","5","4.2","8.289","28.72","37.162","7","8","2024","21","15","1","900"
"e801eef85d0690e27f36276cca188727","6882","2024-07-08T21:15:00.000","AIRPORT BLVD / 51ST ST","NORTHBOUND","RIGHT TURN","false","1","8.0","0.0","3.7","0.0","7","8","2024","21","15","1","900"
"d00c7788f490beb16117aba1cbe316a2","6882","2024-07-08T21:15:00.000","AIRPORT BLVD / 51ST ST","NORTHBOUND","THRU","false","64","19.344","7.74","4.528","9.794","7","8","2024","21","15","1","900"
"0210bb411f0c357eab74c7277b257195","6882","2024-07-08T21:15:00.000","AIRPORT BLVD / 51ST ST","NORTHBOUND","THRU","true","3","20.0","10.817","12.3","19.928","7","8","2024","21","15","1","900"
"a550c73a322aa5fc8869284d175f99cf","6882","2024-07-08T21:15:00.000","AIRPORT BLVD / 51ST ST","SOUTHBOUND","LEFT TURN","false","8","13.625","6.886","9.388","11.566","7","8","2024","21","15","1","900"
"3377e4f412f293db13b8cf8105e5f492","6882","2024-07-08T21:15:00.000","AIRPORT BLVD / 51ST ST","SOUTHBOUND","RIGHT TURN","false","1","5.0","0.0","7.0","0.0","7","8","2024","21","15","1","900"
"472e12eed1de0548048979bed963d721","6882","2024-07-08T21:15:00.000","AIRPORT BLVD / 51ST ST","SOUTHBOUND","THRU","false","43","32.581","11.057","2.309","2.359","7","8","2024","21","15","1","900"
"bc6aa2fcb34044430497268153562bfd","6882","2024-07-08T21:15:00.000","AIRPORT BLVD / 51ST ST","SOUTHBOUND","THRU","true","8","26.375","15.371","9.8","15.874","7","8","2024","21","15","1","900"
"10812038672a727e8092f63f1c808d70","6882","2024-07-08T21:15:00.000","AIRPORT BLVD / 51ST ST","WESTBOUND","LEFT TURN","true","3","4.333","6.658","0.767","0.737","7","8","2024","21","15","1","900"
"d95edf94f8f5d885eeebfe509ec03010","6882","2024-07-08T21:15:00.000","AIRPORT BLVD / 51ST ST","WESTBOUND","RIGHT TURN","false","5","0.8","0.837","19.38","27.427","7","8","2024","21","15","1","900"
"b1081ac075c45eae32b00a83f92dd434","6882","2024-07-08T21:15:00.000","AIRPORT BLVD / 51ST ST","WESTBOUND","THRU","false","18","9.167","5.339","17.372","24.784","7","8","2024","21","15","1","900"
"86a434b8d1eedc874884b3804870b8eb","6882","2024-07-08T21:15:00.000","AIRPORT BLVD / 51ST ST","WESTBOUND","THRU","true","3","4.333","4.509","30.633","35.376","7","8","2024","21","15","1","900"
"66e2fc8300f3824bc1440efc323f78d8","7038","2024-07-08T21:15:00.000","ANDERSON LN / SHOAL CREEK BLVD","EASTBOUND","LEFT TURN","false","3","9.0","0.0","0.0","0.0","7","8","2024","21","15","1","900"
"50e5f30139644f20c225fe44859559c4","7038","2024-07-08T21:15:00.000","ANDERSON LN / SHOAL CREEK BLVD","EASTBOUND","RIGHT TURN","false","15","8.733","4.301","1.16","3.182","7","8","2024","21","15","1","900"
"02cdd3a160e743adebbd9826a832b08f","7038","2024-07-08T21:15:00.000","ANDERSON LN / SHOAL CREEK BLVD","EASTBOUND","RIGHT TURN","true","1","14.0","0.0","2.0","0.0","7","8","2024","21","15","1","900"
"73776d7a6088ca6cb8e72e7bb4744c16","7038","2024-07-08T21:15:00.000","ANDERSON LN / SHOAL CREEK BLVD","EASTBOUND","THRU","false","53","30.566","10.5","0.625","3.271","7","8","2024","21","15","1","900"
"5b57c0ed5884acae2e0553cc0ed263f7","7038","2024-07-08T21:15:00.000","ANDERSON LN / SHOAL CREEK BLVD","EASTBOUND","THRU","true","1","44.0","0.0","0.0","0.0","7","8","2024","21","15","1","900"
"e6c1791efa6e65ce3f136d91d42976d3","7038","2024-07-08T21:15:00.000","ANDERSON LN / SHOAL CREEK BLVD","NORTHBOUND","LEFT TURN","false","7","10.0","3.742","15.614","20.125","7","8","2024","21","15","1","900"
"9fabbbf48c5f2b65d8613758ae68b9d3","7038","2024-07-08T21:15:00.000","ANDERSON LN / SHOAL CREEK BLVD","NORTHBOUND","LEFT TURN","true","1","15.0","0.0","0.0","0.0","7","8","2024","21","15","1","900"
"3361482e038040c52084b98f8cb3c024","7038","2024-07-08T21:15:00.000","ANDERSON LN / SHOAL CREEK BLVD","NORTHBOUND","RIGHT TURN","false","1","0.0","0.0","6.7","0.0","7","8","2024","21","15","1","900"
"6aabafa5ba2ee4742d5c4e61e319490f","7038","2024-07-08T21:15:00.000","ANDERSON LN / SHOAL CREEK BLVD","NORTHBOUND","RIGHT TURN","true","1","4.0","0.0","4.0","0.0","7","8","2024","21","15","1","900"
"7e757aeac0315761489375eac747ef91","7038","2024-07-08T21:15:00.000","ANDERSON LN / SHOAL CREEK BLVD","NORTHBOUND","THRU","false","3","9.667","0.577","0.0","0.0","7","8","2024","21","15","1","900"
"30f3f469a25f51abe82ec756eedf8ce0","7038","2024-07-08T21:15:00.000","ANDERSON LN / SHOAL CREEK BLVD","SOUTHBOUND","LEFT TURN","false","5","11.6","1.342","0.0","0.0","7","8","2024","21","15","1","900"
"5907c9fb6839327a959410cfe3d73297","7038","2024-07-08T21:15:00.000","ANDERSON LN / SHOAL CREEK BLVD","SOUTHBOUND","RIGHT TURN","false","4","9.25","0.957","0.0","0.0","7","8","2024","21","15","1","900"
"b63d0f04fa5490d3a5309447463c7deb","7038","2024-07-08T21:15:00.000","ANDERSON LN / SHOAL CREEK BLVD","SOUTHBOUND","RIGHT TURN","true","2","10.0","1.414","0.0","0.0","7","8","2024","21","15","1","900"
"84dbd55eadeb6596f35903f3a69ad2a0","7038","2024-07-08T21:15:00.000","ANDERSON LN / SHOAL CREEK BLVD","SOUTHBOUND","THRU","false","3","19.0","6.245","0.0","0.0","7","8","2024","21","15","1","900"
"90cebdb66d8cfd2ae700219c82b8542b","7038","2024-07-08T21:15:00.000","ANDERSON LN / SHOAL CREEK BLVD","WESTBOUND","LEFT TURN","false","1","12.0","0.0","0.0","0.0","7","8","2024","21","15","1","900"
"19bfaa47e540c4ebbc226fd7abe6b2ac","7038","2024-07-08T21:15:00.000","ANDERSON LN / SHOAL CREEK BLVD","WESTBOUND","THRU","false","51","19.216","8.54","0.0","0.0","7","8","2024","21","15","1","900"
"480638b5b8541040bed535134b619cdd","7038","2024-07-08T21:15:00.000","ANDERSON LN / SHOAL CREEK BLVD","WESTBOUND","THRU","true","4","21.0","6.325","0.0","0.0","7","8","2024","21","15","1","900"
"6d9335e66071c472e308cfc09f127a3b","7343","2024-07-08T21:15:00.000","RIVERSIDE DR / BURTON DR","EASTBOUND","LEFT TURN","false","10","14.1","3.573","29.12","34.931","7","8","2024","21","15","1","900"
"7366c1cf5e92629bc06cf8a45aaebff7","7343","2024-07-08T21:15:00.000","RIVERSIDE DR / BURTON DR","EASTBOUND","LEFT TURN","true","6","11.333","5.955","15.733","37.221","7","8","2024","21","15","1","900"
"b11ce3ad29393db57209b16d6127cd95","7343","2024-07-08T21:15:00.000","RIVERSIDE DR / BURTON DR","EASTBOUND","RIGHT TURN","true","2","3.0","4.243","0.0","0.0","7","8","2024","21","15","1","900"
"9686e42a38df0264c89bb9f6bf0603ab","7343","2024-07-08T21:15:00.000","RIVERSIDE DR / BURTON DR","EASTBOUND","THRU","false","55","22.127","7.97","5.149","13.415","7","8","2024","21","15","1","900"
"a22f16fadd8e4a5ebeb929ecd73267e8","7343","2024-07-08T21:15:00.000","RIVERSIDE DR / BURTON DR","EASTBOUND","THRU","true","26","20.154","8.894","4.1","7.553","7","8","2024","21","15","1","900"
"b875fae13306247af7e4cec4d44740ae","7343","2024-07-08T21:15:00.000","RIVERSIDE DR / BURTON DR","NORTHBOUND","LEFT TURN","false","4","15.5","20.025","22.925","39.975","7","8","2024","21","15","1","900"
"a4120315ab052c0d54e4a9feab50f718","7343","2024-07-08T21:15:00.000","RIVERSIDE DR / BURTON DR","NORTHBOUND","LEFT TURN","true","8","20.625","9.273","19.075","25.489","7","8","2024","21","15","1","900"
"eb048b38d8525a02cd0017fd55d39154","7343","2024-07-08T21:15:00.000","RIVERSIDE DR / BURTON DR","NORTHBOUND","RIGHT TURN","true","2","0.0","0.0","0.05","0.071","7","8","2024","21","15","1","900"
"b99dc4ab5d787e7eefaebde44ebdf2ca","7343","2024-07-08T21:15:00.000","RIVERSIDE DR / BURTON DR","NORTHBOUND","THRU","false","9","29.556","20.665","0.367","0.25","7","8","2024","21","15","1","900"
"2c72ddccab464301298056033a42be43","7343","2024-07-08T21:15:00.000","RIVERSIDE DR / BURTON DR","SOUTHBOUND","LEFT TURN","false","4","15.0","4.082","10.75","19.505","7","8","2024","21","15","1","900"
"e6cbf59651d86626463ea98a9f2ace00","7343","2024-07-08T21:15:00.000","RIVERSIDE DR / BURTON DR","SOUTHBOUND","LEFT TURN","true","3","14.667","1.528","39.967","26.756","7","8","2024","21","15","1","900"
"6b66f75d72f95cf0e291801980c341c6","7343","2024-07-08T21:15:00.000","RIVERSIDE DR / BURTON DR","SOUTHBOUND","RIGHT TURN","false","3","4.667","4.163","7.6","4.979","7","8","2024","21","15","1","900"
"0723bc10c3520db085252e7ec4245a88","7343","2024-07-08T21:15:00.000","RIVERSIDE DR / BURTON DR","SOUTHBOUND","RIGHT TURN","true","12","8.833","2.167","10.342","8.668","7","8","2024","21","15","1","900"
"029106c759de3ce9e81fd292e8de7df3","7343","2024-07-08T21:15:00.000","RIVERSIDE DR / BURTON DR","SOUTHBOUND","THRU","false","6","20.667","11.396","16.683","26.883","7","8","2024","21","15","1","900"
"73ff700841cbadb32005396bf9a22020","7343","2024-07-08T21:15:00.000","RIVERSIDE DR / BURTON DR","SOUTHBOUND","THRU","true","6","19.167","5.037","30.45","56.398","7","8","2024","21","15","1","900"
"5e802163139d7f2261eedcd84a45b659","7343","2024-07-08T21:15:00.000","RIVERSIDE DR / BURTON DR","WESTBOUND","LEFT TURN","false","10","14.2","3.91","13.38","28.375","7","8","2024","21","15","1","900"
"ca4403c95bd8f8cf3ee682a048e37cc6","7343","2024-07-08T21:15:00.000","RIVERSIDE DR / BURTON DR","WESTBOUND","LEFT TURN","true","2","15.0","9.899","40.35","53.811","7","8","2024","21","15","1","900"
"96bbf81aea45d9cb04343cac7eff2b5e","7343","2024-07-08T21:15:00.000","RIVERSIDE DR / BURTON DR","WESTBOUND","RIGHT TURN","false","6","0.0","0.0","13.883","17.811","7","8","2024","21","15","1","900"
"7832120a1ffc36c86bf7a28b5351b2cd","7343","2024-07-08T21:15:00.000","RIVERSIDE DR / BURTON DR","WESTBOUND","RIGHT TURN","true","6","0.0","0.0","5.583","4.779","7","8","2024","21","15","1","900"
"cbc174c2766726caf6d23d429955d8e0","7343","2024-07-08T21:15:00.000","RIVERSIDE DR / BURTON DR","WESTBOUND","THRU","false","49","19.51","13.935","6.433","8.802","7","8","2024","21","15","1","900"
"ca691aa4e27f4375b11612e52c6aa561","7343","2024-07-08T21:15:00.000","RIVERSIDE DR / BURTON DR","WESTBOUND","THRU","true","78","16.372","13.478","10.627","17.617","7","8","2024","21","15","1","900"
"8a826665761f493c1b04f0e86822db27","6382","2024-07-08T21:15:00.000","FM 620 RD / DEERBROOK TRL","EASTBOUND","RIGHT TURN","true","1","2.0","0.0","0.2","0.0","7","8","2024","21","15","1","900"
"bec5245dab9ce0ff99918773d073baab","6382","2024-07-08T21:15:00.000","FM 620 RD / DEERBROOK TRL","EASTBOUND","THRU","false","59","38.525","8.935","1.644","2.203","7","8","2024","21","15","1","900"
"ffa6bcbd25f3c723196e7f19b9b34336","6382","2024-07-08T21:15:00.000","FM 620 RD / DEERBROOK TRL","EASTBOUND","THRU","true","61","38.344","8.004","1.738","2.114","7","8","2024","21","15","1","900"
"c5f86ba5ab180a7eddacc089542bbc58","6382","2024-07-08T21:15:00.000","FM 620 RD / DEERBROOK TRL","EASTBOUND","U-TURN","true","1","36.0","0.0","0.1","0.0","7","8","2024","21","15","1","900"
"fff1bd36cd7bdbf9cd4fd1f90213227b","6382","2024-07-08T21:15:00.000","FM 620 RD / DEERBROOK TRL","NORTHBOUND","LEFT TURN","false","1","9.0","0.0","10.4","0.0","7","8","2024","21","15","1","900"
"88a2e6ab994091734ac2a99751ef69ae","6382","2024-07-08T21:15:00.000","FM 620 RD / DEERBROOK TRL","NORTHBOUND","RIGHT TURN","false","4","8.0","1.826","5.075","2.347","7","8","2024","21","15","1","900"
"808eaa84e2b25e702487e4fdcbcc4257","6382","2024-07-08T21:15:00.000","FM 620 RD / DEERBROOK TRL","NORTHBOUND","RIGHT TURN","true","5","9.0","2.646","22.0","18.728","7","8","2024","21","15","1","900"
"9c98eb8086505207a374a3cb791dc508","6382","2024-07-08T21:15:00.000","FM 620 RD / DEERBROOK TRL","WESTBOUND","LEFT TURN","false","1","4.0","0.0","4.5","0.0","7","8","2024","21","15","1","900"
"c49b22c0d89b41cc5cb9345605572865","6382","2024-07-08T21:15:00.000","FM 620 RD / DEERBROOK TRL","WESTBOUND","LEFT TURN","true","7","10.429","6.294","1.386","2.466","7","8","2024","21","15","1","900"
"193ca26a14c67c6855e065f339ef869a","6382","2024-07-08T21:15:00.000","FM 620 RD / DEERBROOK TRL","WESTBOUND","THRU","false","32","39.938","5.465","1.606","1.095","7","8","2024","21","15","1","900"
"36f29f4112168fb2a91dd7d3d405894a","6382","2024-07-08T21:15:00.000","FM 620 RD / DEERBROOK TRL","WESTBOUND","THRU","true","25","35.52","10.894","1.88","1.121","7","8","2024","21","15","1","900"
"69519bb4d890ef320ee2c5a09ab6be19","6881","2024-07-08T21:15:00.000","SLAUGHTER LN / LINDSHIRE LN","EASTBOUND","THRU","false","12","34.25","7.485","0.992","0.68","7","8","2024","21","15","1","900"
"8b21d541b057d9927851f6efa2ac6393","6881","2024-07-08T21:15:00.000","SLAUGHTER LN / LINDSHIRE LN","EASTBOUND","THRU","true","15","30.0","9.335","0.667","0.715","7","8","2024","21","15","1","900"
"2fc45a14833b49fb05f6d330b906cc9f","6881","2024-07-08T21:15:00.000","SLAUGHTER LN / LINDSHIRE LN","NORTHBOUND","LEFT TURN","false","3","4.667","4.163","59.567","49.948","7","8","2024","21","15","1","900"
"69b0b6c58bad31f46cfdd8545985182c","6881","2024-07-08T21:15:00.000","SLAUGHTER LN / LINDSHIRE LN","NORTHBOUND","LEFT TURN","true","2","6.0","8.485","4.5","1.131","7","8","2024","21","15","1","900"
"91b8be4e5fb9f7cd167448da8358185c","6881","2024-07-08T21:15:00.000","SLAUGHTER LN / LINDSHIRE LN","NORTHBOUND","RIGHT TURN","false","2","5.5","0.707","8.35","1.909","7","8","2024","21","15","1","900"
"f3ecbb99d425bc43df0df9898d97cabe","6881","2024-07-08T21:15:00.000","SLAUGHTER LN / LINDSHIRE LN","NORTHBOUND","THRU","false","2","0.0","0.0","81.1","29.133","7","8","2024","21","15","1","900"
"6b84798416c3e170084c4c70c366ed32","6881","2024-07-08T21:15:00.000","SLAUGHTER LN / LINDSHIRE LN","NORTHBOUND","THRU","true","2","3.0","4.243","34.85","49.002","7","8","2024","21","15","1","900"
"397d0111408d7f3c6e6cb6fea6512205","6881","2024-07-08T21:15:00.000","SLAUGHTER LN / LINDSHIRE LN","WESTBOUND","LEFT TURN","false","2","9.5","3.536","5.0","2.687","7","8","2024","21","15","1","900"
"a1e52830c1826072b0379ce987fbdb41","6881","2024-07-08T21:15:00.000","SLAUGHTER LN / LINDSHIRE LN","WESTBOUND","LEFT TURN","true","1","6.0","0.0","0.1","0.0","7","8","2024","21","15","1","900"
"63e98926ab0aacb164a6a2de75512e8f","6881","2024-07-08T21:15:00.000","SLAUGHTER LN / LINDSHIRE LN","WESTBOUND","THRU","false","33","29.667","7.461","2.788","3.313","7","8","2024","21","15","1","900"
"c052cad6901698ea96d4c73126b9d4b1","6881","2024-07-08T21:15:00.000","SLAUGHTER LN / LINDSHIRE LN","WESTBOUND","THRU","true","40","26.05","9.808","3.728","4.627","7","8","2024","21","15","1","900"
"f85b51ffc5d32ef457914c61d9754897","6808","2024-07-08T21:15:00.000","OLTORF ST / 4TH ST","EASTBOUND","LEFT TURN","false","2","2.5","3.536","0.15","0.071","7","8","2024","21","15","1","900"
"3b9a82ab5fd180de405cfdbf70aa79cf","6808","2024-07-08T21:15:00.000","OLTORF ST / 4TH ST","EASTBOUND","RIGHT TURN","false","2","3.5","0.707","4.7","6.364","7","8","2024","21","15","1","900"
"3542f653298b6160dee63b4679c3e573","6808","2024-07-08T21:15:00.000","OLTORF ST / 4TH ST","EASTBOUND","THRU","false","18","8.111","3.579","8.111","17.888","7","8","2024","21","15","1","900"
"d87427dacd22156ad159f2e4da1b7077","6808","2024-07-08T21:15:00.000","OLTORF ST / 4TH ST","EASTBOUND","THRU","true","8","6.25","2.315","33.162","42.545","7","8","2024","21","15","1","900"
"5ba3893e6c10da1d55e830208db3103d","6808","2024-07-08T21:15:00.000","OLTORF ST / 4TH ST","NORTHBOUND","LEFT TURN","false","5","7.4","3.715","9.94","20.673","7","8","2024","21","15","1","900"
"77eff401c8fd82e4017bb7c6d52c2314","6808","2024-07-08T21:15:00.000","OLTORF ST / 4TH ST","NORTHBOUND","RIGHT TURN","false","1","5.0","0.0","0.4","0.0","7","8","2024","21","15","1","900"
"bea905a6ae617162e35118d99937fe3f","6808","2024-07-08T21:15:00.000","OLTORF ST / 4TH ST","NORTHBOUND","THRU","false","15","5.667","3.735","6.84","15.325","7","8","2024","21","15","1","900"
"827a0e93e6bba4dc83bc3a14c00d8a51","6808","2024-07-08T21:15:00.000","OLTORF ST / 4TH ST","NORTHBOUND","THRU","true","12","8.0","3.162","2.542","1.787","7","8","2024","21","15","1","900"
"5af38a8f699583126debb188f6af8c1b","6808","2024-07-08T21:15:00.000","OLTORF ST / 4TH ST","SOUTHBOUND","LEFT TURN","false","11","6.818","1.401","0.8","0.52","7","8","2024","21","15","1","900"
"bf53140712e2d3452323299a05cc7e22","6808","2024-07-08T21:15:00.000","OLTORF ST / 4TH ST","SOUTHBOUND","LEFT TURN","true","1","6.0","0.0","1.3","0.0","7","8","2024","21","15","1","900"
"db10cb4489f6198b08e39d424d96d30e","6808","2024-07-08T21:15:00.000","OLTORF ST / 4TH ST","SOUTHBOUND","THRU","false","21","9.286","3.304","9.962","17.813","7","8","2024","21","15","1","900"
"73a0f79de83efe115511bfb9c2386016","6808","2024-07-08T21:15:00.000","OLTORF ST / 4TH ST","WESTBOUND","LEFT TURN","false","2","7.0","0.0","0.45","0.354","7","8","2024","21","15","1","900"
"b1c0ef61878c5d02793b4a7838e7beb6","6808","2024-07-08T21:15:00.000","OLTORF ST / 4TH ST","WESTBOUND","LEFT TURN","true","8","6.625","1.061","20.237","34.872","7","8","2024","21","15","1","900"
"f1ab61f4c22613d1cc9ce07aa1f28500","6808","2024-07-08T21:15:00.000","OLTORF ST / 4TH ST","WESTBOUND","RIGHT TURN","true","1","4.0","0.0","65.9","0.0","7","8","2024","21","15","1","900"
"ec6073f2feb94b375c54c51070dc740a","6808","2024-07-08T21:15:00.000","OLTORF ST / 4TH ST","WESTBOUND","THRU","false","14","8.714","2.431","23.95","31.104","7","8","2024","21","15","1","900"
"f0e9d659fc7fd6f8ba8841f053a19519","6808","2024-07-08T21:15:00.000","OLTORF ST / 4TH ST","WESTBOUND","THRU","true","22","7.364","2.838","13.655","28.13","7","8","2024","21","15","1","900"
"26263e1997493bf9a34990972408aa6a","6653","2024-07-08T21:00:00.000","38TH ST / MEDICAL PKWY","EASTBOUND","LEFT TURN","false","1","10.0","0.0","1.6","0.0","7","8","2024","21","0","1","900"
"9d6e22f52a0b811e74c27794b75f2e86","6653","2024-07-08T21:00:00.000","38TH ST / MEDICAL PKWY","EASTBOUND","RIGHT TURN","true","1","6.0","0.0","4.9","0.0","7","8","2024","21","0","1","900"
"aee93969e4bf1312bcbc6e3faadcf4e0","6653","2024-07-08T21:00:00.000","38TH ST / MEDICAL PKWY","EASTBOUND","THRU","false","47","17.872","7.92","17.406","19.925","7","8","2024","21","0","1","900"
"288ceeb0abb29df188b61f25fd3978f2","6653","2024-07-08T21:00:00.000","38TH ST / MEDICAL PKWY","EASTBOUND","THRU","true","13","18.154","7.335","25.877","21.491","7","8","2024","21","0","1","900"
"b36c157d8c4f08c8f0c3981fd8a67303","6653","2024-07-08T21:00:00.000","38TH ST / MEDICAL PKWY","NORTHBOUND","LEFT TURN","false","2","10.5","0.707","66.9","25.456","7","8","2024","21","0","1","900"
"345f692dee31d6cbab0b29352d597123","6653","2024-07-08T21:00:00.000","38TH ST / MEDICAL PKWY","NORTHBOUND","RIGHT TURN","false","8","5.0","3.78","8.575","9.852","7","8","2024","21","0","1","900"
"889e3a802f2a4a3506262307191e300d","6653","2024-07-08T21:00:00.000","38TH ST / MEDICAL PKWY","NORTHBOUND","RIGHT TURN","true","1","0.0","0.0","21.4","0.0","7","8","2024","21","0","1","900"
"2e09898193549f09dc8239bdabc4c212","6653","2024-07-08T21:00:00.000","38TH ST / MEDICAL PKWY","NORTHBOUND","THRU","true","1","26.0","0.0","4.5","0.0","7","8","2024","21","0","1","900"
"4142dced396356c77a8c7f8e552b017d","6653","2024-07-08T21:00:00.000","38TH ST / MEDICAL PKWY","SOUTHBOUND","LEFT TURN","false","2","9.0","0.0","1.1","0.0","7","8","2024","21","0","1","900"
"516f1b4686480cf88317540358cc9707","6653","2024-07-08T21:00:00.000","38TH ST / MEDICAL PKWY","WESTBOUND","LEFT TURN","false","3","12.667","2.887","9.9","12.471","7","8","2024","21","0","1","900"
"29093c00a81b6a3327fe15dfcf8d22c6","6653","2024-07-08T21:00:00.000","38TH ST / MEDICAL PKWY","WESTBOUND","LEFT TURN","true","2","17.0","19.799","7.8","11.031","7","8","2024","21","0","1","900"
"925feb44a2fd7b7ceac699aa0f2cbbbb","6653","2024-07-08T21:00:00.000","38TH ST / MEDICAL PKWY","WESTBOUND","RIGHT TURN","false","1","13.0","0.0","3.1","0.0","7","8","2024","21","0","1","900"
"757da2a2323cc9a09f17f300931343d1","6653","2024-07-08T21:00:00.000","38TH ST / MEDICAL PKWY","WESTBOUND","RIGHT TURN","true","2","10.0","1.414","3.4","0.283","7","8","2024","21","0","1","900"
"bda3201e37edeaf1eb4f72821b351236","6653","2024-07-08T21:00:00.000","38TH ST / MEDICAL PKWY","WESTBOUND","THRU","false","55","21.636","10.38","8.858","17.989","7","8","2024","21","0","1","900"
"34425677ae3adbda358f4afb4409d0c4","6653","2024-07-08T21:00:00.000","38TH ST / MEDICAL PKWY","WESTBOUND","THRU","true","24","24.708","10.293","3.196","10.54","7","8","2024","21","0","1","900"
"0039508878f1377418c92d3c62e0852f","6882","2024-07-08T21:00:00.000","AIRPORT BLVD / 51ST ST","EASTBOUND","LEFT TURN","false","1","10.0","0.0","1.7","0.0","7","8","2024","21","0","1","900"
"a31436db5d16f83103afa8de98c5c1c6","6882","2024-07-08T21:00:00.000","AIRPORT BLVD / 51ST ST","EASTBOUND","RIGHT TURN","false","8","8.75","3.412","4.362","5.316","7","8","2024","21","0","1","900"
"e47d9aa8b52d2c1a54f168aeee4ecba0","6882","2024-07-08T21:00:00.000","AIRPORT BLVD / 51ST ST","EASTBOUND","RIGHT TURN","true","2","3.5","4.95","134.9","187.666","7","8","2024","21","0","1","900"
"6a937ca1934c3b6a3d74e567e80ea8e4","6882","2024-07-08T21:00:00.000","AIRPORT BLVD / 51ST ST","EASTBOUND","THRU","false","19","11.842","4.799","1.505","1.148","7","8","2024","21","0","1","900"
"c8f4e571ffd24a302c09a0648d8442e7","6882","2024-07-08T21:00:00.000","AIRPORT BLVD / 51ST ST","EASTBOUND","THRU","true","4","8.75","0.957","1.7","1.102","7","8","2024","21","0","1","900"
"9035fc48e322db3eadfa7ad15551d1fb","6882","2024-07-08T21:00:00.000","AIRPORT BLVD / 51ST ST","NORTHBOUND","LEFT TURN","false","4","1.75","3.5","32.75","38.358","7","8","2024","21","0","1","900"
"46f2c7cd794f1322c6adad7e3a422ef6","6882","2024-07-08T21:00:00.000","AIRPORT BLVD / 51ST ST","NORTHBOUND","LEFT TURN","true","1","0.0","0.0","14.9","0.0","7","8","2024","21","0","1","900"
"60cf4d212d636e172be0c06e22add4e6","6882","2024-07-08T21:00:00.000","AIRPORT BLVD / 51ST ST","NORTHBOUND","THRU","false","74","17.338","7.17","5.391","12.955","7","8","2024","21","0","1","900"
"c4a3e5d4d83bac75f8fa0fdc2d78ea41","6882","2024-07-08T21:00:00.000","AIRPORT BLVD / 51ST ST","NORTHBOUND","THRU","true","10","12.9","7.622","19.68","25.596","7","8","2024","21","0","1","900"
"4b6a3cf8affe60d48da1212940b32dc3","6882","2024-07-08T21:00:00.000","AIRPORT BLVD / 51ST ST","SOUTHBOUND","LEFT TURN","false","8","10.75","6.541","3.0","2.164","7","8","2024","21","0","1","900"
"5b14ecbbaf6be2a5704ba76a08352760","6882","2024-07-08T21:00:00.000","AIRPORT BLVD / 51ST ST","SOUTHBOUND","RIGHT TURN","false","1","7.0","0.0","0.1","0.0","7","8","2024","21","0","1","900"
"79c34f21172b8ad65fc16651a9612891","6882","2024-07-08T21:00:00.000","AIRPORT BLVD / 51ST ST","SOUTHBOUND","THRU","false","70","25.314","11.395","11.57","18.536","7","8","2024","21","0","1","900"
"d713e09d5756179b7592990e2f39d1a6","6882","2024-07-08T21:00:00.000","AIRPORT BLVD / 51ST ST","SOUTHBOUND","THRU","true","11","22.0","12.759","12.727","20.048","7","8","2024","21","0","1","900"
"6713d9e50d61646ac152c43a985b84f9","6882","2024-07-08T21:00:00.000","AIRPORT BLVD / 51ST ST","WESTBOUND","LEFT TURN","false","2","5.0","7.071","30.75","41.649","7","8","2024","21","0","1","900"
"f2b1df1d2d2bb38ebcef9968265805c6","6882","2024-07-08T21:00:00.000","AIRPORT BLVD / 51ST ST","WESTBOUND","RIGHT TURN","false","7","0.571","0.976","78.686","92.007","7","8","2024","21","0","1","900"
"b058a7e2e7acc4319fe68a8a40453455","6882","2024-07-08T21:00:00.000","AIRPORT BLVD / 51ST ST","WESTBOUND","RIGHT TURN","true","1","13.0","0.0","1.4","0.0","7","8","2024","21","0","1","900"
"eccc467b896c2d58a8ddb83d9694907a","6882","2024-07-08T21:00:00.000","AIRPORT BLVD / 51ST ST","WESTBOUND","THRU","false","8","7.0","6.071","7.775","18.291","7","8","2024","21","0","1","900"
"81b0325752e51f56466ca0d91b05e621","6882","2024-07-08T21:00:00.000","AIRPORT BLVD / 51ST ST","WESTBOUND","THRU","true","2","4.5","3.536","19.2","25.456","7","8","2024","21","0","1","900"
"cdc66295570afda49d2d0b9c1d0328f2","7038","2024-07-08T21:00:00.000","ANDERSON LN / SHOAL CREEK BLVD","EASTBOUND","RIGHT TURN","false","11","10.182","2.857","0.0","0.0","7","8","2024","21","0","1","900"
"b36de246d10da82979012ec9ba902eb7","7038","2024-07-08T21:00:00.000","ANDERSON LN / SHOAL CREEK BLVD","EASTBOUND","THRU","false","85","30.576","11.201","0.438","1.947","7","8","2024","21","0","1","900"
"24abf821322c7a82790d9389b695f74f","7038","2024-07-08T21:00:00.000","ANDERSON LN / SHOAL CREEK BLVD","EASTBOUND","THRU","true","5","25.4","11.971","0.24","0.358","7","8","2024","21","0","1","900"
"a9f1a7cc09f913e8c6759b74a9436b84","7038","2024-07-08T21:00:00.000","ANDERSON LN / SHOAL CREEK BLVD","NORTHBOUND","LEFT TURN","false","8","12.625","5.878","4.15","8.774","7","8","2024","21","0","1","900"
"3fff49de131052ebaa260fd2b793d53a","7038","2024-07-08T21:00:00.000","ANDERSON LN / SHOAL CREEK BLVD","NORTHBOUND","LEFT TURN","true","4","5.5","0.577","37.15","23.711","7","8","2024","21","0","1","900"
"b1d4d08a386f467a46cfb25b6f0caa12","7038","2024-07-08T21:00:00.000","ANDERSON LN / SHOAL CREEK BLVD","NORTHBOUND","RIGHT TURN","false","2","2.0","2.828","5.95","1.344","7","8","2024","21","0","1","900"
"ab8e596046d43452c5ced57876adced1","7038","2024-07-08T21:00:00.000","ANDERSON LN / SHOAL CREEK BLVD","NORTHBOUND","THRU","false","5","14.6","9.839","1.06","2.37","7","8","2024","21","0","1","900"
"817776c2ff519e238598de4afac67145","7038","2024-07-08T21:00:00.000","ANDERSON LN / SHOAL CREEK BLVD","SOUTHBOUND","LEFT TURN","false","4","11.0","0.816","0.0","0.0","7","8","2024","21","0","1","900"
"917b6744f96bde363fa0ed127caec182","7038","2024-07-08T21:00:00.000","ANDERSON LN / SHOAL CREEK BLVD","SOUTHBOUND","LEFT TURN","true","1","8.0","0.0","0.0","0.0","7","8","2024","21","0","1","900"
"5c28c11bf18a4dc71ee807d6cada65c0","7038","2024-07-08T21:00:00.000","ANDERSON LN / SHOAL CREEK BLVD","SOUTHBOUND","RIGHT TURN","false","1","12.0","0.0","0.0","0.0","7","8","2024","21","0","1","900"
"7b0467be1d94144e09df00efd216c456","7038","2024-07-08T21:00:00.000","ANDERSON LN / SHOAL CREEK BLVD","SOUTHBOUND","RIGHT TURN","true","1","10.0","0.0","0.0","0.0","7","8","2024","21","0","1","900"
"b22f357c9262669ee5297e2c2d75b59a","7038","2024-07-08T21:00:00.000","ANDERSON LN / SHOAL CREEK BLVD","SOUTHBOUND","THRU","false","11","13.818","5.636","0.0","0.0","7","8","2024","21","0","1","900"
"b1d6e803b409ba931bbb0c04d0e051a8","7038","2024-07-08T21:00:00.000","ANDERSON LN / SHOAL CREEK BLVD","SOUTHBOUND","THRU","true","2","14.5","17.678","0.0","0.0","7","8","2024","21","0","1","900"
"5f9570d1e1a966a3ba4bbe4cb1ddb339","7038","2024-07-08T21:00:00.000","ANDERSON LN / SHOAL CREEK BLVD","WESTBOUND","THRU","false","60","20.217","6.953","0.0","0.0","7","8","2024","21","0","1","900"
"999b54175e73dd56d6294278116e8dbd","7038","2024-07-08T21:00:00.000","ANDERSON LN / SHOAL CREEK BLVD","WESTBOUND","THRU","true","5","17.2","6.261","0.0","0.0","7","8","2024","21","0","1","900"
"972a639d588024b01d52af50b145f5aa","7343","2024-07-08T21:00:00.000","RIVERSIDE DR / BURTON DR","EASTBOUND","LEFT TURN","false","10","12.6","9.383","11.57","28.573","7","8","2024","21","0","1","900"
"5436d0bd5f645611e7f1983941deeebd","7343","2024-07-08T21:00:00.000","RIVERSIDE DR / BURTON DR","EASTBOUND","LEFT TURN","true","5","12.8","7.981","1.2","1.684","7","8","2024","21","0","1","900"
"d1cd4f976c470aa2cb1d08649eb277cf","7343","2024-07-08T21:00:00.000","RIVERSIDE DR / BURTON DR","EASTBOUND","RIGHT TURN","true","8","6.625","8.535","3.125","3.315","7","8","2024","21","0","1","900"
"9e1c389db2252465540d8c84e3b07125","7343","2024-07-08T21:00:00.000","RIVERSIDE DR / BURTON DR","EASTBOUND","THRU","false","31","20.871","7.788","6.839","15.81","7","8","2024","21","0","1","900"
"f5fd56028a39b74f527d37d38991488d","7343","2024-07-08T21:00:00.000","RIVERSIDE DR / BURTON DR","EASTBOUND","THRU","true","23","19.348","12.209","6.626","12.856","7","8","2024","21","0","1","900"
"0b6b1fb6a21e1fa36f6a8a404cc34eb5","7343","2024-07-08T21:00:00.000","RIVERSIDE DR / BURTON DR","EASTBOUND","U-TURN","true","1","7.0","0.0","99.2","0.0","7","8","2024","21","0","1","900"
"bcbda8eb04093ad8eb5a21bfb016b1b0","7343","2024-07-08T21:00:00.000","RIVERSIDE DR / BURTON DR","NORTHBOUND","LEFT TURN","false","6","18.0","9.466","2.183","0.496","7","8","2024","21","0","1","900"
"78d6b46e5b66659346f37403729478c0","7343","2024-07-08T21:00:00.000","RIVERSIDE DR / BURTON DR","NORTHBOUND","LEFT TURN","true","11","23.0","11.136","3.573","2.045","7","8","2024","21","0","1","900"
"f077f56bc8127ff49345fb9b71a49314","7343","2024-07-08T21:00:00.000","RIVERSIDE DR / BURTON DR","NORTHBOUND","THRU","false","4","26.75","18.482","4.6","4.579","7","8","2024","21","0","1","900"
"3e8b9bcf17dce6ad5877fc9d82afcf85","7343","2024-07-08T21:00:00.000","RIVERSIDE DR / BURTON DR","NORTHBOUND","THRU","true","3","36.0","19.468","0.833","0.603","7","8","2024","21","0","1","900"
"a5034c5483b2100c636b8dea98cc99c7","7343","2024-07-08T21:00:00.000","RIVERSIDE DR / BURTON DR","SOUTHBOUND","LEFT TURN","false","6","13.5","7.423","16.283","31.337","7","8","2024","21","0","1","900"
"5253eb25c0354d6329d7f7e10cbe5924","7343","2024-07-08T21:00:00.000","RIVERSIDE DR / BURTON DR","SOUTHBOUND","LEFT TURN","true","2","6.5","9.192","14.75","20.86","7","8","2024","21","0","1","900"
"40fd58c2bdd46299bc830debf2604941","7343","2024-07-08T21:00:00.000","RIVERSIDE DR / BURTON DR","SOUTHBOUND","RIGHT TURN","false","7","8.857","1.952","14.014","24.007","7","8","2024","21","0","1","900"
"b68bf65aabb79d13593631aca16c6b48","7343","2024-07-08T21:00:00.000","RIVERSIDE DR / BURTON DR","SOUTHBOUND","RIGHT TURN","true","17","8.824","1.704","15.118","21.923","7","8","2024","21","0","1","900"
"14eee831615d72f6dcc7d1354826e49a","7343","2024-07-08T21:00:00.000","RIVERSIDE DR / BURTON DR","SOUTHBOUND","THRU","false","3","15.333","0.577","10.867","16.857","7","8","2024","21","0","1","900"
"5a1863129b0403ec65d7862534f0a5b3","7343","2024-07-08T21:00:00.000","RIVERSIDE DR / BURTON DR","SOUTHBOUND","THRU","true","2","22.5","4.95","0.45","0.071","7","8","2024","21","0","1","900"
"c8f5dad0e2432d3203f47698e47ce13d","7343","2024-07-08T21:00:00.000","RIVERSIDE DR / BURTON DR","SOUTHBOUND","U-TURN","true","1","6.0","0.0","32.9","0.0","7","8","2024","21","0","1","900"
"9670317c3acc37a5fd6435c024e73e19","7343","2024-07-08T21:00:00.000","RIVERSIDE DR / BURTON DR","WESTBOUND","LEFT TURN","false","12","13.833","1.801","18.683","22.956","7","8","2024","21","0","1","900"
"2d4bfaa987bde52faaa5649b359241fa","7343","2024-07-08T21:00:00.000","RIVERSIDE DR / BURTON DR","WESTBOUND","LEFT TURN","true","1","12.0","0.0","23.5","0.0","7","8","2024","21","0","1","900"
"8f2073c70ffd34bd471c05b23e65e874","7343","2024-07-08T21:00:00.000","RIVERSIDE DR / BURTON DR","WESTBOUND","RIGHT TURN","false","6","0.167","0.408","6.517","4.196","7","8","2024","21","0","1","900"
"aaa3c25e5874d09afcbc2d015cffce51","7343","2024-07-08T21:00:00.000","RIVERSIDE DR / BURTON DR","WESTBOUND","RIGHT TURN","true","4","2.25","4.5","4.55","1.493","7","8","2024","21","0","1","900"
"93d84db5efb9e5410c362f38bf16ff54","7343","2024-07-08T21:00:00.000","RIVERSIDE DR / BURTON DR","WESTBOUND","THRU","false","58","23.983","14.952","5.91","9.611","7","8","2024","21","0","1","900"
"8a97e054e3348eadcc3b63515ab079cc","7343","2024-07-08T21:00:00.000","RIVERSIDE DR / BURTON DR","WESTBOUND","THRU","true","74","19.419","15.598","6.895","9.922","7","8","2024","21","0","1","900"
"e64473802d526cfed77b1788de3b687d","6382","2024-07-08T21:00:00.000","FM 620 RD / DEERBROOK TRL","EASTBOUND","RIGHT TURN","false","1","11.0","0.0","2.8","0.0","7","8","2024","21","0","1","900"
"6642544fd8ab8d9f98b15b1b81c141b3","6382","2024-07-08T21:00:00.000","FM 620 RD / DEERBROOK TRL","EASTBOUND","THRU","false","76","36.671","9.075","2.147","3.146","7","8","2024","21","0","1","900"
"1e681464278a32121ed20b1242344646","6382","2024-07-08T21:00:00.000","FM 620 RD / DEERBROOK TRL","EASTBOUND","THRU","true","68","35.559","10.038","2.224","3.152","7","8","2024","21","0","1","900"
"2e22a224aa1452bf4dd028e7a60ab987","6382","2024-07-08T21:00:00.000","FM 620 RD / DEERBROOK TRL","NORTHBOUND","LEFT TURN","false","1","8.0","0.0","82.1","0.0","7","8","2024","21","0","1","900"
"68dbf8129f140abd9a31b60aa01040d4","6382","2024-07-08T21:00:00.000","FM 620 RD / DEERBROOK TRL","NORTHBOUND","LEFT TURN","true","1","8.0","0.0","22.0","0.0","7","8","2024","21","0","1","900"
"64d824fe23d8434269c8f505618d001c","6382","2024-07-08T21:00:00.000","FM 620 RD / DEERBROOK TRL","NORTHBOUND","RIGHT TURN","false","1","7.0","0.0","7.3","0.0","7","8","2024","21","0","1","900"
"5c236e3ca2776f1799eea44605ce091b","6382","2024-07-08T21:00:00.000","FM 620 RD / DEERBROOK TRL","NORTHBOUND","RIGHT TURN","true","6","5.167","2.787","17.167","14.824","7","8","2024","21","0","1","900"
"3e5d7f9c6374b871fc937eb2d29d29b4","6382","2024-07-08T21:00:00.000","FM 620 RD / DEERBROOK TRL","WESTBOUND","LEFT TURN","false","4","4.75","5.5","3.425","2.959","7","8","2024","21","0","1","900"
"e31d3774809176e429e71b9135d76071","6382","2024-07-08T21:00:00.000","FM 620 RD / DEERBROOK TRL","WESTBOUND","LEFT TURN","true","5","5.6","5.683","4.26","2.113","7","8","2024","21","0","1","900"
"71ddedf65f0e7ffc5df7f99992a7a5be","6382","2024-07-08T21:00:00.000","FM 620 RD / DEERBROOK TRL","WESTBOUND","THRU","false","40","36.4","9.567","1.39","1.226","7","8","2024","21","0","1","900"
"80586b548adccb7d327087c238f58e99","6382","2024-07-08T21:00:00.000","FM 620 RD / DEERBROOK TRL","WESTBOUND","THRU","true","48","31.562","10.097","2.094","2.391","7","8","2024","21","0","1","900"
"42ba40b7bad9c163fe1063c648c7d710","6881","2024-07-08T21:00:00.000","SLAUGHTER LN / LINDSHIRE LN","EASTBOUND","THRU","false","11","24.818","12.976","2.527","4.363","7","8","2024","21","0","1","900"
"885b59f560a82043e48c46574572dbe3","6881","2024-07-08T21:00:00.000","SLAUGHTER LN / LINDSHIRE LN","EASTBOUND","THRU","true","8","25.125","13.548","0.325","0.495","7","8","2024","21","0","1","900"
"430e31ac19958cc91db2b6983c13fbb7","6881","2024-07-08T21:00:00.000","SLAUGHTER LN / LINDSHIRE LN","NORTHBOUND","LEFT TURN","false","2","7.0","7.071","45.8","61.235","7","8","2024","21","0","1","900"
"cc734b3e22a16f43db2df86b8eb3be11","6881","2024-07-08T21:00:00.000","SLAUGHTER LN / LINDSHIRE LN","NORTHBOUND","LEFT TURN","true","2","2.0","2.828","71.85","55.932","7","8","2024","21","0","1","900"
"4fc420ea8b71b56260541f2b77150cbb","6881","2024-07-08T21:00:00.000","SLAUGHTER LN / LINDSHIRE LN","NORTHBOUND","RIGHT TURN","false","2","4.0","1.414","19.2","5.233","7","8","2024","21","0","1","900"
"26774239bc1d95cdc8c3fde76d848204","6881","2024-07-08T21:00:00.000","SLAUGHTER LN / LINDSHIRE LN","NORTHBOUND","RIGHT TURN","true","4","2.25","2.217","12.4","12.282","7","8","2024","21","0","1","900"
"c5dffcfcd855b1c0d9511dfb10b2be5d","6881","2024-07-08T21:00:00.000","SLAUGHTER LN / LINDSHIRE LN","NORTHBOUND","THRU","false","1","16.0","0.0","3.5","0.0","7","8","2024","21","0","1","900"
"46295290d1464526ea8e9a62778fb34a","6881","2024-07-08T21:00:00.000","SLAUGHTER LN / LINDSHIRE LN","NORTHBOUND","THRU","true","2","1.0","1.414","30.05","37.123","7","8","2024","21","0","1","900"
"8fb4c1c83e5bf21ca2cdae781ea73609","6881","2024-07-08T21:00:00.000","SLAUGHTER LN / LINDSHIRE LN","WESTBOUND","LEFT TURN","false","1","11.0","0.0","3.6","0.0","7","8","2024","21","0","1","900"
"fe32716f2382488c6e7d3b63b5a09239","6881","2024-07-08T21:00:00.000","SLAUGHTER LN / LINDSHIRE LN","WESTBOUND","LEFT TURN","true","4","4.75","6.602","1.45","1.555","7","8","2024","21","0","1","900"
"391f33050e55248acd11b4d7c15aa65f","6881","2024-07-08T21:00:00.000","SLAUGHTER LN / LINDSHIRE LN","WESTBOUND","THRU","false","61","26.344","8.507","3.467","4.276","7","8","2024","21","0","1","900"
"2d5a56ab21978425faefaf3e44eafb6a","6881","2024-07-08T21:00:00.000","SLAUGHTER LN / LINDSHIRE LN","WESTBOUND","THRU","true","30","24.3","10.232","3.56","4.288","7","8","2024","21","0","1","900"
"13998a121e3de7a42b5e17dd07d7591e","6808","2024-07-08T21:00:00.000","OLTORF ST / 4TH ST","EASTBOUND","LEFT TURN","false","1","0.0","0.0","3.5","0.0","7","8","2024","21","0","1","900"
"8225172bfa1b2328039aedade08124c6","6808","2024-07-08T21:00:00.000","OLTORF ST / 4TH ST","EASTBOUND","LEFT TURN","true","2","5.5","0.707","0.1","0.0","7","8","2024","21","0","1","900"
"8a9e64f85c383c39869b2470cba263c0","6808","2024-07-08T21:00:00.000","OLTORF ST / 4TH ST","EASTBOUND","THRU","false","25","6.24","2.962","5.108","14.926","7","8","2024","21","0","1","900"
"2aff171a16529d9cd7242373f6e94061","6808","2024-07-08T21:00:00.000","OLTORF ST / 4TH ST","EASTBOUND","THRU","true","4","7.0","1.633","1.575","1.115","7","8","2024","21","0","1","900"
"a57867ee36970b1d7dd377bdbe6f74a9","6808","2024-07-08T21:00:00.000","OLTORF ST / 4TH ST","NORTHBOUND","LEFT TURN","false","7","5.571","1.902","10.9","25.787","7","8","2024","21","0","1","900"
"f50c7053c5815d8bfbc974d0d5794b70","6808","2024-07-08T21:00:00.000","OLTORF ST / 4TH ST","NORTHBOUND","LEFT TURN","true","1","0.0","0.0","0.1","0.0","7","8","2024","21","0","1","900"
"51275a32077066b64dd9de3d074c1970","6808","2024-07-08T21:00:00.000","OLTORF ST / 4TH ST","NORTHBOUND","RIGHT TURN","false","3","4.333","0.577","3.967","4.365","7","8","2024","21","0","1","900"
"326c0b45c33a2139823f7b9c074c17fe","6808","2024-07-08T21:00:00.000","OLTORF ST / 4TH ST","NORTHBOUND","THRU","false","15","6.8","4.161","5.74","14.634","7","8","2024","21","0","1","900"
"373375c6d327ac78b2ba86651a823804","6808","2024-07-08T21:00:00.000","OLTORF ST / 4TH ST","NORTHBOUND","THRU","true","17","8.118","3.569","12.982","24.35","7","8","2024","21","0","1","900"
"47720b0c6301c1fcd497209bc6fdce69","6808","2024-07-08T21:00:00.000","OLTORF ST / 4TH ST","SOUTHBOUND","LEFT TURN","false","1","17.0","0.0","1.8","0.0","7","8","2024","21","0","1","900"
"46f32bab97752552e94742c9f30d2e79","6808","2024-07-08T21:00:00.000","OLTORF ST / 4TH ST","SOUTHBOUND","LEFT TURN","true","4","4.25","1.258","0.625","0.665","7","8","2024","21","0","1","900"
"528542e765e387ec35ef387bf18999f4","6808","2024-07-08T21:00:00.000","OLTORF ST / 4TH ST","SOUTHBOUND","THRU","false","27","10.481","3.545","5.256","10.628","7","8","2024","21","0","1","900"
"ddf225f7b78ef3e3f24a97cc97d0c8ae","6808","2024-07-08T21:00:00.000","OLTORF ST / 4TH ST","SOUTHBOUND","THRU","true","2","6.0","1.414","21.2","29.981","7","8","2024","21","0","1","900"
"727e876267e36f83e4165c928cee2aa7","6808","2024-07-08T21:00:00.000","OLTORF ST / 4TH ST","WESTBOUND","LEFT TURN","false","3","4.0","3.464","21.233","32.867","7","8","2024","21","0","1","900"
"d673540218bb4c7cb902a84b501e8a7b","6808","2024-07-08T21:00:00.000","OLTORF ST / 4TH ST","WESTBOUND","LEFT TURN","true","3","3.0","3.0","5.6","5.839","7","8","2024","21","0","1","900"
"1292ee87f8890f7f082955347b72401c","6808","2024-07-08T21:00:00.000","OLTORF ST / 4TH ST","WESTBOUND","THRU","false","13","8.0","2.799","18.885","31.207","7","8","2024","21","0","1","900"
"a5da9908115cba1e92f5c21322608f53","6808","2024-07-08T21:00:00.000","OLTORF ST / 4TH ST","WESTBOUND","THRU","true","11","7.818","1.401","22.973","34.907","7","8","2024","21","0","1","900"
"235e29f795a2527ab34f90e0cf0e5398","6653","2024-07-08T20:45:00.000","38TH ST / MEDICAL PKWY","EASTBOUND","LEFT TURN","false","3","10.667","8.622","1.0","1.323","7","8","2024","20","45","1","900"
"f4dc8576fd6331bfd84672bd794c6607","6653","2024-07-08T20:45:00.000","38TH ST / MEDICAL PKWY","EASTBOUND","LEFT TURN","true","1","7.0","0.0","37.8","0.0","7","8","2024","20","45","1","900"
"3b5a4ff26a13bd4e107310a81b86d7a2","6653","2024-07-08T20:45:00.000","38TH ST / MEDICAL PKWY","EASTBOUND","RIGHT TURN","false","3","6.0","1.0","2.533","1.537","7","8","2024","20","45","1","900"
"84f8cca204898ddd039c54bd45566c27","6653","2024-07-08T20:45:00.000","38TH ST / MEDICAL PKWY","EASTBOUND","THRU","false","82","21.171","8.679","10.804","18.971","7","8","2024","20","45","1","900"
"a2cc4df735c472469386a2899841f6e1","6653","2024-07-08T20:45:00.000","38TH ST / MEDICAL PKWY","EASTBOUND","THRU","true","10","19.1","7.88","24.57","29.41","7","8","2024","20","45","1","900"
"d76dd5878dfff21c31f10a990bd692d9","6653","2024-07-08T20:45:00.000","38TH ST / MEDICAL PKWY","NORTHBOUND","LEFT TURN","false","4","8.5","6.245","28.025","29.185","7","8","2024","20","45","1","900"
"d8a70ed6d5b6c0c443d35645f40035b7","6653","2024-07-08T20:45:00.000","38TH ST / MEDICAL PKWY","NORTHBOUND","LEFT TURN","true","2","12.5","17.678","80.45","5.586","7","8","2024","20","45","1","900"
"b5bc699c322e1670e349c0f0167ecd78","6653","2024-07-08T20:45:00.000","38TH ST / MEDICAL PKWY","NORTHBOUND","RIGHT TURN","false","6","7.167","7.223","8.217","5.684","7","8","2024","20","45","1","900"
"4098ad0d17f86891ed357947f3deaa6f","6653","2024-07-08T20:45:00.000","38TH ST / MEDICAL PKWY","NORTHBOUND","THRU","false","5","8.4","6.269","21.6","20.227","7","8","2024","20","45","1","900"
"1bca22d8898ae69627538d6e62a18100","6653","2024-07-08T20:45:00.000","38TH ST / MEDICAL PKWY","NORTHBOUND","THRU","true","3","15.333","12.342","9.1","3.727","7","8","2024","20","45","1","900"
"d675d33dfc3cf6c9410246b17a22eec7","6653","2024-07-08T20:45:00.000","38TH ST / MEDICAL PKWY","SOUTHBOUND","LEFT TURN","false","5","8.2","2.95","26.9","38.056","7","8","2024","20","45","1","900"
"4cc8fbc607592c2555b646f817b817c9","6653","2024-07-08T20:45:00.000","38TH ST / MEDICAL PKWY","SOUTHBOUND","RIGHT TURN","false","1","10.0","0.0","9.2","0.0","7","8","2024","20","45","1","900"
"095f75d76ebc10d7d2ffa652e615a88b","6653","2024-07-08T20:45:00.000","38TH ST / MEDICAL PKWY","SOUTHBOUND","RIGHT TURN","true","1","9.0","0.0","8.4","0.0","7","8","2024","20","45","1","900"
"2914f4939c4713f8d476f989cc12712d","6653","2024-07-08T20:45:00.000","38TH ST / MEDICAL PKWY","SOUTHBOUND","THRU","false","4","8.75","6.702","3.675","6.236","7","8","2024","20","45","1","900"
"a56ad7a5e828a07a8090477a25b0314e","6653","2024-07-08T20:45:00.000","38TH ST / MEDICAL PKWY","WESTBOUND","LEFT TURN","false","4","10.5","12.014","1.8","1.73","7","8","2024","20","45","1","900"
"49c9bf060849a3c805e68dc2173eda69","6653","2024-07-08T20:45:00.000","38TH ST / MEDICAL PKWY","WESTBOUND","RIGHT TURN","false","2","13.0","2.828","3.35","1.061","7","8","2024","20","45","1","900"
"15b7a2642c38a07a356a4164a3f7d773","6653","2024-07-08T20:45:00.000","38TH ST / MEDICAL PKWY","WESTBOUND","RIGHT TURN","true","1","4.0","0.0","5.6","0.0","7","8","2024","20","45","1","900"
"8c378983ed3fe904d38aba4949bce8e3","6653","2024-07-08T20:45:00.000","38TH ST / MEDICAL PKWY","WESTBOUND","THRU","false","55","24.055","11.754","8.427","17.756","7","8","2024","20","45","1","900"
"c33a0afc580f35b12e5de31af6ae97bf","6653","2024-07-08T20:45:00.000","38TH ST / MEDICAL PKWY","WESTBOUND","THRU","true","17","26.588","6.624","1.571","1.25","7","8","2024","20","45","1","900"
"d0d2714868c45f639c38b9edbe33ee31","6882","2024-07-08T20:45:00.000","AIRPORT BLVD / 51ST ST","EASTBOUND","LEFT TURN","false","2","7.5","2.121","6.5","8.344","7","8","2024","20","45","1","900"
"bbc5b904b36078c357e9af02d8c8335d","6882","2024-07-08T20:45:00.000","AIRPORT BLVD / 51ST ST","EASTBOUND","RIGHT TURN","false","14","9.286","5.225","3.7","4.317","7","8","2024","20","45","1","900"
"b65c7ae81c2c651ca3e0e5a72de13933","6882","2024-07-08T20:45:00.000","AIRPORT BLVD / 51ST ST","EASTBOUND","THRU","false","30","13.633","5.474","4.823","11.566","7","8","2024","20","45","1","900"
"076b421f0e6c473acefa21724b91fb72","6882","2024-07-08T20:45:00.000","AIRPORT BLVD / 51ST ST","EASTBOUND","THRU","true","4","13.0","2.16","1.45","1.48","7","8","2024","20","45","1","900"
"56e4215588e4283118aeadac10337b82","6882","2024-07-08T20:45:00.000","AIRPORT BLVD / 51ST ST","NORTHBOUND","LEFT TURN","false","11","7.455","4.458","3.209","4.856","7","8","2024","20","45","1","900"
"6b870542c67ad70b3e251b76394cfee0","6882","2024-07-08T20:45:00.000","AIRPORT BLVD / 51ST ST","NORTHBOUND","LEFT TURN","true","2","4.0","5.657","45.15","63.427","7","8","2024","20","45","1","900"
"6f9e5c33504645f3e571d08424f0ca04","6882","2024-07-08T20:45:00.000","AIRPORT BLVD / 51ST ST","NORTHBOUND","THRU","false","12","23.0","6.424","3.592","7.566","7","8","2024","20","45","1","900"
"672caae76f072d1d81ae77b9a8f769b3","6882","2024-07-08T20:45:00.000","AIRPORT BLVD / 51ST ST","NORTHBOUND","THRU","true","1","8.0","0.0","0.8","0.0","7","8","2024","20","45","1","900"
"6c01bce965a55ca1867220e4f8f98005","6882","2024-07-08T20:45:00.000","AIRPORT BLVD / 51ST ST","SOUTHBOUND","LEFT TURN","false","6","10.833","4.956","10.183","16.009","7","8","2024","20","45","1","900"
"ec9f03d95828d723e14a08cacd7b836a","6882","2024-07-08T20:45:00.000","AIRPORT BLVD / 51ST ST","SOUTHBOUND","RIGHT TURN","false","2","6.5","4.95","7.45","2.333","7","8","2024","20","45","1","900"
"c314b4f737e855c470cdb3899be73eab","6882","2024-07-08T20:45:00.000","AIRPORT BLVD / 51ST ST","SOUTHBOUND","THRU","false","76","31.513","10.454","6.974","13.637","7","8","2024","20","45","1","900"
"4d2447a2658a67dc73e9f89c07b9dcb3","6882","2024-07-08T20:45:00.000","AIRPORT BLVD / 51ST ST","SOUTHBOUND","THRU","true","2","37.5","4.95","1.05","1.344","7","8","2024","20","45","1","900"
"fdbd4603af720e72200164175fff63ad","6882","2024-07-08T20:45:00.000","AIRPORT BLVD / 51ST ST","WESTBOUND","LEFT TURN","false","5","7.2","4.087","0.44","0.503","7","8","2024","20","45","1","900"
"6d9d5ce94b152077e5723ac55aed09c6","6882","2024-07-08T20:45:00.000","AIRPORT BLVD / 51ST ST","WESTBOUND","RIGHT TURN","false","11","5.364","11.604","30.409","64.722","7","8","2024","20","45","1","900"
"1743dd3d2e4df1849859a778a05ff414","6882","2024-07-08T20:45:00.000","AIRPORT BLVD / 51ST ST","WESTBOUND","RIGHT TURN","true","1","3.0","0.0","0.2","0.0","7","8","2024","20","45","1","900"
"b5b605e4e89241fef86c24560276e22f","6882","2024-07-08T20:45:00.000","AIRPORT BLVD / 51ST ST","WESTBOUND","THRU","false","18","5.278","5.644","26.389","72.692","7","8","2024","20","45","1","900"
"19bdfcc557699238638b294928548e10","6882","2024-07-08T20:45:00.000","AIRPORT BLVD / 51ST ST","WESTBOUND","THRU","true","2","8.5","4.95","0.7","0.849","7","8","2024","20","45","1","900"
"a9a9f183a4dfdf6504b1ec7fb8b7c268","7038","2024-07-08T20:45:00.000","ANDERSON LN / SHOAL CREEK BLVD","EASTBOUND","RIGHT TURN","false","10","14.2","2.044","0.0","0.0","7","8","2024","20","45","1","900"
"b2bc1a8fb9108259a51926c1fb44325c","7038","2024-07-08T20:45:00.000","ANDERSON LN / SHOAL CREEK BLVD","EASTBOUND","THRU","false","88","28.341","10.479","-0.011","0.107","7","8","2024","20","45","1","900"
"42bd1a44c906d49d7d26178f191ac064","7038","2024-07-08T20:45:00.000","ANDERSON LN / SHOAL CREEK BLVD","EASTBOUND","THRU","true","2","21.0","18.385","0.0","0.0","7","8","2024","20","45","1","900"
"dd2fceeae01202de1e4681b41d819f83","7038","2024-07-08T20:45:00.000","ANDERSON LN / SHOAL CREEK BLVD","NORTHBOUND","LEFT TURN","false","19","11.632","5.398","-0.158","0.375","7","8","2024","20","45","1","900"
"9f742c49ce3c019ae80b75c20f2a44a8","7038","2024-07-08T20:45:00.000","ANDERSON LN / SHOAL CREEK BLVD","NORTHBOUND","LEFT TURN","true","2","13.0","0.0","0.0","0.0","7","8","2024","20","45","1","900"
"a52b8451eb7a4da83d94d350195a164b","7038","2024-07-08T20:45:00.000","ANDERSON LN / SHOAL CREEK BLVD","NORTHBOUND","RIGHT TURN","false","3","6.667","2.517","1.467","2.54","7","8","2024","20","45","1","900"
"66d43662fd403e6d13b4dcb76142d459","7038","2024-07-08T20:45:00.000","ANDERSON LN / SHOAL CREEK BLVD","NORTHBOUND","THRU","false","4","10.5","5.972","0.0","0.0","7","8","2024","20","45","1","900"
"01c3c5501b233571b91d68ebdefd5ab1","7038","2024-07-08T20:45:00.000","ANDERSON LN / SHOAL CREEK BLVD","SOUTHBOUND","LEFT TURN","false","12","10.417","4.122","-0.083","0.289","7","8","2024","20","45","1","900"
"ee6af3b59de906d8133626e9d3f07dd5","7038","2024-07-08T20:45:00.000","ANDERSON LN / SHOAL CREEK BLVD","SOUTHBOUND","LEFT TURN","true","1","8.0","0.0","0.0","0.0","7","8","2024","20","45","1","900"
"ed5886e194bb22021ef8f5bcc52dafae","7038","2024-07-08T20:45:00.000","ANDERSON LN / SHOAL CREEK BLVD","SOUTHBOUND","RIGHT TURN","false","10","5.6","3.471","0.0","0.0","7","8","2024","20","45","1","900"
"2d97f0a29e28d067379abeaadf186579","7038","2024-07-08T20:45:00.000","ANDERSON LN / SHOAL CREEK BLVD","SOUTHBOUND","THRU","false","3","10.667","1.528","0.0","0.0","7","8","2024","20","45","1","900"
"08e25edd2d8802ed879666ed52b521bf","7038","2024-07-08T20:45:00.000","ANDERSON LN / SHOAL CREEK BLVD","WESTBOUND","LEFT TURN","false","7","11.286","6.396","0.0","0.0","7","8","2024","20","45","1","900"
"66315f0035271353c073ec9223bf7487","7038","2024-07-08T20:45:00.000","ANDERSON LN / SHOAL CREEK BLVD","WESTBOUND","THRU","false","111","21.685","7.661","-0.459","0.501","7","8","2024","20","45","1","900"
"00671721a743f92518879a28d5225354","7038","2024-07-08T20:45:00.000","ANDERSON LN / SHOAL CREEK BLVD","WESTBOUND","THRU","true","5","19.0","8.803","-0.6","0.548","7","8","2024","20","45","1","900"
"6509907250530c69a70a43cfe270276e","7343","2024-07-08T20:45:00.000","RIVERSIDE DR / BURTON DR","EASTBOUND","LEFT TURN","false","14","12.929","8.325","39.643","46.944","7","8","2024","20","45","1","900"
"c024701639456a757cc6fd728f2ff353","7343","2024-07-08T20:45:00.000","RIVERSIDE DR / BURTON DR","EASTBOUND","RIGHT TURN","true","2","10.5","9.192","45.2","53.74","7","8","2024","20","45","1","900"
"42f35109e2416a0398d27a92a164be49","7343","2024-07-08T20:45:00.000","RIVERSIDE DR / BURTON DR","EASTBOUND","THRU","false","100","29.73","11.412","3.407","9.828","7","8","2024","20","45","1","900"
"171e3010ebae88381759b8bb918b052a","7343","2024-07-08T20:45:00.000","RIVERSIDE DR / BURTON DR","EASTBOUND","THRU","true","66","28.591","10.288","1.98","3.696","7","8","2024","20","45","1","900"
"f26c747679e3685fab9fa4e70c1c2b9d","7343","2024-07-08T20:45:00.000","RIVERSIDE DR / BURTON DR","EASTBOUND","U-TURN","false","1","8.0","0.0","17.0","0.0","7","8","2024","20","45","1","900"
"eed65080b6c62b3e914acfabb4880869","7343","2024-07-08T20:45:00.000","RIVERSIDE DR / BURTON DR","NORTHBOUND","LEFT TURN","false","12","21.083","13.283","24.483","34.154","7","8","2024","20","45","1","900"
"978376ba4654db3b900bb4dfe9604776","7343","2024-07-08T20:45:00.000","RIVERSIDE DR / BURTON DR","NORTHBOUND","LEFT TURN","true","2","18.5","4.95","2.35","1.344","7","8","2024","20","45","1","900"
"ee5764004028d2eccb1014aeb1bbf63c","7343","2024-07-08T20:45:00.000","RIVERSIDE DR / BURTON DR","NORTHBOUND","RIGHT TURN","false","2","15.5","0.707","15.05","21.284","7","8","2024","20","45","1","900"
"1565c44b72dbf8b78d0d5daf8788c7a0","7343","2024-07-08T20:45:00.000","RIVERSIDE DR / BURTON DR","NORTHBOUND","RIGHT TURN","true","3","7.0","9.644","0.3","0.265","7","8","2024","20","45","1","900"
"63bc9aa1c9653c79d0217feb5342290d","7343","2024-07-08T20:45:00.000","RIVERSIDE DR / BURTON DR","NORTHBOUND","THRU","false","18","31.778","22.015","3.644","7.448","7","8","2024","20","45","1","900"
"6e5320521b89993400017dc76a1f964f","7343","2024-07-08T20:45:00.000","RIVERSIDE DR / BURTON DR","NORTHBOUND","THRU","true","8","33.375","20.908","0.812","1.386","7","8","2024","20","45","1","900"
"8162ab8442958451e155d407b8451381","7343","2024-07-08T20:45:00.000","RIVERSIDE DR / BURTON DR","SOUTHBOUND","LEFT TURN","false","8","17.625","3.889","28.787","43.246","7","8","2024","20","45","1","900"
"8e7335709d28fbc7d4174ad2a1b56602","7343","2024-07-08T20:45:00.000","RIVERSIDE DR / BURTON DR","SOUTHBOUND","LEFT TURN","true","4","11.75","1.708","33.825","36.936","7","8","2024","20","45","1","900"
"ed97406efc8a3fee8e4b2437f1ab8ab8","7343","2024-07-08T20:45:00.000","RIVERSIDE DR / BURTON DR","SOUTHBOUND","RIGHT TURN","false","6","8.667","2.422","14.35","24.102","7","8","2024","20","45","1","900"
"0bd66e8d9e99a3af7b48bc2b54fb86a1","7343","2024-07-08T20:45:00.000","RIVERSIDE DR / BURTON DR","SOUTHBOUND","RIGHT TURN","true","1","6.0","0.0","7.5","0.0","7","8","2024","20","45","1","900"
"38f14a43831c736b28034436aa5ef1b9","7343","2024-07-08T20:45:00.000","RIVERSIDE DR / BURTON DR","SOUTHBOUND","THRU","false","7","17.857","7.198","19.471","30.418","7","8","2024","20","45","1","900"
"24c5f44b1876a43c7ff741177cc444f6","7343","2024-07-08T20:45:00.000","RIVERSIDE DR / BURTON DR","SOUTHBOUND","THRU","true","4","16.0","4.69","26.15","35.028","7","8","2024","20","45","1","900"
"766bd4ea844a0acf630d087dbc88225c","7343","2024-07-08T20:45:00.000","RIVERSIDE DR / BURTON DR","WESTBOUND","LEFT TURN","false","12","16.0","16.814","33.675","42.153","7","8","2024","20","45","1","900"
"078b89012320c2f3956ef1c798687f7d","7343","2024-07-08T20:45:00.000","RIVERSIDE DR / BURTON DR","WESTBOUND","LEFT TURN","true","2","11.5","0.707","31.15","43.911","7","8","2024","20","45","1","900"
"6a9218fbf92fdba132a1e7379f6bf727","7343","2024-07-08T20:45:00.000","RIVERSIDE DR / BURTON DR","WESTBOUND","RIGHT TURN","false","11","0.818","1.834","4.364","3.219","7","8","2024","20","45","1","900"
"b28d2b8de381c6f7b33b07920dda3688","7343","2024-07-08T20:45:00.000","RIVERSIDE DR / BURTON DR","WESTBOUND","THRU","false","112","37.071","19.077","3.325","8.548","7","8","2024","20","45","1","900"
"4bf8d98d7bf3d69776143eec1552f25b","7343","2024-07-08T20:45:00.000","RIVERSIDE DR / BURTON DR","WESTBOUND","THRU","true","32","29.781","18.917","6.634","12.404","7","8","2024","20","45","1","900"
"b6a93248e71efac8de768e2a90031fa2","6382","2024-07-08T20:45:00.000","FM 620 RD / DEERBROOK TRL","EASTBOUND","THRU","false","138","38.739","10.683","1.1","1.11","7","8","2024","20","45","1","900"
"8781b750604d8dcff415f5cf090965f3","6382","2024-07-08T20:45:00.000","FM 620 RD / DEERBROOK TRL","EASTBOUND","THRU","true","34","38.735","8.05","1.359","0.833","7","8","2024","20","45","1","900"
"7f199b84400954c25a054eea3db17c00","6382","2024-07-08T20:45:00.000","FM 620 RD / DEERBROOK TRL","NORTHBOUND","RIGHT TURN","false","7","3.714","3.684","12.743","17.311","7","8","2024","20","45","1","900"
"2a3962753681c78014cfdebd2e8fb227","6382","2024-07-08T20:45:00.000","FM 620 RD / DEERBROOK TRL","NORTHBOUND","RIGHT TURN","true","2","8.0","2.828","3.25","4.172","7","8","2024","20","45","1","900"
"09084afa8efb07ff44f893e5d7321834","6382","2024-07-08T20:45:00.000","FM 620 RD / DEERBROOK TRL","WESTBOUND","LEFT TURN","false","8","13.125","4.704","4.325","8.508","7","8","2024","20","45","1","900"
"1d807416c605c8114f8fa98a3c5d4cea","6382","2024-07-08T20:45:00.000","FM 620 RD / DEERBROOK TRL","WESTBOUND","LEFT TURN","true","4","9.5","4.655","9.275","12.005","7","8","2024","20","45","1","900"
"509fca3afc883bf8611b854088bddca8","6382","2024-07-08T20:45:00.000","FM 620 RD / DEERBROOK TRL","WESTBOUND","THRU","false","123","36.699","7.136","0.842","1.342","7","8","2024","20","45","1","900"
"d77cf81fe0d7bf93c2b0680e69d970a1","6382","2024-07-08T20:45:00.000","FM 620 RD / DEERBROOK TRL","WESTBOUND","THRU","true","12","36.417","2.999","1.092","0.917","7","8","2024","20","45","1","900"
"ea388ebe353ae66895baaa9f5ba757fe","6881","2024-07-08T20:45:00.000","SLAUGHTER LN / LINDSHIRE LN","EASTBOUND","RIGHT TURN","false","7","8.571","1.272","11.186","9.151","7","8","2024","20","45","1","900"
"94547ccd7aa4718344f1a799740e863d","6881","2024-07-08T20:45:00.000","SLAUGHTER LN / LINDSHIRE LN","EASTBOUND","RIGHT TURN","true","1","9.0","0.0","23.7","0.0","7","8","2024","20","45","1","900"
"1ca1131d39404348c5f24d6d1a287d35","6881","2024-07-08T20:45:00.000","SLAUGHTER LN / LINDSHIRE LN","EASTBOUND","THRU","false","88","28.92","10.315","2.468","5.001","7","8","2024","20","45","1","900"
"b419cfdd704a4ea8a9751da64fb07319","6881","2024-07-08T20:45:00.000","SLAUGHTER LN / LINDSHIRE LN","EASTBOUND","THRU","true","4","31.75","18.446","6.0","10.692","7","8","2024","20","45","1","900"
"35ed0bca53ff9e6121d6fcdc9180854d","6881","2024-07-08T20:45:00.000","SLAUGHTER LN / LINDSHIRE LN","NORTHBOUND","LEFT TURN","false","5","6.4","9.45","20.58","27.545","7","8","2024","20","45","1","900"
"dad7ac240a3d54ce7673b3648240e095","6881","2024-07-08T20:45:00.000","SLAUGHTER LN / LINDSHIRE LN","NORTHBOUND","LEFT TURN","true","2","1.0","1.414","81.15","43.77","7","8","2024","20","45","1","900"
"040f9e90e3b8e0e7044d37116925e42e","6881","2024-07-08T20:45:00.000","SLAUGHTER LN / LINDSHIRE LN","SOUTHBOUND","LEFT TURN","false","2","6.5","3.536","34.15","14.213","7","8","2024","20","45","1","900"
"55fd44da59ccf74dd45df040b65b632c","6881","2024-07-08T20:45:00.000","SLAUGHTER LN / LINDSHIRE LN","WESTBOUND","LEFT TURN","false","7","12.714","7.365","1.114","1.52","7","8","2024","20","45","1","900"
"69c2c5236b3b69f26d79c985b8904a41","6881","2024-07-08T20:45:00.000","SLAUGHTER LN / LINDSHIRE LN","WESTBOUND","THRU","false","100","26.08","8.264","2.831","3.488","7","8","2024","20","45","1","900"
"3a1381ce74c0d7b36962ec84d9dc6118","6881","2024-07-08T20:45:00.000","SLAUGHTER LN / LINDSHIRE LN","WESTBOUND","THRU","true","12","23.25","10.019","5.117","7.296","7","8","2024","20","45","1","900"
"1f8db3671860b83c6cc67adeafd8f5ec","6808","2024-07-08T20:45:00.000","OLTORF ST / 4TH ST","EASTBOUND","LEFT TURN","false","2","4.5","6.364","54.5","74.953","7","8","2024","20","45","1","900"
"72bd1818a45a918c73e88fc4a264cbc4","6808","2024-07-08T20:45:00.000","OLTORF ST / 4TH ST","EASTBOUND","RIGHT TURN","false","4","5.25","0.5","5.85","6.838","7","8","2024","20","45","1","900"
"366270eb592ddf4224a02e7320de8718","6808","2024-07-08T20:45:00.000","OLTORF ST / 4TH ST","EASTBOUND","THRU","false","16","7.688","3.301","12.106","28.102","7","8","2024","20","45","1","900"
"bf782007bec1ada6bfb93fff635e843d","6808","2024-07-08T20:45:00.000","OLTORF ST / 4TH ST","EASTBOUND","THRU","true","8","8.625","2.615","1.037","0.852","7","8","2024","20","45","1","900"
"13ac5c7ca6a602378eea8ab0e718d135","6808","2024-07-08T20:45:00.000","OLTORF ST / 4TH ST","NORTHBOUND","LEFT TURN","false","6","6.333","5.645","29.133","35.587","7","8","2024","20","45","1","900"
"a3dd19056730e37dfe31eeeffcbbf87e","6808","2024-07-08T20:45:00.000","OLTORF ST / 4TH ST","NORTHBOUND","RIGHT TURN","false","7","3.286","1.704","3.671","4.019","7","8","2024","20","45","1","900"
"0fc28642460d932ae8b19063235cdc51","6808","2024-07-08T20:45:00.000","OLTORF ST / 4TH ST","NORTHBOUND","THRU","false","28","10.143","13.553","9.65","20.533","7","8","2024","20","45","1","900"
"760ca80a71055c745f2406b1817e4def","6808","2024-07-08T20:45:00.000","OLTORF ST / 4TH ST","NORTHBOUND","THRU","true","5","5.8","2.387","24.4","21.84","7","8","2024","20","45","1","900"
"4e9c20244dd9a97e3f1c1f92db008ea6","6808","2024-07-08T20:45:00.000","OLTORF ST / 4TH ST","SOUTHBOUND","LEFT TURN","false","7","7.143","3.078","26.014","42.45","7","8","2024","20","45","1","900"
"b7070e053908c258143f32570bd15630","6808","2024-07-08T20:45:00.000","OLTORF ST / 4TH ST","SOUTHBOUND","LEFT TURN","true","1","6.0","0.0","53.8","0.0","7","8","2024","20","45","1","900"
"1c5a0c77199d8669e10d27ecd024a036","6808","2024-07-08T20:45:00.000","OLTORF ST / 4TH ST","SOUTHBOUND","RIGHT TURN","false","2","6.0","1.414","4.7","3.111","7","8","2024","20","45","1","900"
"cbff7f1a6c0a0073dc08494c4770161b","6808","2024-07-08T20:45:00.000","OLTORF ST / 4TH ST","SOUTHBOUND","THRU","false","44","11.227","4.091","5.359","13.919","7","8","2024","20","45","1","900"
"834da98415097c005ab79508a944554f","6808","2024-07-08T20:45:00.000","OLTORF ST / 4TH ST","WESTBOUND","LEFT TURN","false","11","6.091","1.3","0.773","1.191","7","8","2024","20","45","1","900"
"e5b4218e729adaa477ecc4cf91977bb9","6808","2024-07-08T20:45:00.000","OLTORF ST / 4TH ST","WESTBOUND","LEFT TURN","true","2","7.0","1.414","59.0","77.216","7","8","2024","20","45","1","900"
"4357c4eb7f2791d46259e44d790a8c66","6808","2024-07-08T20:45:00.000","OLTORF ST / 4TH ST","WESTBOUND","RIGHT TURN","false","3","5.333","0.577","20.633","28.637","7","8","2024","20","45","1","900"
"a686fa16fafdd51c99be44482bcc8a7d","6808","2024-07-08T20:45:00.000","OLTORF ST / 4TH ST","WESTBOUND","THRU","false","31","8.323","2.638","25.906","29.64","7","8","2024","20","45","1","900"
"0448b24e2dc304480b62561902c57b78","6808","2024-07-08T20:45:00.000","OLTORF ST / 4TH ST","WESTBOUND","THRU","true","4","6.0","4.899","36.425","39.655","7","8","2024","20","45","1","900"
"4a46c9c5d4d5ce206ecd389dd89d9584","6808","2024-07-08T20:45:00.000","OLTORF ST / 4TH ST","WESTBOUND","U-TURN","false","1","7.0","0.0","0.7","0.0","7","8","2024","20","45","1","900"
"e97e530ad697480a3ec08d6d63382968","6653","2024-07-08T20:30:00.000","38TH ST / MEDICAL PKWY","EASTBOUND","LEFT TURN","false","2","27.0","14.142","1.2","1.131","7","8","2024","20","30","1","900"
"62697b22d661b84d38e09d1fb2de182c","6653","2024-07-08T20:30:00.000","38TH ST / MEDICAL PKWY","EASTBOUND","RIGHT TURN","false","5","6.0","2.449","2.92","2.342","7","8","2024","20","30","1","900"
"4d2fef0239c981a3cc939bf42d2589e4","6653","2024-07-08T20:30:00.000","38TH ST / MEDICAL PKWY","EASTBOUND","THRU","false","69","20.246","8.119","16.09","21.699","7","8","2024","20","30","1","900"
"9b4e4ea97d2c560f6797c7ee67713eab","6653","2024-07-08T20:30:00.000","38TH ST / MEDICAL PKWY","EASTBOUND","THRU","true","5","33.8","30.491","22.82","38.88","7","8","2024","20","30","1","900"
"d070082396a244e04f02c68febe804d2","6653","2024-07-08T20:30:00.000","38TH ST / MEDICAL PKWY","NORTHBOUND","LEFT TURN","false","5","6.2","3.564","57.12","39.603","7","8","2024","20","30","1","900"
"dc6492472fe8aa84a5add1ed39355f42","6653","2024-07-08T20:30:00.000","38TH ST / MEDICAL PKWY","NORTHBOUND","RIGHT TURN","false","8","8.875","6.728","11.038","7.211","7","8","2024","20","30","1","900"
"25be9e030cd24986096c712ff17f31a2","6653","2024-07-08T20:30:00.000","38TH ST / MEDICAL PKWY","NORTHBOUND","THRU","false","1","23.0","0.0","6.1","0.0","7","8","2024","20","30","1","900"
"2a3570e1c7997394fd44ce644a8abbd1","6653","2024-07-08T20:30:00.000","38TH ST / MEDICAL PKWY","SOUTHBOUND","LEFT TURN","false","3","10.0","2.646","0.133","0.231","7","8","2024","20","30","1","900"
"d99cfddfc0c2bea177176ae28a21d6be","6653","2024-07-08T20:30:00.000","38TH ST / MEDICAL PKWY","SOUTHBOUND","RIGHT TURN","false","1","5.0","0.0","7.7","0.0","7","8","2024","20","30","1","900"
"20d0562c473108934ed3d44e68890d74","6653","2024-07-08T20:30:00.000","38TH ST / MEDICAL PKWY","SOUTHBOUND","THRU","false","1","37.0","0.0","0.2","0.0","7","8","2024","20","30","1","900"
"2eedbf77a58a4c9e2ded3d8bc13aa28d","6653","2024-07-08T20:30:00.000","38TH ST / MEDICAL PKWY","WESTBOUND","LEFT TURN","false","3","6.333","1.155","0.033","0.058","7","8","2024","20","30","1","900"
"aa68a1e7c32208317f6190d21461b6d5","6653","2024-07-08T20:30:00.000","38TH ST / MEDICAL PKWY","WESTBOUND","LEFT TURN","true","1","17.0","0.0","0.4","0.0","7","8","2024","20","30","1","900"
"2ccfa18ad0ba7a9b9c479a6294fa2f00","6653","2024-07-08T20:30:00.000","38TH ST / MEDICAL PKWY","WESTBOUND","RIGHT TURN","false","1","8.0","0.0","6.7","0.0","7","8","2024","20","30","1","900"
"007b17ef7a1c1668603381c535c09169","6653","2024-07-08T20:30:00.000","38TH ST / MEDICAL PKWY","WESTBOUND","RIGHT TURN","true","3","13.333","2.517","3.1","1.992","7","8","2024","20","30","1","900"
"bd1c55e452227b8a9fa147b74cda9ec4","6653","2024-07-08T20:30:00.000","38TH ST / MEDICAL PKWY","WESTBOUND","THRU","false","78","24.526","10.274","6.171","13.981","7","8","2024","20","30","1","900"
"ab26d5f3a0e3792ada2e9dbb08a97438","6653","2024-07-08T20:30:00.000","38TH ST / MEDICAL PKWY","WESTBOUND","THRU","true","8","21.5","10.057","11.088","18.676","7","8","2024","20","30","1","900"
"306dafb16af3b652ddb06f5d73044b56","6882","2024-07-08T20:30:00.000","AIRPORT BLVD / 51ST ST","EASTBOUND","LEFT TURN","false","5","7.4","4.45","2.28","2.917","7","8","2024","20","30","1","900"
"0464308db57930ab8335309ddd7354d3","6882","2024-07-08T20:30:00.000","AIRPORT BLVD / 51ST ST","EASTBOUND","RIGHT TURN","false","36","11.833","6.708","4.561","6.973","7","8","2024","20","30","1","900"
"3452c65f9ba9e475ec9090ebf8ae4e62","6882","2024-07-08T20:30:00.000","AIRPORT BLVD / 51ST ST","EASTBOUND","THRU","false","44","12.864","5.36","8.205","21.467","7","8","2024","20","30","1","900"
"321c29d140bf825f6c555e18325e4a76","6882","2024-07-08T20:30:00.000","AIRPORT BLVD / 51ST ST","NORTHBOUND","LEFT TURN","false","4","6.5","4.359","44.975","50.677","7","8","2024","20","30","1","900"
"dab88f24993bf72223d117000ef6fdd6","6882","2024-07-08T20:30:00.000","AIRPORT BLVD / 51ST ST","NORTHBOUND","LEFT TURN","true","2","10.5","3.536","2.2","0.141","7","8","2024","20","30","1","900"
"91735266912edd40a51749db8aa02fc5","6882","2024-07-08T20:30:00.000","AIRPORT BLVD / 51ST ST","SOUTHBOUND","RIGHT TURN","false","1","12.0","0.0","2.9","0.0","7","8","2024","20","30","1","900"
"05583684c2737365b5176331e0127bd3","6882","2024-07-08T20:30:00.000","AIRPORT BLVD / 51ST ST","SOUTHBOUND","THRU","false","63","32.778","11.069","4.402","9.361","7","8","2024","20","30","1","900"
"efa93c780923b6449af6e4d4f1777e3b","6882","2024-07-08T20:30:00.000","AIRPORT BLVD / 51ST ST","SOUTHBOUND","THRU","true","5","33.2","11.628","12.36","25.751","7","8","2024","20","30","1","900"
"d627b742308edaa8a2ee803ca77a2443","6882","2024-07-08T20:30:00.000","AIRPORT BLVD / 51ST ST","WESTBOUND","LEFT TURN","false","6","8.0","2.966","1.0","1.354","7","8","2024","20","30","1","900"
"64d77d1622338dbe86d582b1c69e126f","6882","2024-07-08T20:30:00.000","AIRPORT BLVD / 51ST ST","WESTBOUND","LEFT TURN","true","1","13.0","0.0","0.5","0.0","7","8","2024","20","30","1","900"
"ee5f9e2b4f46d1f180594ac8085565c5","6882","2024-07-08T20:30:00.000","AIRPORT BLVD / 51ST ST","WESTBOUND","RIGHT TURN","false","11","3.0","3.873","2.227","3.33","7","8","2024","20","30","1","900"
"8293db49bfa0f273e5e6d17224eccf97","6882","2024-07-08T20:30:00.000","AIRPORT BLVD / 51ST ST","WESTBOUND","RIGHT TURN","true","1","0.0","0.0","2.0","0.0","7","8","2024","20","30","1","900"
"8e75795e645d907e8487d9543825f60f","6882","2024-07-08T20:30:00.000","AIRPORT BLVD / 51ST ST","WESTBOUND","THRU","false","18","5.889","6.028","31.872","34.894","7","8","2024","20","30","1","900"
"e6459f15c464a526ff49783634d698f1","6882","2024-07-08T20:30:00.000","AIRPORT BLVD / 51ST ST","WESTBOUND","THRU","true","6","4.833","5.981","9.0","16.62","7","8","2024","20","30","1","900"
"31c2d26e4f507106e82f7aa61963fb2c","7038","2024-07-08T20:30:00.000","ANDERSON LN / SHOAL CREEK BLVD","EASTBOUND","LEFT TURN","false","2","12.0","1.414","0.0","0.0","7","8","2024","20","30","1","900"
"d403118a17ec4679d4685fac415b7c35","7038","2024-07-08T20:30:00.000","ANDERSON LN / SHOAL CREEK BLVD","EASTBOUND","RIGHT TURN","false","17","13.118","5.521","-0.059","0.243","7","8","2024","20","30","1","900"
"a6c9c1ef6220605664d2676228deaeeb","7038","2024-07-08T20:30:00.000","ANDERSON LN / SHOAL CREEK BLVD","EASTBOUND","THRU","false","92","28.946","12.026","-0.011","0.104","7","8","2024","20","30","1","900"
"37bf835251b496d73e7ddf4f47fa03f3","7038","2024-07-08T20:30:00.000","ANDERSON LN / SHOAL CREEK BLVD","EASTBOUND","THRU","true","2","24.5","13.435","0.0","0.0","7","8","2024","20","30","1","900"
"876e0e00e091f130302ab74a7d3dd83f","7038","2024-07-08T20:30:00.000","ANDERSON LN / SHOAL CREEK BLVD","NORTHBOUND","LEFT TURN","false","29","11.0","5.0","-0.241","0.435","7","8","2024","20","30","1","900"
"985e9a8a2983f9bc3e86683a1ec4c45f","7038","2024-07-08T20:30:00.000","ANDERSON LN / SHOAL CREEK BLVD","NORTHBOUND","RIGHT TURN","false","4","7.25","3.304","0.0","0.0","7","8","2024","20","30","1","900"
"7d6cbd42e45284c4afddf68d2b19cf18","7038","2024-07-08T20:30:00.000","ANDERSON LN / SHOAL CREEK BLVD","NORTHBOUND","THRU","false","7","15.143","7.904","-0.286","0.488","7","8","2024","20","30","1","900"
"0294ce9e95c7a2589daa0109c9ccb328","7038","2024-07-08T20:30:00.000","ANDERSON LN / SHOAL CREEK BLVD","SOUTHBOUND","LEFT TURN","false","13","9.769","3.219","0.0","0.0","7","8","2024","20","30","1","900"
"15ca3685dcd221cf0404849ac9bc2beb","7038","2024-07-08T20:30:00.000","ANDERSON LN / SHOAL CREEK BLVD","SOUTHBOUND","LEFT TURN","true","1","6.0","0.0","0.0","0.0","7","8","2024","20","30","1","900"
"797fd0b790a50952d93a2058b36ca669","7038","2024-07-08T20:30:00.000","ANDERSON LN / SHOAL CREEK BLVD","SOUTHBOUND","RIGHT TURN","false","14","7.929","2.814","0.0","0.0","7","8","2024","20","30","1","900"
"a827574e95bc3faa37a3e94668068f8f","7038","2024-07-08T20:30:00.000","ANDERSON LN / SHOAL CREEK BLVD","SOUTHBOUND","THRU","false","5","12.4","8.414","0.0","0.0","7","8","2024","20","30","1","900"
"6478babb04d5142c13ac1ea4d22fef6d","7038","2024-07-08T20:30:00.000","ANDERSON LN / SHOAL CREEK BLVD","WESTBOUND","LEFT TURN","false","8","5.5","7.407","-0.125","0.354","7","8","2024","20","30","1","900"
"7baac865b193b0fc29130689c032169f","7038","2024-07-08T20:30:00.000","ANDERSON LN / SHOAL CREEK BLVD","WESTBOUND","THRU","false","142","22.19","7.044","-0.444","0.499","7","8","2024","20","30","1","900"
"ed0e485af3e6e6dc7658ec674f91c1ca","7038","2024-07-08T20:30:00.000","ANDERSON LN / SHOAL CREEK BLVD","WESTBOUND","THRU","true","6","15.5","10.095","-0.167","0.408","7","8","2024","20","30","1","900"
"537485fbb93d516c43a825bee7ee1f22","7343","2024-07-08T20:30:00.000","RIVERSIDE DR / BURTON DR","EASTBOUND","LEFT TURN","false","31","12.032","2.183","26.8","42.042","7","8","2024","20","30","1","900"
"1939895fb0c1dd9c58af16d50316857e","7343","2024-07-08T20:30:00.000","RIVERSIDE DR / BURTON DR","EASTBOUND","LEFT TURN","true","2","11.5","0.707","3.6","1.697","7","8","2024","20","30","1","900"
"3914bf9abab4edbac53c64f1bbceacd8","7343","2024-07-08T20:30:00.000","RIVERSIDE DR / BURTON DR","EASTBOUND","THRU","false","141","28.972","9.612","5.255","13.475","7","8","2024","20","30","1","900"
"4d8456874fed4bdab0dd58ea55cb1fdd","7343","2024-07-08T20:30:00.000","RIVERSIDE DR / BURTON DR","EASTBOUND","THRU","true","45","28.289","12.839","4.047","12.915","7","8","2024","20","30","1","900"
"8c601941220bf8a6ca76d5fca0521385","7343","2024-07-08T20:30:00.000","RIVERSIDE DR / BURTON DR","EASTBOUND","U-TURN","false","2","8.0","1.414","89.65","6.152","7","8","2024","20","30","1","900"
"ec79609dfede1af2d692643810f53b4d","7343","2024-07-08T20:30:00.000","RIVERSIDE DR / BURTON DR","EASTBOUND","U-TURN","true","1","7.0","0.0","4.0","0.0","7","8","2024","20","30","1","900"
"5a9dd76a7d1286945ff18e9037ea1163","7343","2024-07-08T20:30:00.000","RIVERSIDE DR / BURTON DR","NORTHBOUND","LEFT TURN","false","14","20.929","6.967","20.343","50.391","7","8","2024","20","30","1","900"
"815c42bea13cb6ea876795bcbde0da33","7343","2024-07-08T20:30:00.000","RIVERSIDE DR / BURTON DR","NORTHBOUND","LEFT TURN","true","2","7.0","9.899","0.35","0.495","7","8","2024","20","30","1","900"
"c1a973a23918ce3881903bd10dee6bf3","7343","2024-07-08T20:30:00.000","RIVERSIDE DR / BURTON DR","NORTHBOUND","RIGHT TURN","false","2","15.0","1.414","0.9","0.566","7","8","2024","20","30","1","900"
"61dca02645a42b3b71186ac8648ff2ed","7343","2024-07-08T20:30:00.000","RIVERSIDE DR / BURTON DR","NORTHBOUND","RIGHT TURN","true","2","26.0","11.314","0.65","0.636","7","8","2024","20","30","1","900"
"4149c14efe7a689ae4c45b536ca24888","7343","2024-07-08T20:30:00.000","RIVERSIDE DR / BURTON DR","NORTHBOUND","THRU","false","13","19.923","21.121","3.892","6.014","7","8","2024","20","30","1","900"
"ac038adee31aebc81987885144a86d22","7343","2024-07-08T20:30:00.000","RIVERSIDE DR / BURTON DR","NORTHBOUND","THRU","true","3","23.333","7.506","6.033","8.13","7","8","2024","20","30","1","900"
"63782f4410957f1fd04ecba4581db864","7343","2024-07-08T20:30:00.000","RIVERSIDE DR / BURTON DR","SOUTHBOUND","LEFT TURN","false","19","16.526","5.348","37.468","42.342","7","8","2024","20","30","1","900"
"f93da1234b74145800ad2e218c9046a4","7343","2024-07-08T20:30:00.000","RIVERSIDE DR / BURTON DR","SOUTHBOUND","LEFT TURN","true","3","17.667","2.517","37.633","58.082","7","8","2024","20","30","1","900"
"bc80004e159b2cdba8142d7084b71d4d","7343","2024-07-08T20:30:00.000","RIVERSIDE DR / BURTON DR","SOUTHBOUND","RIGHT TURN","false","9","9.111","2.205","5.311","3.104","7","8","2024","20","30","1","900"
"477c2b50b1f3494368545f914e9e6c52","7343","2024-07-08T20:30:00.000","RIVERSIDE DR / BURTON DR","SOUTHBOUND","RIGHT TURN","true","2","9.5","2.121","20.15","25.385","7","8","2024","20","30","1","900"
"8e879dd0403513c35217c57f48209f14","7343","2024-07-08T20:30:00.000","RIVERSIDE DR / BURTON DR","SOUTHBOUND","THRU","false","9","17.889","4.729","24.322","32.893","7","8","2024","20","30","1","900"
"d080c367c54116cce8b8502efface4fb","7343","2024-07-08T20:30:00.000","RIVERSIDE DR / BURTON DR","SOUTHBOUND","THRU","true","2","12.5","0.707","68.8","7.212","7","8","2024","20","30","1","900"
"2bb15de3e3e2c973378836d8d25a7572","7343","2024-07-08T20:30:00.000","RIVERSIDE DR / BURTON DR","WESTBOUND","LEFT TURN","false","6","22.333","23.662","17.833","42.558","7","8","2024","20","30","1","900"
"3f5fc0095829ad5613048aafcb1a7cb2","7343","2024-07-08T20:30:00.000","RIVERSIDE DR / BURTON DR","WESTBOUND","LEFT TURN","true","4","14.0","5.831","24.625","48.317","7","8","2024","20","30","1","900"
"94bbf350a3eddaf930c45965d9077a8f","7343","2024-07-08T20:30:00.000","RIVERSIDE DR / BURTON DR","WESTBOUND","RIGHT TURN","false","9","3.333","7.071","4.3","5.934","7","8","2024","20","30","1","900"
"84dc8dc895413171a4a88429db07c7d1","7343","2024-07-08T20:30:00.000","RIVERSIDE DR / BURTON DR","WESTBOUND","THRU","false","143","28.909","19.663","5.729","15.277","7","8","2024","20","30","1","900"
"0a2c293982fe37feb3ea5caebf2e0a89","7343","2024-07-08T20:30:00.000","RIVERSIDE DR / BURTON DR","WESTBOUND","THRU","true","24","31.625","22.31","7.242","19.07","7","8","2024","20","30","1","900"
"bd54e4ef1624cd8af811785577f25ba4","6382","2024-07-08T20:30:00.000","FM 620 RD / DEERBROOK TRL","EASTBOUND","THRU","false","180","38.589","9.719","1.45","2.662","7","8","2024","20","30","1","900"
"4d080916a31160d310d2aca6b9512f14","6382","2024-07-08T20:30:00.000","FM 620 RD / DEERBROOK TRL","EASTBOUND","THRU","true","1","34.0","0.0","0.7","0.0","7","8","2024","20","30","1","900"
"d69cb18b7c9c9a9fdaa944485fd5d841","6382","2024-07-08T20:30:00.000","FM 620 RD / DEERBROOK TRL","NORTHBOUND","LEFT TURN","false","2","6.0","0.0","22.75","13.93","7","8","2024","20","30","1","900"
"c9865181b959430104787a54b568f42c","6382","2024-07-08T20:30:00.000","FM 620 RD / DEERBROOK TRL","NORTHBOUND","RIGHT TURN","false","14","5.786","6.589","24.014","28.582","7","8","2024","20","30","1","900"
"2b687f51f3f56465b0c48e531fac2740","6382","2024-07-08T20:30:00.000","FM 620 RD / DEERBROOK TRL","NORTHBOUND","THRU","false","1","0.0","0.0","0.1","0.0","7","8","2024","20","30","1","900"
"52a9b6983223ec5519c4328546c2c201","6382","2024-07-08T20:30:00.000","FM 620 RD / DEERBROOK TRL","WESTBOUND","LEFT TURN","false","8","8.0","2.673","3.525","5.943","7","8","2024","20","30","1","900"
"745d5401048c40c14475c69784292bdf","6382","2024-07-08T20:30:00.000","FM 620 RD / DEERBROOK TRL","WESTBOUND","THRU","false","138","38.246","6.461","0.764","0.716","7","8","2024","20","30","1","900"
"723a9729bbf60648c9039a1ca23bebfd","6382","2024-07-08T20:30:00.000","FM 620 RD / DEERBROOK TRL","WESTBOUND","THRU","true","3","37.667","7.234","0.533","0.462","7","8","2024","20","30","1","900"
"74386b89a6f975132caac2e4db053ddf","6881","2024-07-08T20:30:00.000","SLAUGHTER LN / LINDSHIRE LN","EASTBOUND","RIGHT TURN","false","10","16.1","10.257","2.52","1.157","7","8","2024","20","30","1","900"
"acb1bfc1c95056d56ec282e1161f5317","6881","2024-07-08T20:30:00.000","SLAUGHTER LN / LINDSHIRE LN","EASTBOUND","THRU","false","149","32.926","6.699","1.327","0.971","7","8","2024","20","30","1","900"
"67ca67d32f0510f41fc4f83f37a63572","6881","2024-07-08T20:30:00.000","SLAUGHTER LN / LINDSHIRE LN","EASTBOUND","U-TURN","false","1","7.0","0.0","3.3","0.0","7","8","2024","20","30","1","900"
"80252f437447e73a257d6003e302c50b","6881","2024-07-08T20:30:00.000","SLAUGHTER LN / LINDSHIRE LN","NORTHBOUND","LEFT TURN","false","7","1.143","1.574","41.857","33.087","7","8","2024","20","30","1","900"
"0492ebc9cba08cc2af642aaec2fa5401","6881","2024-07-08T20:30:00.000","SLAUGHTER LN / LINDSHIRE LN","WESTBOUND","THRU","false","103","28.291","7.384","2.309","2.708","7","8","2024","20","30","1","900"
"6cd6f44fa8e807399bb57b957f939ee1","6808","2024-07-08T20:30:00.000","OLTORF ST / 4TH ST","EASTBOUND","LEFT TURN","false","5","1.8","1.304","58.16","37.008","7","8","2024","20","30","1","900"
"fb3ffa3606a82901dc726212610902d7","6808","2024-07-08T20:30:00.000","OLTORF ST / 4TH ST","EASTBOUND","RIGHT TURN","false","8","4.375","0.744","1.712","0.889","7","8","2024","20","30","1","900"
"b01809e375ee7125544267bbd894849a","6808","2024-07-08T20:30:00.000","OLTORF ST / 4TH ST","EASTBOUND","THRU","false","25","10.76","14.066","14.048","29.773","7","8","2024","20","30","1","900"
"0a97fb8f4f93f593f814ebae14cc3827","6808","2024-07-08T20:30:00.000","OLTORF ST / 4TH ST","NORTHBOUND","LEFT TURN","false","12","25.75","30.958","0.517","0.842","7","8","2024","20","30","1","900"
"55f8f92da9e761aad232a7cd6b1511c9","6808","2024-07-08T20:30:00.000","OLTORF ST / 4TH ST","NORTHBOUND","RIGHT TURN","false","9","3.778","1.922","5.933","11.691","7","8","2024","20","30","1","900"
"faae3d43268ae1b6ffb3ab930f05f4fc","6808","2024-07-08T20:30:00.000","OLTORF ST / 4TH ST","NORTHBOUND","THRU","false","47","9.106","11.968","6.938","15.16","7","8","2024","20","30","1","900"
"8f6db63a66a04e293e5e9b77c8824279","6808","2024-07-08T20:30:00.000","OLTORF ST / 4TH ST","SOUTHBOUND","LEFT TURN","false","12","5.75","1.215","23.592","38.859","7","8","2024","20","30","1","900"
"023bb14d997cd4128f115fbec273edd2","6808","2024-07-08T20:30:00.000","OLTORF ST / 4TH ST","SOUTHBOUND","RIGHT TURN","false","5","7.8","1.483","1.58","1.203","7","8","2024","20","30","1","900"
"2c98bafb8d96793ffd5d5c95af332ed0","6808","2024-07-08T20:30:00.000","OLTORF ST / 4TH ST","SOUTHBOUND","THRU","false","63","12.429","4.031","6.921","16.535","7","8","2024","20","30","1","900"
"045dd6e101e07a6ed12ae3c8a3532892","6808","2024-07-08T20:30:00.000","OLTORF ST / 4TH ST","WESTBOUND","LEFT TURN","false","5","5.6","1.342","0.26","0.305","7","8","2024","20","30","1","900"
"d858f285d782766e546ee24b17e76292","6808","2024-07-08T20:30:00.000","OLTORF ST / 4TH ST","WESTBOUND","RIGHT TURN","false","7","5.0","0.577","15.814","23.061","7","8","2024","20","30","1","900"
"3cf26e7571fec7fca0d15d361cda677a","6808","2024-07-08T20:30:00.000","OLTORF ST / 4TH ST","WESTBOUND","THRU","false","42","8.167","3.298","21.483","31.469","7","8","2024","20","30","1","900"
"a557eab32770f325bf91d95767808928","6808","2024-07-08T20:30:00.000","OLTORF ST / 4TH ST","WESTBOUND","U-TURN","false","1","6.0","0.0","0.1","0.0","7","8","2024","20","30","1","900"
"590758799acd6b87bedb4e0dae65cfa7","6653","2024-07-08T20:15:00.000","38TH ST / MEDICAL PKWY","EASTBOUND","LEFT TURN","false","5","20.2","26.3","19.12","34.779","7","8","2024","20","15","1","900"
"3205345acad419dfd2c4230137f60931","6653","2024-07-08T20:15:00.000","38TH ST / MEDICAL PKWY","EASTBOUND","RIGHT TURN","false","4","8.75","1.258","1.025","0.75","7","8","2024","20","15","1","900"
"cecbe05d0b233ac13fae1bf898716ee5","6653","2024-07-08T20:15:00.000","38TH ST / MEDICAL PKWY","EASTBOUND","THRU","false","62","19.919","8.62","15.95","24.015","7","8","2024","20","15","1","900"
"b2319daa9e570bc2600575aa8df61bed","6653","2024-07-08T20:15:00.000","38TH ST / MEDICAL PKWY","EASTBOUND","THRU","true","2","26.0","15.556","0.55","0.212","7","8","2024","20","15","1","900"
"120dcba622232364639d7b68cdb46a00","6653","2024-07-08T20:15:00.000","38TH ST / MEDICAL PKWY","NORTHBOUND","LEFT TURN","false","3","6.333","9.292","21.733","23.871","7","8","2024","20","15","1","900"
"ce01b07bf2da8828c85668476fc5af23","6653","2024-07-08T20:15:00.000","38TH ST / MEDICAL PKWY","NORTHBOUND","LEFT TURN","true","1","3.0","0.0","20.9","0.0","7","8","2024","20","15","1","900"
"6952a669d84b00769fbff5ce1807a0b0","6653","2024-07-08T20:15:00.000","38TH ST / MEDICAL PKWY","NORTHBOUND","RIGHT TURN","false","4","9.0","7.394","12.8","14.501","7","8","2024","20","15","1","900"
"a878b43dcbf034403b71ceecef5e1708","6653","2024-07-08T20:15:00.000","38TH ST / MEDICAL PKWY","NORTHBOUND","THRU","false","1","11.0","0.0","12.1","0.0","7","8","2024","20","15","1","900"
"3c3c4065035cfc6ca4b3ccde01dc61d6","6653","2024-07-08T20:15:00.000","38TH ST / MEDICAL PKWY","NORTHBOUND","THRU","true","1","26.0","0.0","9.3","0.0","7","8","2024","20","15","1","900"
"06b02c8da2d1801df023235010f22b36","6653","2024-07-08T20:15:00.000","38TH ST / MEDICAL PKWY","SOUTHBOUND","LEFT TURN","false","4","9.0","2.16","24.75","46.035","7","8","2024","20","15","1","900"
"f7c0e82e02f04f7e9092e41ae2f80ddc","6653","2024-07-08T20:15:00.000","38TH ST / MEDICAL PKWY","SOUTHBOUND","RIGHT TURN","false","2","13.5","4.95","3.95","0.778","7","8","2024","20","15","1","900"
"d7c8589e31edf906a395c90f11530143","6653","2024-07-08T20:15:00.000","38TH ST / MEDICAL PKWY","SOUTHBOUND","THRU","false","1","11.0","0.0","0.0","0.0","7","8","2024","20","15","1","900"
"7eeb11a848da26e1484d76c18f2259a6","6653","2024-07-08T20:15:00.000","38TH ST / MEDICAL PKWY","WESTBOUND","LEFT TURN","false","1","30.0","0.0","0.8","0.0","7","8","2024","20","15","1","900"
"34b6b350ad4a3bb10b3571d899cf1530","6653","2024-07-08T20:15:00.000","38TH ST / MEDICAL PKWY","WESTBOUND","RIGHT TURN","false","2","7.5","6.364","1.95","0.071","7","8","2024","20","15","1","900"
"6d3f62c1f72dc6cb27e5f8ea38c06c71","6653","2024-07-08T20:15:00.000","38TH ST / MEDICAL PKWY","WESTBOUND","RIGHT TURN","true","1","13.0","0.0","4.1","0.0","7","8","2024","20","15","1","900"
"3859b1d1f901501f11681b40efb3eb01","6653","2024-07-08T20:15:00.000","38TH ST / MEDICAL PKWY","WESTBOUND","THRU","false","91","25.22","11.404","6.1","16.232","7","8","2024","20","15","1","900"
"8bc689b2049153500202cd4069b0f349","6653","2024-07-08T20:15:00.000","38TH ST / MEDICAL PKWY","WESTBOUND","THRU","true","8","24.0","8.018","3.038","5.664","7","8","2024","20","15","1","900"
"7d1f73ce498e255c480a0526b689985d","6882","2024-07-08T20:15:00.000","AIRPORT BLVD / 51ST ST","EASTBOUND","LEFT TURN","false","1","6.0","0.0","0.0","0.0","7","8","2024","20","15","1","900"
"5d4bb875212aa82123760049eb5dd9e5","6882","2024-07-08T20:15:00.000","AIRPORT BLVD / 51ST ST","EASTBOUND","LEFT TURN","true","1","5.0","0.0","0.0","0.0","7","8","2024","20","15","1","900"
"94ec13fce39a60de21bfc1f99a8f66b2","6882","2024-07-08T20:15:00.000","AIRPORT BLVD / 51ST ST","EASTBOUND","RIGHT TURN","false","23","11.739","5.84","5.574","8.908","7","8","2024","20","15","1","900"
"4c7bb4ee304923913a2dee5ec2edc27c","6882","2024-07-08T20:15:00.000","AIRPORT BLVD / 51ST ST","EASTBOUND","THRU","false","71","12.408","5.648","6.321","16.1","7","8","2024","20","15","1","900"
"cb939f5a71ed65f61f5e9e301303357b","6882","2024-07-08T20:15:00.000","AIRPORT BLVD / 51ST ST","EASTBOUND","THRU","true","5","16.4","4.159","18.04","38.387","7","8","2024","20","15","1","900"
"0bcbaa48bd969c4b9b582ddc09d02514","6882","2024-07-08T20:15:00.000","AIRPORT BLVD / 51ST ST","NORTHBOUND","LEFT TURN","false","11","4.636","3.854","37.309","44.298","7","8","2024","20","15","1","900"
"223c8ce8f3865c4f5b933abc968d8710","6882","2024-07-08T20:15:00.000","AIRPORT BLVD / 51ST ST","NORTHBOUND","LEFT TURN","true","1","6.0","0.0","3.3","0.0","7","8","2024","20","15","1","900"
"bcc4068a817b1d82b5b3f1f2d4ebe6fd","6882","2024-07-08T20:15:00.000","AIRPORT BLVD / 51ST ST","SOUTHBOUND","LEFT TURN","true","1","13.0","0.0","1.2","0.0","7","8","2024","20","15","1","900"
"dce66646e35dbdf6b7a01a2da02bc65a","6882","2024-07-08T20:15:00.000","AIRPORT BLVD / 51ST ST","SOUTHBOUND","RIGHT TURN","false","2","11.5","3.536","4.35","1.768","7","8","2024","20","15","1","900"
"e9b815b2d7c948d9e0dce516300bf17b","6882","2024-07-08T20:15:00.000","AIRPORT BLVD / 51ST ST","SOUTHBOUND","THRU","false","77","35.039","10.584","5.556","13.736","7","8","2024","20","15","1","900"
"344b7f7cceaea916da3a4642d288c966","6882","2024-07-08T20:15:00.000","AIRPORT BLVD / 51ST ST","SOUTHBOUND","THRU","true","4","42.75","2.5","1.65","0.129","7","8","2024","20","15","1","900"
"77828498039632a128ebee8ec23188f3","6882","2024-07-08T20:15:00.000","AIRPORT BLVD / 51ST ST","WESTBOUND","LEFT TURN","false","6","5.667","3.559","9.833","20.35","7","8","2024","20","15","1","900"
"e371010bd1031a4327b4b60faa534665","6882","2024-07-08T20:15:00.000","AIRPORT BLVD / 51ST ST","WESTBOUND","LEFT TURN","true","1","14.0","0.0","9.2","0.0","7","8","2024","20","15","1","900"
"4214f15be943b0101cd6aa49922d5b33","6882","2024-07-08T20:15:00.000","AIRPORT BLVD / 51ST ST","WESTBOUND","RIGHT TURN","false","10","1.4","2.989","12.62","28.577","7","8","2024","20","15","1","900"
"8f673c4b898f6e9ce3d44ce2e03c00ae","6882","2024-07-08T20:15:00.000","AIRPORT BLVD / 51ST ST","WESTBOUND","THRU","false","30","6.5","5.158","11.88","24.681","7","8","2024","20","15","1","900"
"b4bd9b6dc81ad4b1cab9c17b29246526","6882","2024-07-08T20:15:00.000","AIRPORT BLVD / 51ST ST","WESTBOUND","THRU","true","2","1.0","1.414","94.05","5.162","7","8","2024","20","15","1","900"
"01b8d56c90d4ec4f73bd695732ba141c","7038","2024-07-08T20:15:00.000","ANDERSON LN / SHOAL CREEK BLVD","EASTBOUND","LEFT TURN","false","7","8.714","2.059","0.0","0.0","7","8","2024","20","15","1","900"
"0ad4b7a9c9c33f5ee726c037dc62837e","7038","2024-07-08T20:15:00.000","ANDERSON LN / SHOAL CREEK BLVD","EASTBOUND","RIGHT TURN","false","15","10.733","4.367","0.0","0.0","7","8","2024","20","15","1","900"
"a86fed802ab0c65be48050358d317d5e","7038","2024-07-08T20:15:00.000","ANDERSON LN / SHOAL CREEK BLVD","EASTBOUND","RIGHT TURN","true","1","5.0","0.0","0.0","0.0","7","8","2024","20","15","1","900"
"0d7117de3ac31f5bdcb0368e351b6540","7038","2024-07-08T20:15:00.000","ANDERSON LN / SHOAL CREEK BLVD","EASTBOUND","THRU","false","104","25.24","11.754","-0.038","0.193","7","8","2024","20","15","1","900"
"9f4b9ad47b5c5239ae896f66189012e1","7038","2024-07-08T20:15:00.000","ANDERSON LN / SHOAL CREEK BLVD","EASTBOUND","THRU","true","2","24.5","20.506","0.0","0.0","7","8","2024","20","15","1","900"
"88f70476f1909a7a04350d9a9c61ba04","7038","2024-07-08T20:15:00.000","ANDERSON LN / SHOAL CREEK BLVD","NORTHBOUND","LEFT TURN","false","33","11.727","4.178","-0.364","0.489","7","8","2024","20","15","1","900"
"201561104bbf96bc2695ce181f2964d6","7038","2024-07-08T20:15:00.000","ANDERSON LN / SHOAL CREEK BLVD","NORTHBOUND","RIGHT TURN","false","4","6.5","2.517","0.0","0.0","7","8","2024","20","15","1","900"
"b55822f7cddd410408224263e2c284c5","7038","2024-07-08T20:15:00.000","ANDERSON LN / SHOAL CREEK BLVD","NORTHBOUND","THRU","false","2","4.5","0.707","0.0","0.0","7","8","2024","20","15","1","900"
"32e99de527cb75b7a83f22e04e263c29","7038","2024-07-08T20:15:00.000","ANDERSON LN / SHOAL CREEK BLVD","SOUTHBOUND","LEFT TURN","false","13","10.462","3.886","-0.077","0.277","7","8","2024","20","15","1","900"
"730edd0b69cdb20cc5657b93f48d3009","7038","2024-07-08T20:15:00.000","ANDERSON LN / SHOAL CREEK BLVD","SOUTHBOUND","RIGHT TURN","false","10","7.3","1.889","0.0","0.0","7","8","2024","20","15","1","900"
"696138745d3e9a5df3277fd404972e20","7038","2024-07-08T20:15:00.000","ANDERSON LN / SHOAL CREEK BLVD","SOUTHBOUND","THRU","false","8","10.625","2.774","-0.125","0.354","7","8","2024","20","15","1","900"
"e9e4945253800f1784b2f79438642f6f","7038","2024-07-08T20:15:00.000","ANDERSON LN / SHOAL CREEK BLVD","WESTBOUND","LEFT TURN","false","4","9.75","6.551","0.0","0.0","7","8","2024","20","15","1","900"
"94d02e986bdd01cb8b07ee4531c52f5d","7038","2024-07-08T20:15:00.000","ANDERSON LN / SHOAL CREEK BLVD","WESTBOUND","RIGHT TURN","false","1","15.0","0.0","0.0","0.0","7","8","2024","20","15","1","900"
"0e18a1a92639a56a5a15b4fbaedc4c0e","7038","2024-07-08T20:15:00.000","ANDERSON LN / SHOAL CREEK BLVD","WESTBOUND","THRU","false","137","19.511","7.049","-0.496","0.502","7","8","2024","20","15","1","900"
"861e6cc464f3e2b2cc86ec841eaa0b2c","7038","2024-07-08T20:15:00.000","ANDERSON LN / SHOAL CREEK BLVD","WESTBOUND","THRU","true","9","16.556","7.78","-0.444","0.527","7","8","2024","20","15","1","900"
"4125f89e6201109c4f13aecd85041d2c","7343","2024-07-08T20:15:00.000","RIVERSIDE DR / BURTON DR","EASTBOUND","LEFT TURN","false","27","12.63","3.2","40.633","48.675","7","8","2024","20","15","1","900"
"0c82b734d5542d145bc1857d9c64a75f","7343","2024-07-08T20:15:00.000","RIVERSIDE DR / BURTON DR","EASTBOUND","LEFT TURN","true","1","10.0","0.0","76.1","0.0","7","8","2024","20","15","1","900"
"1d5946e29156a742e386bbd7914a0daa","7343","2024-07-08T20:15:00.000","RIVERSIDE DR / BURTON DR","EASTBOUND","THRU","false","115","31.0","10.322","4.976","15.342","7","8","2024","20","15","1","900"
"ecc14adedf83cf5692639ee18490357c","7343","2024-07-08T20:15:00.000","RIVERSIDE DR / BURTON DR","EASTBOUND","THRU","true","60","26.75","12.101","4.523","12.873","7","8","2024","20","15","1","900"
"4140e65cbabdaa20925befa1a8e4cff3","7343","2024-07-08T20:15:00.000","RIVERSIDE DR / BURTON DR","EASTBOUND","U-TURN","false","2","9.0","2.828","1.25","1.202","7","8","2024","20","15","1","900"
"2d8a95ea484cd1ed6994b0ce604401c6","7343","2024-07-08T20:15:00.000","RIVERSIDE DR / BURTON DR","NORTHBOUND","LEFT TURN","false","12","21.0","4.767","12.583","29.262","7","8","2024","20","15","1","900"
"3e1b75dbe5460cdf6b35bd1a7cf8faf2","7343","2024-07-08T20:15:00.000","RIVERSIDE DR / BURTON DR","NORTHBOUND","RIGHT TURN","false","6","22.167","4.07","1.3","1.203","7","8","2024","20","15","1","900"
"4d4f7fa328db7914aa92bfc8b3478cf6","7343","2024-07-08T20:15:00.000","RIVERSIDE DR / BURTON DR","NORTHBOUND","THRU","false","11","20.909","13.634","4.482","13.579","7","8","2024","20","15","1","900"
"ea0102bd03fec1bd327db900b2a074f2","7343","2024-07-08T20:15:00.000","RIVERSIDE DR / BURTON DR","NORTHBOUND","THRU","true","4","35.25","27.536","0.325","0.206","7","8","2024","20","15","1","900"
"b03e101c8f4636d78cf8f07dd5add7a3","7343","2024-07-08T20:15:00.000","RIVERSIDE DR / BURTON DR","SOUTHBOUND","LEFT TURN","false","11","15.455","2.841","45.5","38.393","7","8","2024","20","15","1","900"
"a27660e72a087753001f0b8e0dfa1d0d","7343","2024-07-08T20:15:00.000","RIVERSIDE DR / BURTON DR","SOUTHBOUND","LEFT TURN","true","2","15.5","4.95","26.85","37.123","7","8","2024","20","15","1","900"
"c9b223d2c95b55898bee507341fc3260","7343","2024-07-08T20:15:00.000","RIVERSIDE DR / BURTON DR","SOUTHBOUND","RIGHT TURN","false","13","9.769","1.166","3.569","3.344","7","8","2024","20","15","1","900"
"8c8ecff8029f73e8139e3a2f289af3a3","7343","2024-07-08T20:15:00.000","RIVERSIDE DR / BURTON DR","SOUTHBOUND","RIGHT TURN","true","1","7.0","0.0","13.7","0.0","7","8","2024","20","15","1","900"
"ae02ee0fb1ff5bf71c7e30a52e92d889","7343","2024-07-08T20:15:00.000","RIVERSIDE DR / BURTON DR","SOUTHBOUND","THRU","false","15","18.867","4.764","17.92","28.876","7","8","2024","20","15","1","900"
"735195443c69534228c462b15f560384","7343","2024-07-08T20:15:00.000","RIVERSIDE DR / BURTON DR","SOUTHBOUND","THRU","true","4","20.5","2.887","33.05","37.308","7","8","2024","20","15","1","900"
"c607a15dc2c2eff890685c090aed681d","7343","2024-07-08T20:15:00.000","RIVERSIDE DR / BURTON DR","WESTBOUND","LEFT TURN","false","6","11.667","2.503","1.683","1.67","7","8","2024","20","15","1","900"
"9998735d83ce304c15e84a3385d2c306","7343","2024-07-08T20:15:00.000","RIVERSIDE DR / BURTON DR","WESTBOUND","LEFT TURN","true","2","11.0","1.414","0.8","0.849","7","8","2024","20","15","1","900"
"867c6dd83cac71e8c810b155f82ce1f9","7343","2024-07-08T20:15:00.000","RIVERSIDE DR / BURTON DR","WESTBOUND","RIGHT TURN","false","9","5.333","11.314","6.333","11.497","7","8","2024","20","15","1","900"
"cd5b4b3470b37e373afbf3a946010e34","7343","2024-07-08T20:15:00.000","RIVERSIDE DR / BURTON DR","WESTBOUND","THRU","false","149","28.946","18.723","4.179","10.507","7","8","2024","20","15","1","900"
"b14d389b37d1288d8c1ccd102f239369","7343","2024-07-08T20:15:00.000","RIVERSIDE DR / BURTON DR","WESTBOUND","THRU","true","14","20.929","16.685","6.186","15.194","7","8","2024","20","15","1","900"
"3afae91a4ead0612676806eac144cdd9","6382","2024-07-08T20:15:00.000","FM 620 RD / DEERBROOK TRL","EASTBOUND","RIGHT TURN","false","2","13.0","1.414","1.5","1.131","7","8","2024","20","15","1","900"
"6c72d955c93c14149046a42ad6210f13","6382","2024-07-08T20:15:00.000","FM 620 RD / DEERBROOK TRL","EASTBOUND","THRU","false","164","38.616","10.323","1.458","2.507","7","8","2024","20","15","1","900"
"125f674f7557561ea893654b355c8edd","6382","2024-07-08T20:15:00.000","FM 620 RD / DEERBROOK TRL","EASTBOUND","THRU","true","2","50.5","2.121","0.6","0.283","7","8","2024","20","15","1","900"
"ef8da8e1c4c6dd01537f803c7631320d","6382","2024-07-08T20:15:00.000","FM 620 RD / DEERBROOK TRL","NORTHBOUND","LEFT TURN","false","1","7.0","0.0","88.5","0.0","7","8","2024","20","15","1","900"
"58b8653edf17dbb22ae5e8f7a19eccd6","6382","2024-07-08T20:15:00.000","FM 620 RD / DEERBROOK TRL","NORTHBOUND","RIGHT TURN","false","16","2.938","2.205","16.513","14.611","7","8","2024","20","15","1","900"
"18607d26b8d69ae25d2e17e126415efe","6382","2024-07-08T20:15:00.000","FM 620 RD / DEERBROOK TRL","WESTBOUND","LEFT TURN","false","18","8.056","3.811","0.333","0.597","7","8","2024","20","15","1","900"
"a8778b0d686cb36d31886bac8623c7cf","6382","2024-07-08T20:15:00.000","FM 620 RD / DEERBROOK TRL","WESTBOUND","LEFT TURN","true","1","8.0","0.0","0.4","0.0","7","8","2024","20","15","1","900"
"89f8c9cf72410767763ee6ee4a64ae2a","6382","2024-07-08T20:15:00.000","FM 620 RD / DEERBROOK TRL","WESTBOUND","THRU","false","201","34.836","7.542","0.943","2.005","7","8","2024","20","15","1","900"
"91859884f1086e78535a776e309caf41","6382","2024-07-08T20:15:00.000","FM 620 RD / DEERBROOK TRL","WESTBOUND","THRU","true","2","37.5","0.707","0.95","0.071","7","8","2024","20","15","1","900"
"402a4663ffb5e3fd69a8d8071e61a716","6881","2024-07-08T20:15:00.000","SLAUGHTER LN / LINDSHIRE LN","EASTBOUND","RIGHT TURN","false","12","11.5","3.555","5.317","4.626","7","8","2024","20","15","1","900"
"b6a1d0d64d31d5d1bc0606b310be41e1","6881","2024-07-08T20:15:00.000","SLAUGHTER LN / LINDSHIRE LN","EASTBOUND","THRU","false","130","28.223","12.445","4.036","7.817","7","8","2024","20","15","1","900"
"c4614078b9818607b5871ada97f6b797","6881","2024-07-08T20:15:00.000","SLAUGHTER LN / LINDSHIRE LN","EASTBOUND","THRU","true","3","37.667","29.092","0.7","1.127","7","8","2024","20","15","1","900"
"8834708b6685062cab1d24ee5baf19c3","6881","2024-07-08T20:15:00.000","SLAUGHTER LN / LINDSHIRE LN","NORTHBOUND","LEFT TURN","false","14","2.714","4.631","31.143","35.96","7","8","2024","20","15","1","900"
"c7f61be773b00d87f8b286a6d0146f8f","6881","2024-07-08T20:15:00.000","SLAUGHTER LN / LINDSHIRE LN","NORTHBOUND","RIGHT TURN","false","3","0.333","0.577","5.533","5.776","7","8","2024","20","15","1","900"
"73bf638e0db3bea81dfce2f79a424051","6881","2024-07-08T20:15:00.000","SLAUGHTER LN / LINDSHIRE LN","NORTHBOUND","THRU","false","2","5.0","4.243","2.7","3.111","7","8","2024","20","15","1","900"
"a5dd30fe750d6efdb8d204db8bced781","6881","2024-07-08T20:15:00.000","SLAUGHTER LN / LINDSHIRE LN","SOUTHBOUND","LEFT TURN","false","1","5.0","0.0","0.1","0.0","7","8","2024","20","15","1","900"
"086795079e61cbad9be2a43ed524b3dd","6881","2024-07-08T20:15:00.000","SLAUGHTER LN / LINDSHIRE LN","SOUTHBOUND","LEFT TURN","true","1","5.0","0.0","37.2","0.0","7","8","2024","20","15","1","900"
"2c450238cdb5a7ce77c12544735b3ecf","6881","2024-07-08T20:15:00.000","SLAUGHTER LN / LINDSHIRE LN","SOUTHBOUND","RIGHT TURN","false","1","3.0","0.0","14.0","0.0","7","8","2024","20","15","1","900"
"d71c775c7d82a5003ea96f550c28378a","6881","2024-07-08T20:15:00.000","SLAUGHTER LN / LINDSHIRE LN","SOUTHBOUND","THRU","false","1","25.0","0.0","0.0","0.0","7","8","2024","20","15","1","900"
"4ff6c137d6fe60d50a34118ae2de3fa6","6881","2024-07-08T20:15:00.000","SLAUGHTER LN / LINDSHIRE LN","WESTBOUND","LEFT TURN","false","3","8.333","1.528","6.533","8.542","7","8","2024","20","15","1","900"
"ad6e8178c19f2606fc2efc231b62fa94","6881","2024-07-08T20:15:00.000","SLAUGHTER LN / LINDSHIRE LN","WESTBOUND","RIGHT TURN","false","1","6.0","0.0","5.2","0.0","7","8","2024","20","15","1","900"
"43c4d3fe1cfe0bb3df558c046f518f4d","6881","2024-07-08T20:15:00.000","SLAUGHTER LN / LINDSHIRE LN","WESTBOUND","THRU","false","107","25.467","9.681","2.993","4.076","7","8","2024","20","15","1","900"
"18258a084d3a4784b2520f1e3f47a3a3","6808","2024-07-08T20:15:00.000","OLTORF ST / 4TH ST","EASTBOUND","LEFT TURN","false","1","7.0","0.0","0.0","0.0","7","8","2024","20","15","1","900"
"863516de220cfac09b154d09bc18526b","6808","2024-07-08T20:15:00.000","OLTORF ST / 4TH ST","EASTBOUND","RIGHT TURN","false","9","4.778","1.202","2.144","0.996","7","8","2024","20","15","1","900"
"f61b85a07ad6d505d211f899cb079482","6808","2024-07-08T20:15:00.000","OLTORF ST / 4TH ST","EASTBOUND","RIGHT TURN","true","1","4.0","0.0","2.0","0.0","7","8","2024","20","15","1","900"
"e3636a1c766190abba703108a34e54ec","6808","2024-07-08T20:15:00.000","OLTORF ST / 4TH ST","EASTBOUND","THRU","false","46","7.783","7.342","11.383","27.095","7","8","2024","20","15","1","900"
"7715e179ba91d14c63c41cd66ba043db","6808","2024-07-08T20:15:00.000","OLTORF ST / 4TH ST","EASTBOUND","THRU","true","2","6.5","2.121","1.2","1.556","7","8","2024","20","15","1","900"
"14459e9d22893bf712b98d6ec5f15b2f","6808","2024-07-08T20:15:00.000","OLTORF ST / 4TH ST","NORTHBOUND","LEFT TURN","false","21","6.238","5.234","5.714","12.083","7","8","2024","20","15","1","900"
"e34fa7c37177c8cac2452a768680f1a7","6808","2024-07-08T20:15:00.000","OLTORF ST / 4TH ST","NORTHBOUND","RIGHT TURN","false","4","4.0","2.449","13.675","24.701","7","8","2024","20","15","1","900"
"f67fefff6d84155eeb323235318740b4","6808","2024-07-08T20:15:00.000","OLTORF ST / 4TH ST","NORTHBOUND","THRU","false","31","10.742","15.231","5.439","15.126","7","8","2024","20","15","1","900"
"2a9def3be9e758f208bcd17232523126","6808","2024-07-08T20:15:00.000","OLTORF ST / 4TH ST","NORTHBOUND","THRU","true","1","1.0","0.0","18.9","0.0","7","8","2024","20","15","1","900"
"dab75e7ae19274c82227b654e21d9a3e","6808","2024-07-08T20:15:00.000","OLTORF ST / 4TH ST","SOUTHBOUND","LEFT TURN","false","17","5.882","1.576","26.947","45.344","7","8","2024","20","15","1","900"
"05e53443b3b719c1768750e9c6a2fd7f","6808","2024-07-08T20:15:00.000","OLTORF ST / 4TH ST","SOUTHBOUND","RIGHT TURN","false","5","5.6","1.14","2.68","1.341","7","8","2024","20","15","1","900"
"94d838ed926b198519bc7145b521d3d3","6808","2024-07-08T20:15:00.000","OLTORF ST / 4TH ST","SOUTHBOUND","THRU","false","60","11.9","4.201","8.973","21.47","7","8","2024","20","15","1","900"
"a719a38efcf3449447959e575228569d","6808","2024-07-08T20:15:00.000","OLTORF ST / 4TH ST","WESTBOUND","LEFT TURN","false","8","5.0","1.512","14.725","31.685","7","8","2024","20","15","1","900"
"12b63a4e1c2b56f8e34e541c5f0f7a99","6808","2024-07-08T20:15:00.000","OLTORF ST / 4TH ST","WESTBOUND","RIGHT TURN","false","11","6.455","1.695","4.1","2.605","7","8","2024","20","15","1","900"
"dfa156bf605ad1eac0abdace8cb6bc60","6808","2024-07-08T20:15:00.000","OLTORF ST / 4TH ST","WESTBOUND","THRU","false","37","8.0","3.367","20.111","26.927","7","8","2024","20","15","1","900"
"9f5c56ce29f257b8ab5c4a96ce483b74","6653","2024-07-08T20:00:00.000","38TH ST / MEDICAL PKWY","EASTBOUND","LEFT TURN","false","3","8.333","1.155","7.033","12.009","7","8","2024","20","0","1","900"
"6c5098b23b81394a473761cb30aba197","6653","2024-07-08T20:00:00.000","38TH ST / MEDICAL PKWY","EASTBOUND","RIGHT TURN","false","6","11.333","3.386","0.317","0.204","7","8","2024","20","0","1","900"
"57b331e16a6b1cc786327d855b41fb74","6653","2024-07-08T20:00:00.000","38TH ST / MEDICAL PKWY","EASTBOUND","THRU","false","76","18.513","7.949","12.528","23.706","7","8","2024","20","0","1","900"
"5cf3b728e2a81298fac9b96df7e2e77a","6653","2024-07-08T20:00:00.000","38TH ST / MEDICAL PKWY","EASTBOUND","THRU","true","3","24.333","13.65","37.4","34.408","7","8","2024","20","0","1","900"
"076d184caf15b1956fc076a8b3da2126","6653","2024-07-08T20:00:00.000","38TH ST / MEDICAL PKWY","NORTHBOUND","LEFT TURN","false","6","11.833","4.07","14.167","30.991","7","8","2024","20","0","1","900"
"f6950cfdb41aa63b620c87eded59eac5","6653","2024-07-08T20:00:00.000","38TH ST / MEDICAL PKWY","NORTHBOUND","RIGHT TURN","false","9","11.222","11.734","16.567","25.107","7","8","2024","20","0","1","900"
"f6030fcfac7f07398a53caa5684c0380","6653","2024-07-08T20:00:00.000","38TH ST / MEDICAL PKWY","NORTHBOUND","THRU","false","4","6.0","8.042","84.625","17.455","7","8","2024","20","0","1","900"
"ac0e3a36818c87eeca7b5d54a8144e98","6653","2024-07-08T20:00:00.000","38TH ST / MEDICAL PKWY","SOUTHBOUND","LEFT TURN","false","1","10.0","0.0","0.0","0.0","7","8","2024","20","0","1","900"
"cc4fafc47c9217e180d6b9b2cfa0bf68","6653","2024-07-08T20:00:00.000","38TH ST / MEDICAL PKWY","SOUTHBOUND","RIGHT TURN","false","1","10.0","0.0","3.0","0.0","7","8","2024","20","0","1","900"
"e44ee5dff7dfd6d158bd9c6ecb0e6bf0","6653","2024-07-08T20:00:00.000","38TH ST / MEDICAL PKWY","SOUTHBOUND","THRU","false","1","6.0","0.0","46.0","0.0","7","8","2024","20","0","1","900"
"732cc61c3935d9f01f659d4ac865c857","6653","2024-07-08T20:00:00.000","38TH ST / MEDICAL PKWY","WESTBOUND","LEFT TURN","false","4","6.0","0.816","15.8","18.627","7","8","2024","20","0","1","900"
"b3b78b4aa4cdc487529fae0a5daf5e93","6653","2024-07-08T20:00:00.000","38TH ST / MEDICAL PKWY","WESTBOUND","RIGHT TURN","false","1","7.0","0.0","4.8","0.0","7","8","2024","20","0","1","900"
"927bee79c1ef60401fa71e9e4c6cc301","6653","2024-07-08T20:00:00.000","38TH ST / MEDICAL PKWY","WESTBOUND","RIGHT TURN","true","1","10.0","0.0","0.1","0.0","7","8","2024","20","0","1","900"
"481a6835037c2de5139f57bebe7bff34","6653","2024-07-08T20:00:00.000","38TH ST / MEDICAL PKWY","WESTBOUND","THRU","false","108","23.833","10.349","2.914","12.973","7","8","2024","20","0","1","900"
"c31f9193eb141969908e00a72cf75d9e","6653","2024-07-08T20:00:00.000","38TH ST / MEDICAL PKWY","WESTBOUND","THRU","true","9","22.778","11.914","6.589","17.618","7","8","2024","20","0","1","900"
"fce3315e5d69b2f1abfe940f9e6eef8e","6882","2024-07-08T20:00:00.000","AIRPORT BLVD / 51ST ST","EASTBOUND","LEFT TURN","false","6","8.333","6.743","1.967","2.461","7","8","2024","20","0","1","900"
"72c1fdb69b72ce37541b0c27ea672d37","6882","2024-07-08T20:00:00.000","AIRPORT BLVD / 51ST ST","EASTBOUND","RIGHT TURN","false","18","12.333","6.25","2.567","2.158","7","8","2024","20","0","1","900"
"db7b5c32f88f7cdce1db7a138cb4dd0b","6882","2024-07-08T20:00:00.000","AIRPORT BLVD / 51ST ST","EASTBOUND","RIGHT TURN","true","4","14.25","9.323","6.825","10.662","7","8","2024","20","0","1","900"
"33c9e21e9aeb1591ffc46c8adb055210","6882","2024-07-08T20:00:00.000","AIRPORT BLVD / 51ST ST","EASTBOUND","THRU","false","49","12.367","4.613","6.529","17.673","7","8","2024","20","0","1","900"
"8122c1e4313fca2b11de5dc22cfbb0ae","6882","2024-07-08T20:00:00.000","AIRPORT BLVD / 51ST ST","EASTBOUND","THRU","true","4","12.75","3.775","1.05","0.915","7","8","2024","20","0","1","900"
"9de114e3b624e37fb7713eb325364998","6882","2024-07-08T20:00:00.000","AIRPORT BLVD / 51ST ST","NORTHBOUND","LEFT TURN","false","5","15.8","21.464","1.66","0.799","7","8","2024","20","0","1","900"
"9d5bc42b0d9e82b8bd393c0618f3e48e","6882","2024-07-08T20:00:00.000","AIRPORT BLVD / 51ST ST","NORTHBOUND","LEFT TURN","true","4","6.25","7.32","28.3","52.737","7","8","2024","20","0","1","900"
"197905e5de6d47514e072e48d9bb0c36","6882","2024-07-08T20:00:00.000","AIRPORT BLVD / 51ST ST","NORTHBOUND","THRU","false","1","16.0","0.0","0.0","0.0","7","8","2024","20","0","1","900"
"b73f3e0d736d4f67bcb0c174a52fdbfb","6882","2024-07-08T20:00:00.000","AIRPORT BLVD / 51ST ST","SOUTHBOUND","LEFT TURN","false","1","36.0","0.0","1.8","0.0","7","8","2024","20","0","1","900"
"a856a9c35ded47ab121699847ec443e2","6882","2024-07-08T20:00:00.000","AIRPORT BLVD / 51ST ST","SOUTHBOUND","RIGHT TURN","false","3","11.333","3.055","3.6","0.624","7","8","2024","20","0","1","900"
"cc5b97205c46fd68c7b2949d30402d11","6882","2024-07-08T20:00:00.000","AIRPORT BLVD / 51ST ST","SOUTHBOUND","THRU","false","81","31.222","12.1","9.886","19.287","7","8","2024","20","0","1","900"
"a8923747ccb81639261ed30acf491c34","6882","2024-07-08T20:00:00.000","AIRPORT BLVD / 51ST ST","SOUTHBOUND","THRU","true","4","29.25","8.057","2.75","0.94","7","8","2024","20","0","1","900"
"c925a83ed273e79f7687c6122480f7f4","6882","2024-07-08T20:00:00.000","AIRPORT BLVD / 51ST ST","WESTBOUND","LEFT TURN","false","7","5.143","3.579","6.4","16.234","7","8","2024","20","0","1","900"
"253951947efdee0c32ed4453f6e3a90f","6882","2024-07-08T20:00:00.000","AIRPORT BLVD / 51ST ST","WESTBOUND","LEFT TURN","true","1","7.0","0.0","0.0","0.0","7","8","2024","20","0","1","900"
"b1071eac1f2fd34bfbe00193e60e7195","6882","2024-07-08T20:00:00.000","AIRPORT BLVD / 51ST ST","WESTBOUND","RIGHT TURN","false","9","0.556","1.667","3.478","5.204","7","8","2024","20","0","1","900"
"3fe35e6e23d195fdff6c72b15defe2aa","6882","2024-07-08T20:00:00.000","AIRPORT BLVD / 51ST ST","WESTBOUND","THRU","false","26","9.0","19.244","20.085","32.664","7","8","2024","20","0","1","900"
"d2bd16414fc9521971ca08f48380bd20","6882","2024-07-08T20:00:00.000","AIRPORT BLVD / 51ST ST","WESTBOUND","THRU","true","7","4.714","4.348","22.543","37.342","7","8","2024","20","0","1","900"
"371b6605e247578ff65b3b2474d36de2","7038","2024-07-08T20:00:00.000","ANDERSON LN / SHOAL CREEK BLVD","EASTBOUND","LEFT TURN","false","10","10.5","1.958","0.0","0.0","7","8","2024","20","0","1","900"
"1d46232610fa5c41163c386ba9923ee7","7038","2024-07-08T20:00:00.000","ANDERSON LN / SHOAL CREEK BLVD","EASTBOUND","RIGHT TURN","false","17","12.353","3.936","0.0","0.0","7","8","2024","20","0","1","900"
"3e3b0acfdff7e708148ced47c4af89d6","7038","2024-07-08T20:00:00.000","ANDERSON LN / SHOAL CREEK BLVD","EASTBOUND","RIGHT TURN","true","1","15.0","0.0","0.0","0.0","7","8","2024","20","0","1","900"
"30447cb24980bb866e424307b229c3a3","7038","2024-07-08T20:00:00.000","ANDERSON LN / SHOAL CREEK BLVD","EASTBOUND","THRU","false","100","27.96","11.049","-0.06","0.239","7","8","2024","20","0","1","900"
"21f47748debeeb28c1068679cdc8dfd8","7038","2024-07-08T20:00:00.000","ANDERSON LN / SHOAL CREEK BLVD","EASTBOUND","THRU","true","3","19.0","13.077","0.0","0.0","7","8","2024","20","0","1","900"
"e4404da4e7f6d113c1176dc02daa0b52","7038","2024-07-08T20:00:00.000","ANDERSON LN / SHOAL CREEK BLVD","NORTHBOUND","LEFT TURN","false","32","11.375","3.799","-0.219","0.42","7","8","2024","20","0","1","900"
"9df67016beb12370bdc658853c6559a2","7038","2024-07-08T20:00:00.000","ANDERSON LN / SHOAL CREEK BLVD","NORTHBOUND","RIGHT TURN","false","6","6.5","2.074","0.0","0.0","7","8","2024","20","0","1","900"
"eea62165433939a50a71e10a8b0ca6ad","7038","2024-07-08T20:00:00.000","ANDERSON LN / SHOAL CREEK BLVD","NORTHBOUND","THRU","false","9","10.333","7.746","-0.111","0.333","7","8","2024","20","0","1","900"
"b8c37d5a85520edfc53da7cd6a097394","7038","2024-07-08T20:00:00.000","ANDERSON LN / SHOAL CREEK BLVD","SOUTHBOUND","LEFT TURN","false","11","8.818","4.07","0.0","0.0","7","8","2024","20","0","1","900"
"be1387fa8eaa4f6f2b73a97821e8bb66","7038","2024-07-08T20:00:00.000","ANDERSON LN / SHOAL CREEK BLVD","SOUTHBOUND","RIGHT TURN","false","10","4.7","2.003","0.0","0.0","7","8","2024","20","0","1","900"
"8972ca6584434a494fbbfd212ff67808","7038","2024-07-08T20:00:00.000","ANDERSON LN / SHOAL CREEK BLVD","SOUTHBOUND","THRU","false","11","10.636","5.921","0.0","0.0","7","8","2024","20","0","1","900"
"0dc17865f14efcfc3b712d396a33e8ec","7038","2024-07-08T20:00:00.000","ANDERSON LN / SHOAL CREEK BLVD","WESTBOUND","LEFT TURN","false","4","3.25","6.5","0.0","0.0","7","8","2024","20","0","1","900"
"965020a72c804bf4dfb269801dbae6f4","7038","2024-07-08T20:00:00.000","ANDERSON LN / SHOAL CREEK BLVD","WESTBOUND","LEFT TURN","true","1","10.0","0.0","0.0","0.0","7","8","2024","20","0","1","900"
"710bcc397c52f2e688d9a5a9020a3e7f","7038","2024-07-08T20:00:00.000","ANDERSON LN / SHOAL CREEK BLVD","WESTBOUND","THRU","false","115","19.861","6.929","-0.513","0.502","7","8","2024","20","0","1","900"
"ab65a4c76bb4fed0922a3ca83bc8c239","7038","2024-07-08T20:00:00.000","ANDERSON LN / SHOAL CREEK BLVD","WESTBOUND","THRU","true","5","15.6","3.782","-0.4","0.548","7","8","2024","20","0","1","900"
"671f7ccc49de8f12a39a143f046a82d1","7343","2024-07-08T20:00:00.000","RIVERSIDE DR / BURTON DR","EASTBOUND","LEFT TURN","false","37","13.378","3.989","23.562","38.702","7","8","2024","20","0","1","900"
"8fe0664cc36d0d61f90fd0446de6b52a","7343","2024-07-08T20:00:00.000","RIVERSIDE DR / BURTON DR","EASTBOUND","RIGHT TURN","false","1","12.0","0.0","0.3","0.0","7","8","2024","20","0","1","900"
"275fdc815a1bf8bf79fc555a351f4d0b","7343","2024-07-08T20:00:00.000","RIVERSIDE DR / BURTON DR","EASTBOUND","THRU","false","118","30.144","11.468","4.633","13.971","7","8","2024","20","0","1","900"
"b82d6daf9e254a798ae0037299f794e5","7343","2024-07-08T20:00:00.000","RIVERSIDE DR / BURTON DR","EASTBOUND","THRU","true","59","25.424","12.083","3.408","8.753","7","8","2024","20","0","1","900"
"1c9144431bd723bb79f6a50f8cf747b8","7343","2024-07-08T20:00:00.000","RIVERSIDE DR / BURTON DR","EASTBOUND","U-TURN","false","1","11.0","0.0","2.6","0.0","7","8","2024","20","0","1","900"
"33f955b97d7544566fd92aa52ea053b6","7343","2024-07-08T20:00:00.000","RIVERSIDE DR / BURTON DR","NORTHBOUND","LEFT TURN","false","3","45.333","27.791","22.767","38.223","7","8","2024","20","0","1","900"
"3540941df995a7762957e18208d13bdd","7343","2024-07-08T20:00:00.000","RIVERSIDE DR / BURTON DR","NORTHBOUND","RIGHT TURN","false","1","19.0","0.0","0.5","0.0","7","8","2024","20","0","1","900"
"ec62f44f36e80e15d25f818d1a0a2eeb","7343","2024-07-08T20:00:00.000","RIVERSIDE DR / BURTON DR","NORTHBOUND","RIGHT TURN","true","1","12.0","0.0","0.0","0.0","7","8","2024","20","0","1","900"
"a269ff07ebf6c077a11dd61bd9404507","7343","2024-07-08T20:00:00.000","RIVERSIDE DR / BURTON DR","NORTHBOUND","THRU","false","7","22.714","21.538","0.243","0.27","7","8","2024","20","0","1","900"
"bf42f5f7f32d5d4b62a109e986cab600","7343","2024-07-08T20:00:00.000","RIVERSIDE DR / BURTON DR","NORTHBOUND","THRU","true","1","10.0","0.0","95.3","0.0","7","8","2024","20","0","1","900"
"912e48f187a8f0c114a6043be7552431","7343","2024-07-08T20:00:00.000","RIVERSIDE DR / BURTON DR","SOUTHBOUND","LEFT TURN","false","3","15.0","1.0","71.0","19.72","7","8","2024","20","0","1","900"
"68ee6acb071099f48c433b17f8723563","7343","2024-07-08T20:00:00.000","RIVERSIDE DR / BURTON DR","SOUTHBOUND","LEFT TURN","true","4","16.75","4.113","36.475","58.03","7","8","2024","20","0","1","900"
"36656512aa727f3c05ec6cd7d7dfb7f8","7343","2024-07-08T20:00:00.000","RIVERSIDE DR / BURTON DR","SOUTHBOUND","RIGHT TURN","false","18","7.667","2.401","6.322","16.414","7","8","2024","20","0","1","900"
"cbc7750a4a73fffe91ce8be2000fcfcf","7343","2024-07-08T20:00:00.000","RIVERSIDE DR / BURTON DR","SOUTHBOUND","THRU","false","16","13.688","4.438","30.288","29.154","7","8","2024","20","0","1","900"
"5ccbc1e6150817793533429248c5f86f","7343","2024-07-08T20:00:00.000","RIVERSIDE DR / BURTON DR","WESTBOUND","LEFT TURN","false","14","12.571","7.251","1.65","1.786","7","8","2024","20","0","1","900"
"8c5adc4b34b87a7dd8342ea6cdf888d7","7343","2024-07-08T20:00:00.000","RIVERSIDE DR / BURTON DR","WESTBOUND","LEFT TURN","true","2","13.5","2.121","50.05","69.65","7","8","2024","20","0","1","900"
"54b66794b009461ef495139399df8cdd","7343","2024-07-08T20:00:00.000","RIVERSIDE DR / BURTON DR","WESTBOUND","RIGHT TURN","false","6","13.5","24.946","7.167","13.613","7","8","2024","20","0","1","900"
"d032642c6ee162bc2a934fe207d421a5","7343","2024-07-08T20:00:00.000","RIVERSIDE DR / BURTON DR","WESTBOUND","THRU","false","141","26.816","16.994","2.219","6.471","7","8","2024","20","0","1","900"
"794f82a32de2cd2cdfeef32390652d74","7343","2024-07-08T20:00:00.000","RIVERSIDE DR / BURTON DR","WESTBOUND","THRU","true","8","26.25","6.798","1.038","1.143","7","8","2024","20","0","1","900"
"2280f9f471d8c6df29961e22a235e8ec","6382","2024-07-08T20:00:00.000","FM 620 RD / DEERBROOK TRL","EASTBOUND","THRU","false","212","39.825","10.49","1.264","1.903","7","8","2024","20","0","1","900"
"b8b492677877c4d350c6907f999046eb","6382","2024-07-08T20:00:00.000","FM 620 RD / DEERBROOK TRL","NORTHBOUND","LEFT TURN","false","2","7.0","2.828","26.85","15.344","7","8","2024","20","0","1","900"
"2f9a2074d3001fc44f29e9e0db04119d","6382","2024-07-08T20:00:00.000","FM 620 RD / DEERBROOK TRL","NORTHBOUND","RIGHT TURN","false","12","2.5","2.195","11.825","11.806","7","8","2024","20","0","1","900"
"c3992117d86d386462d11b853b1c1d51","6382","2024-07-08T20:00:00.000","FM 620 RD / DEERBROOK TRL","NORTHBOUND","THRU","false","2","7.5","10.607","4.0","0.141","7","8","2024","20","0","1","900"
"38c69e0e6a0a45e97490fd18bd28da26","6382","2024-07-08T20:00:00.000","FM 620 RD / DEERBROOK TRL","WESTBOUND","LEFT TURN","false","15","12.267","5.946","0.64","0.675","7","8","2024","20","0","1","900"
"99b272b6fc247ed7abd57da3beb2f8c3","6382","2024-07-08T20:00:00.000","FM 620 RD / DEERBROOK TRL","WESTBOUND","THRU","false","220","35.164","9.585","0.468","0.406","7","8","2024","20","0","1","900"
"69055c7e6c692dc956abb555b80be923","6382","2024-07-08T20:00:00.000","FM 620 RD / DEERBROOK TRL","WESTBOUND","THRU","true","6","29.667","13.486","1.867","3.713","7","8","2024","20","0","1","900"
"bf62dec85d9f36c62a58fae6474f88c2","6881","2024-07-08T20:00:00.000","SLAUGHTER LN / LINDSHIRE LN","EASTBOUND","RIGHT TURN","false","6","11.333","4.412","2.733","1.317","7","8","2024","20","0","1","900"
"91ca31f9ad8a528a5c3347bf4e270c87","6881","2024-07-08T20:00:00.000","SLAUGHTER LN / LINDSHIRE LN","EASTBOUND","THRU","false","122","31.221","10.173","1.457","1.322","7","8","2024","20","0","1","900"
"8ab3dc6b2174582de9bcc9088f067220","6881","2024-07-08T20:00:00.000","SLAUGHTER LN / LINDSHIRE LN","NORTHBOUND","LEFT TURN","false","11","6.182","4.557","14.027","23.89","7","8","2024","20","0","1","900"
"f6db80c78655387592e059f69a31978c","6881","2024-07-08T20:00:00.000","SLAUGHTER LN / LINDSHIRE LN","NORTHBOUND","RIGHT TURN","false","3","0.333","0.577","2.667","4.446","7","8","2024","20","0","1","900"
"4d3f013b2cfb984d4a66967425b77b64","6881","2024-07-08T20:00:00.000","SLAUGHTER LN / LINDSHIRE LN","WESTBOUND","THRU","false","85","25.282","9.371","1.782","2.866","7","8","2024","20","0","1","900"
"ce31e906dafce6d007ce2a3934a2f73b","6808","2024-07-08T20:00:00.000","OLTORF ST / 4TH ST","EASTBOUND","LEFT TURN","false","5","2.8","2.683","32.0","42.374","7","8","2024","20","0","1","900"
"f0dd1fd76bffbe494b3315e4c83306d8","6808","2024-07-08T20:00:00.000","OLTORF ST / 4TH ST","EASTBOUND","RIGHT TURN","false","9","4.444","0.882","1.422","0.835","7","8","2024","20","0","1","900"
"3eb6c9ceb82f687db7ffa5d31e5ec365","6808","2024-07-08T20:00:00.000","OLTORF ST / 4TH ST","EASTBOUND","THRU","false","27","6.741","3.612","8.889","23.113","7","8","2024","20","0","1","900"
"fbda228192ed6c3bd5c61a922aae92ea","6808","2024-07-08T20:00:00.000","OLTORF ST / 4TH ST","NORTHBOUND","LEFT TURN","false","11","5.455","1.695","1.218","2.133","7","8","2024","20","0","1","900"
"7682e500f3c35ad142c7be548f646fd5","6808","2024-07-08T20:00:00.000","OLTORF ST / 4TH ST","NORTHBOUND","RIGHT TURN","false","9","3.889","2.571","2.622","1.181","7","8","2024","20","0","1","900"
"30466ec95c25ff1bc1f86adf242b30da","6808","2024-07-08T20:00:00.000","OLTORF ST / 4TH ST","NORTHBOUND","THRU","false","41","8.415","8.219","5.124","13.168","7","8","2024","20","0","1","900"
"bfd14a110200086495a5ede3c4985649","6808","2024-07-08T20:00:00.000","OLTORF ST / 4TH ST","NORTHBOUND","THRU","true","1","3.0","0.0","0.1","0.0","7","8","2024","20","0","1","900"
"5ba7766216d714b57ba760852028047b","6808","2024-07-08T20:00:00.000","OLTORF ST / 4TH ST","SOUTHBOUND","LEFT TURN","false","14","5.929","2.056","5.429","13.496","7","8","2024","20","0","1","900"
"a00fed46b759f9b3a7e2a2f918ab7f5e","6808","2024-07-08T20:00:00.000","OLTORF ST / 4TH ST","SOUTHBOUND","RIGHT TURN","false","2","6.0","0.0","3.05","0.636","7","8","2024","20","0","1","900"
"6e8933c13d9c540f1948feb92d5fb257","6808","2024-07-08T20:00:00.000","OLTORF ST / 4TH ST","SOUTHBOUND","THRU","false","68","10.868","4.228","7.634","18.037","7","8","2024","20","0","1","900"
"af98757571c216c750a189c32af7d61e","6808","2024-07-08T20:00:00.000","OLTORF ST / 4TH ST","SOUTHBOUND","THRU","true","2","12.5","6.364","2.35","1.202","7","8","2024","20","0","1","900"
"88a6e95737c6d1a5a76d1178aad07fa1","6808","2024-07-08T20:00:00.000","OLTORF ST / 4TH ST","WESTBOUND","LEFT TURN","false","9","5.889","3.14","10.989","27.575","7","8","2024","20","0","1","900"
"343cbea9cbd979f21da8589338fe4451","6808","2024-07-08T20:00:00.000","OLTORF ST / 4TH ST","WESTBOUND","RIGHT TURN","false","5","5.6","1.14","9.0","13.817","7","8","2024","20","0","1","900"
"c0a82955b97e90c2c5f31dffecd442fd","6808","2024-07-08T20:00:00.000","OLTORF ST / 4TH ST","WESTBOUND","THRU","false","42","9.262","2.98","19.248","31.28","7","8","2024","20","0","1","900"
"7cac0e3983bf78d7ec362dd2de58cf4a","6653","2024-07-08T19:45:00.000","38TH ST / MEDICAL PKWY","EASTBOUND","LEFT TURN","false","6","11.5","3.271","1.9","1.939","7","8","2024","19","45","1","900"
"b77cb0fe296112749eec52096cdfc28c","6653","2024-07-08T19:45:00.000","38TH ST / MEDICAL PKWY","EASTBOUND","RIGHT TURN","false","4","10.25","2.363","2.9","3.827","7","8","2024","19","45","1","900"
"564794fe6b4d75c003748e04e74e5dd8","6653","2024-07-08T19:45:00.000","38TH ST / MEDICAL PKWY","EASTBOUND","THRU","false","80","19.288","6.736","11.386","20.215","7","8","2024","19","45","1","900"
"b291ae64808df6df26302a34768d0d29","6653","2024-07-08T19:45:00.000","38TH ST / MEDICAL PKWY","EASTBOUND","THRU","true","5","21.0","10.173","16.82","27.571","7","8","2024","19","45","1","900"
"e10cf48715e72636234f1cbf47fb1963","6653","2024-07-08T19:45:00.000","38TH ST / MEDICAL PKWY","NORTHBOUND","LEFT TURN","false","6","8.0","6.481","12.7","28.954","7","8","2024","19","45","1","900"
"e5639a1dc7bc3e9b08b26f6757c5b859","6653","2024-07-08T19:45:00.000","38TH ST / MEDICAL PKWY","NORTHBOUND","LEFT TURN","true","1","0.0","0.0","44.0","0.0","7","8","2024","19","45","1","900"
"fea618aae27fb9258eb69dc21ba1f790","6653","2024-07-08T19:45:00.000","38TH ST / MEDICAL PKWY","NORTHBOUND","RIGHT TURN","false","3","10.667","0.577","8.7","3.985","7","8","2024","19","45","1","900"
"d68e3a0c151d63502a46242734a0fb74","6653","2024-07-08T19:45:00.000","38TH ST / MEDICAL PKWY","NORTHBOUND","RIGHT TURN","true","1","0.0","0.0","17.9","0.0","7","8","2024","19","45","1","900"
"bda38321fe7449f29c7d35d706580a05","6653","2024-07-08T19:45:00.000","38TH ST / MEDICAL PKWY","NORTHBOUND","THRU","false","5","11.2","8.871","30.22","41.843","7","8","2024","19","45","1","900"
"69c655959ac62f58d8c57fa76ac8d26b","6653","2024-07-08T19:45:00.000","38TH ST / MEDICAL PKWY","SOUTHBOUND","LEFT TURN","false","11","15.545","7.751","13.291","20.466","7","8","2024","19","45","1","900"
"0d3d8ab90e5bc0e5838411f9a2ccd80b","6653","2024-07-08T19:45:00.000","38TH ST / MEDICAL PKWY","SOUTHBOUND","LEFT TURN","true","1","11.0","0.0","38.3","0.0","7","8","2024","19","45","1","900"
"3000b22004f639e8e279ef0ec34d7213","6653","2024-07-08T19:45:00.000","38TH ST / MEDICAL PKWY","SOUTHBOUND","RIGHT TURN","false","5","5.8","1.304","6.38","6.703","7","8","2024","19","45","1","900"
"8afb8fa7c28433c992b79a6965aeb45d","6653","2024-07-08T19:45:00.000","38TH ST / MEDICAL PKWY","SOUTHBOUND","RIGHT TURN","true","1","11.0","0.0","5.5","0.0","7","8","2024","19","45","1","900"
"65684400a72e013f1d0b2952ae06ffe0","6653","2024-07-08T19:45:00.000","38TH ST / MEDICAL PKWY","SOUTHBOUND","THRU","false","4","19.75","10.626","2.05","1.626","7","8","2024","19","45","1","900"
"e61054e0dac628fa19d36eee7edaa5d9","6653","2024-07-08T19:45:00.000","38TH ST / MEDICAL PKWY","WESTBOUND","LEFT TURN","false","5","7.4","3.912","6.2","9.752","7","8","2024","19","45","1","900"
"0800d8d6771b3db14fb547aa8a7415f6","6653","2024-07-08T19:45:00.000","38TH ST / MEDICAL PKWY","WESTBOUND","LEFT TURN","true","1","5.0","0.0","8.4","0.0","7","8","2024","19","45","1","900"
"1ee6747dbf2ccd145ca4a9f8ef7b769b","6653","2024-07-08T19:45:00.000","38TH ST / MEDICAL PKWY","WESTBOUND","RIGHT TURN","false","1","7.0","0.0","2.3","0.0","7","8","2024","19","45","1","900"
"893006ace43a1886d6d6b235485b525d","6653","2024-07-08T19:45:00.000","38TH ST / MEDICAL PKWY","WESTBOUND","RIGHT TURN","true","2","7.0","2.828","0.75","0.919","7","8","2024","19","45","1","900"
"aeed5b6af6f2b2b0c5f96de5b508966e","6653","2024-07-08T19:45:00.000","38TH ST / MEDICAL PKWY","WESTBOUND","THRU","false","87","23.345","8.726","4.462","11.833","7","8","2024","19","45","1","900"
"b3b219b5b1fd7e2eb52ce5b5c5bbcc62","6653","2024-07-08T19:45:00.000","38TH ST / MEDICAL PKWY","WESTBOUND","THRU","true","25","25.44","10.215","3.18","10.47","7","8","2024","19","45","1","900"
"c3e01ddf01ebb932e727de9c346c7098","6882","2024-07-08T19:45:00.000","AIRPORT BLVD / 51ST ST","EASTBOUND","LEFT TURN","false","6","11.167","3.92","15.867","35.788","7","8","2024","19","45","1","900"
"3a72c9a0d4cfa7087f9400c562a5f903","6882","2024-07-08T19:45:00.000","AIRPORT BLVD / 51ST ST","EASTBOUND","RIGHT TURN","false","23","10.478","6.178","3.626","6.12","7","8","2024","19","45","1","900"
"93920178f6882cb8f053a0a9be49929a","6882","2024-07-08T19:45:00.000","AIRPORT BLVD / 51ST ST","EASTBOUND","THRU","false","74","16.878","5.576","6.164","18.157","7","8","2024","19","45","1","900"
"948d607280981f39471df053c0687875","6882","2024-07-08T19:45:00.000","AIRPORT BLVD / 51ST ST","NORTHBOUND","LEFT TURN","false","4","9.0","7.071","0.85","0.889","7","8","2024","19","45","1","900"
"a9ee94c6b3f973e982048f224cac51bf","6882","2024-07-08T19:45:00.000","AIRPORT BLVD / 51ST ST","NORTHBOUND","LEFT TURN","true","6","4.5","5.753","33.8","50.309","7","8","2024","19","45","1","900"
"bac8664e9db3ffa4470b148a18eec83f","6882","2024-07-08T19:45:00.000","AIRPORT BLVD / 51ST ST","SOUTHBOUND","LEFT TURN","false","3","42.333","35.921","4.267","5.729","7","8","2024","19","45","1","900"
"8d0dbc107d3ab40bddebc7ac8b56fa5a","6882","2024-07-08T19:45:00.000","AIRPORT BLVD / 51ST ST","SOUTHBOUND","RIGHT TURN","false","4","10.5","0.577","10.4","13.001","7","8","2024","19","45","1","900"
"a07974fdf63d93d4d321c1685d4f4c72","6882","2024-07-08T19:45:00.000","AIRPORT BLVD / 51ST ST","SOUTHBOUND","THRU","false","66","24.697","11.322","8.924","16.061","7","8","2024","19","45","1","900"
"5092e389f9b2ffc6f620748adb4b8a1e","6882","2024-07-08T19:45:00.000","AIRPORT BLVD / 51ST ST","SOUTHBOUND","THRU","true","4","23.5","13.404","15.85","30.112","7","8","2024","19","45","1","900"
"ba05f4f46665dd90ee33a4c118e75357","6882","2024-07-08T19:45:00.000","AIRPORT BLVD / 51ST ST","WESTBOUND","LEFT TURN","false","4","7.25","5.123","14.55","25.031","7","8","2024","19","45","1","900"
"65bbdd05d6d80f496f9d04e45eaa1c55","6882","2024-07-08T19:45:00.000","AIRPORT BLVD / 51ST ST","WESTBOUND","LEFT TURN","true","4","7.25","4.113","21.675","41.822","7","8","2024","19","45","1","900"
"d87034ada970c652e796319f56f6efd2","6882","2024-07-08T19:45:00.000","AIRPORT BLVD / 51ST ST","WESTBOUND","RIGHT TURN","false","19","1.526","2.716","5.089","9.845","7","8","2024","19","45","1","900"
"b9f7e6800fc14480e92198147cb91abf","6882","2024-07-08T19:45:00.000","AIRPORT BLVD / 51ST ST","WESTBOUND","THRU","false","13","2.846","3.555","11.738","26.678","7","8","2024","19","45","1","900"
"0c38ceb6edbe7c02d7d43327ca43caa7","6882","2024-07-08T19:45:00.000","AIRPORT BLVD / 51ST ST","WESTBOUND","THRU","true","12","9.417","9.307","10.833","24.27","7","8","2024","19","45","1","900"
"7826a74ef5f3f93fb068e299f1dcab8c","7038","2024-07-08T19:45:00.000","ANDERSON LN / SHOAL CREEK BLVD","EASTBOUND","LEFT TURN","false","5","10.6","2.608","0.0","0.0","7","8","2024","19","45","1","900"
"f1de68110942f23352930b33c16a19f8","7038","2024-07-08T19:45:00.000","ANDERSON LN / SHOAL CREEK BLVD","EASTBOUND","RIGHT TURN","false","11","12.818","1.537","0.0","0.0","7","8","2024","19","45","1","900"
"5fc503c49fc796950ad892302ef37441","7038","2024-07-08T19:45:00.000","ANDERSON LN / SHOAL CREEK BLVD","EASTBOUND","RIGHT TURN","true","1","11.0","0.0","0.0","0.0","7","8","2024","19","45","1","900"
"b3cb182b041ecc676602047f30ce0c8f","7038","2024-07-08T19:45:00.000","ANDERSON LN / SHOAL CREEK BLVD","EASTBOUND","THRU","false","96","27.635","11.558","-0.031","0.175","7","8","2024","19","45","1","900"
"9a0f9499ae114efaae52bcd15742fff4","7038","2024-07-08T19:45:00.000","ANDERSON LN / SHOAL CREEK BLVD","EASTBOUND","THRU","true","1","11.0","0.0","0.0","0.0","7","8","2024","19","45","1","900"
"dabd1151384f1910994432bec6cb25e7","7038","2024-07-08T19:45:00.000","ANDERSON LN / SHOAL CREEK BLVD","NORTHBOUND","LEFT TURN","false","40","12.325","5.269","-0.2","0.405","7","8","2024","19","45","1","900"
"3a7c81b068155e28f76bbc1cc155b47a","7038","2024-07-08T19:45:00.000","ANDERSON LN / SHOAL CREEK BLVD","NORTHBOUND","LEFT TURN","true","1","3.0","0.0","0.0","0.0","7","8","2024","19","45","1","900"
"b69f897e39b5c0610a3be6716dbacccd","7038","2024-07-08T19:45:00.000","ANDERSON LN / SHOAL CREEK BLVD","NORTHBOUND","RIGHT TURN","false","7","6.714","7.204","-0.143","0.378","7","8","2024","19","45","1","900"
"81287a9467d7a20cc3ea32398fd605e6","7038","2024-07-08T19:45:00.000","ANDERSON LN / SHOAL CREEK BLVD","NORTHBOUND","THRU","false","12","13.833","8.473","-0.167","0.389","7","8","2024","19","45","1","900"
"bb9b6c35a580103defc2784d45ecb6ce","7038","2024-07-08T19:45:00.000","ANDERSON LN / SHOAL CREEK BLVD","SOUTHBOUND","LEFT TURN","false","14","10.286","3.384","0.0","0.0","7","8","2024","19","45","1","900"
"9b684253e7db5e526e87a0c479d27762","7038","2024-07-08T19:45:00.000","ANDERSON LN / SHOAL CREEK BLVD","SOUTHBOUND","RIGHT TURN","false","9","5.444","2.963","0.0","0.0","7","8","2024","19","45","1","900"
"3057f88e64c5e6d92d327d8f69e685c8","7038","2024-07-08T19:45:00.000","ANDERSON LN / SHOAL CREEK BLVD","SOUTHBOUND","THRU","false","5","10.8","0.837","-0.2","0.447","7","8","2024","19","45","1","900"
"d8869c41226273548b8b163d64705178","7038","2024-07-08T19:45:00.000","ANDERSON LN / SHOAL CREEK BLVD","WESTBOUND","LEFT TURN","false","6","20.667","35.161","0.0","0.0","7","8","2024","19","45","1","900"
"785e0308bb3017cdc49110926d2e63c9","7038","2024-07-08T19:45:00.000","ANDERSON LN / SHOAL CREEK BLVD","WESTBOUND","THRU","false","146","22.281","7.203","-0.418","0.495","7","8","2024","19","45","1","900"
"41d1d35e305bcc9626a666a8ceb49315","7038","2024-07-08T19:45:00.000","ANDERSON LN / SHOAL CREEK BLVD","WESTBOUND","THRU","true","5","14.8","6.611","0.0","0.0","7","8","2024","19","45","1","900"
"0875ac86167d35db7133bbc67bce7412","7343","2024-07-08T19:45:00.000","RIVERSIDE DR / BURTON DR","EASTBOUND","LEFT TURN","false","32","13.156","1.609","24.466","40.356","7","8","2024","19","45","1","900"
"03d6dd00ab61325bfeae51462dc802a8","7343","2024-07-08T19:45:00.000","RIVERSIDE DR / BURTON DR","EASTBOUND","RIGHT TURN","false","1","9.0","0.0","1.3","0.0","7","8","2024","19","45","1","900"
"d15d5aa9d46d3304b4b12010d22c0a19","7343","2024-07-08T19:45:00.000","RIVERSIDE DR / BURTON DR","EASTBOUND","THRU","false","111","33.396","11.746","3.034","10.969","7","8","2024","19","45","1","900"
"2c4f05ecf329c0cb48b197d5f24e0ac0","7343","2024-07-08T19:45:00.000","RIVERSIDE DR / BURTON DR","EASTBOUND","THRU","true","129","30.271","11.688","4.631","13.091","7","8","2024","19","45","1","900"
"aae09d37c6ede7d57faab71f166627d0","7343","2024-07-08T19:45:00.000","RIVERSIDE DR / BURTON DR","EASTBOUND","U-TURN","false","1","8.0","0.0","1.0","0.0","7","8","2024","19","45","1","900"
"db954dc3302fc6a1a357ab0d508a352b","7343","2024-07-08T19:45:00.000","RIVERSIDE DR / BURTON DR","EASTBOUND","U-TURN","true","1","11.0","0.0","2.1","0.0","7","8","2024","19","45","1","900"
"2dec4c2b30557841f76b90e17ac581b3","7343","2024-07-08T19:45:00.000","RIVERSIDE DR / BURTON DR","NORTHBOUND","LEFT TURN","false","10","20.4","11.365","16.6","48.607","7","8","2024","19","45","1","900"
"8149c56a2650c10db465ac95d8814865","7343","2024-07-08T19:45:00.000","RIVERSIDE DR / BURTON DR","NORTHBOUND","RIGHT TURN","false","1","15.0","0.0","0.7","0.0","7","8","2024","19","45","1","900"
"9a38dbf695c892e14174efa064648b83","7343","2024-07-08T19:45:00.000","RIVERSIDE DR / BURTON DR","NORTHBOUND","RIGHT TURN","true","1","13.0","0.0","0.2","0.0","7","8","2024","19","45","1","900"
"89b50f006f34fc5a3d3806e710c6c21a","7343","2024-07-08T19:45:00.000","RIVERSIDE DR / BURTON DR","NORTHBOUND","THRU","false","4","19.25","7.274","1.6","2.22","7","8","2024","19","45","1","900"
"bae5106069903dcecbe84b1f857e7320","7343","2024-07-08T19:45:00.000","RIVERSIDE DR / BURTON DR","NORTHBOUND","THRU","true","4","32.0","39.37","1.15","1.054","7","8","2024","19","45","1","900"
"a8ad217266d9dee9bc0a8c74ec1fe4ae","7343","2024-07-08T19:45:00.000","RIVERSIDE DR / BURTON DR","SOUTHBOUND","LEFT TURN","false","4","15.25","3.775","45.1","41.94","7","8","2024","19","45","1","900"
"1dcbdf29f744501036a8e1672da5d814","7343","2024-07-08T19:45:00.000","RIVERSIDE DR / BURTON DR","SOUTHBOUND","LEFT TURN","true","2","17.5","0.707","46.55","26.799","7","8","2024","19","45","1","900"
"f59034bf162d128cc9c1de91b755de13","7343","2024-07-08T19:45:00.000","RIVERSIDE DR / BURTON DR","SOUTHBOUND","RIGHT TURN","false","16","10.5","3.141","8.619","15.875","7","8","2024","19","45","1","900"
"c28d82aa4d52ad0e26e7160c3172f114","7343","2024-07-08T19:45:00.000","RIVERSIDE DR / BURTON DR","SOUTHBOUND","THRU","false","20","16.1","5.911","16.915","28.693","7","8","2024","19","45","1","900"
"5a4b6ed1745f4d89122f4eb4ef173462","7343","2024-07-08T19:45:00.000","RIVERSIDE DR / BURTON DR","SOUTHBOUND","THRU","true","4","12.75","3.594","5.125","3.331","7","8","2024","19","45","1","900"
"695691dbd0f6cfb1784aea349b6d6fa5","7343","2024-07-08T19:45:00.000","RIVERSIDE DR / BURTON DR","WESTBOUND","LEFT TURN","false","12","22.333","25.003","19.058","43.527","7","8","2024","19","45","1","900"
"e021a27ebee5a9145ad63c8480b7f5c3","7343","2024-07-08T19:45:00.000","RIVERSIDE DR / BURTON DR","WESTBOUND","LEFT TURN","true","3","24.667","17.786","0.867","0.306","7","8","2024","19","45","1","900"
"f8933f02a7007f96203d0430fbc0d0dc","7343","2024-07-08T19:45:00.000","RIVERSIDE DR / BURTON DR","WESTBOUND","RIGHT TURN","false","10","14.9","25.313","1.05","0.718","7","8","2024","19","45","1","900"
"f521658f34415d355c6c7a32630170c9","7343","2024-07-08T19:45:00.000","RIVERSIDE DR / BURTON DR","WESTBOUND","THRU","false","144","36.201","21.24","2.482","5.807","7","8","2024","19","45","1","900"
"818b5e7c7c3b894c76628a34666be747","7343","2024-07-08T19:45:00.000","RIVERSIDE DR / BURTON DR","WESTBOUND","THRU","true","25","35.08","21.311","5.54","16.221","7","8","2024","19","45","1","900"
"40c4cf92b87f3c4b52dba4c41f6d191c","6382","2024-07-08T19:45:00.000","FM 620 RD / DEERBROOK TRL","EASTBOUND","RIGHT TURN","false","6","15.0","4.98","1.283","1.087","7","8","2024","19","45","1","900"
"004be8085f2a415f667c5c916c5b5d52","6382","2024-07-08T19:45:00.000","FM 620 RD / DEERBROOK TRL","EASTBOUND","THRU","false","221","40.579","10.2","1.409","2.515","7","8","2024","19","45","1","900"
"08019b5c00ee0eaef88b08b4615d8442","6382","2024-07-08T19:45:00.000","FM 620 RD / DEERBROOK TRL","EASTBOUND","THRU","true","2","27.0","21.213","3.6","3.253","7","8","2024","19","45","1","900"
"8cf775c75cb81fd743ee1a2db7379ae2","6382","2024-07-08T19:45:00.000","FM 620 RD / DEERBROOK TRL","NORTHBOUND","LEFT TURN","false","4","7.25","2.63","31.4","60.274","7","8","2024","19","45","1","900"
"6b2d5b6ea6c6cdeaced40f450be05e7b","6382","2024-07-08T19:45:00.000","FM 620 RD / DEERBROOK TRL","NORTHBOUND","RIGHT TURN","false","8","4.125","5.668","24.662","19.614","7","8","2024","19","45","1","900"
"a54bad2c0837ceaf11859a0f06071e4b","6382","2024-07-08T19:45:00.000","FM 620 RD / DEERBROOK TRL","NORTHBOUND","THRU","false","1","11.0","0.0","1.1","0.0","7","8","2024","19","45","1","900"
"8ca98955fba2559dc00c2e651f374cd8","6382","2024-07-08T19:45:00.000","FM 620 RD / DEERBROOK TRL","WESTBOUND","LEFT TURN","false","19","11.895","9.786","0.474","0.67","7","8","2024","19","45","1","900"
"565b216e507a2017f9d03f3ea6223b03","6382","2024-07-08T19:45:00.000","FM 620 RD / DEERBROOK TRL","WESTBOUND","LEFT TURN","true","1","15.0","0.0","0.4","0.0","7","8","2024","19","45","1","900"
"c58de88e082c7ea0d118f9c70113639f","6382","2024-07-08T19:45:00.000","FM 620 RD / DEERBROOK TRL","WESTBOUND","THRU","false","241","35.838","7.667","0.58","0.819","7","8","2024","19","45","1","900"
"47ee11fdbf8d67c36c14f6274db10df9","6382","2024-07-08T19:45:00.000","FM 620 RD / DEERBROOK TRL","WESTBOUND","THRU","true","11","33.091","7.867","0.573","0.385","7","8","2024","19","45","1","900"
"d073145e5890cd97c8beedf3c036be62","6881","2024-07-08T19:45:00.000","SLAUGHTER LN / LINDSHIRE LN","EASTBOUND","RIGHT TURN","false","4","23.25","14.221","2.275","1.024","7","8","2024","19","45","1","900"
"496206554debc684d46a26c742a7dd76","6881","2024-07-08T19:45:00.000","SLAUGHTER LN / LINDSHIRE LN","EASTBOUND","RIGHT TURN","true","1","23.0","0.0","0.2","0.0","7","8","2024","19","45","1","900"
"3e715c913977c248720342eeb000fac8","6881","2024-07-08T19:45:00.000","SLAUGHTER LN / LINDSHIRE LN","EASTBOUND","THRU","false","170","29.135","11.383","3.006","7.383","7","8","2024","19","45","1","900"
"b37dc34abc6e0f8daf9fe634874a9e57","6881","2024-07-08T19:45:00.000","SLAUGHTER LN / LINDSHIRE LN","EASTBOUND","THRU","true","1","27.0","0.0","2.3","0.0","7","8","2024","19","45","1","900"
"61c759ad1ce4f80ab92d17e25e42228a","6881","2024-07-08T19:45:00.000","SLAUGHTER LN / LINDSHIRE LN","NORTHBOUND","LEFT TURN","false","13","7.846","5.52","13.138","30.62","7","8","2024","19","45","1","900"
"920c47e4ac91f7c2972fb2bbd5e5805b","6881","2024-07-08T19:45:00.000","SLAUGHTER LN / LINDSHIRE LN","NORTHBOUND","RIGHT TURN","false","4","0.0","0.0","1.85","1.085","7","8","2024","19","45","1","900"
"8b079b2e63e08fda90de02faec75fbb8","6881","2024-07-08T19:45:00.000","SLAUGHTER LN / LINDSHIRE LN","WESTBOUND","LEFT TURN","false","5","9.2","4.087","0.62","1.219","7","8","2024","19","45","1","900"
"cfa578dc1b98e827407ac833eb72942a","6881","2024-07-08T19:45:00.000","SLAUGHTER LN / LINDSHIRE LN","WESTBOUND","RIGHT TURN","false","1","7.0","0.0","4.6","0.0","7","8","2024","19","45","1","900"
"ab3b84a761549892cee60cdaa78e0401","6881","2024-07-08T19:45:00.000","SLAUGHTER LN / LINDSHIRE LN","WESTBOUND","THRU","false","119","24.479","9.503","2.092","4.188","7","8","2024","19","45","1","900"
"2f14eefade018b366fc3fcf86a3b32ce","6881","2024-07-08T19:45:00.000","SLAUGHTER LN / LINDSHIRE LN","WESTBOUND","THRU","true","1","10.0","0.0","23.2","0.0","7","8","2024","19","45","1","900"
"4faa2b34e968b0b86967721d51ba0b52","6808","2024-07-08T19:45:00.000","OLTORF ST / 4TH ST","EASTBOUND","LEFT TURN","false","6","16.167","21.739","0.583","0.705","7","8","2024","19","45","1","900"
"e2be634a53980c17fce8f5fd9488398a","6808","2024-07-08T19:45:00.000","OLTORF ST / 4TH ST","EASTBOUND","RIGHT TURN","false","12","5.0","1.414","1.817","0.675","7","8","2024","19","45","1","900"
"3d9c1ab21315b4d9dcdca78e4bdea55b","6808","2024-07-08T19:45:00.000","OLTORF ST / 4TH ST","EASTBOUND","THRU","false","33","7.394","2.474","1.279","2.377","7","8","2024","19","45","1","900"
"0a9c22a48cea42ebd82a00fb387b16c2","6808","2024-07-08T19:45:00.000","OLTORF ST / 4TH ST","NORTHBOUND","LEFT TURN","false","6","5.167","2.137","0.8","0.908","7","8","2024","19","45","1","900"
"1cf0e6bfb49370569c59dff2586742e3","6808","2024-07-08T19:45:00.000","OLTORF ST / 4TH ST","NORTHBOUND","RIGHT TURN","false","5","5.4","1.342","1.96","1.752","7","8","2024","19","45","1","900"
"bc7611ba5260a27f87fc87c036a6d637","6808","2024-07-08T19:45:00.000","OLTORF ST / 4TH ST","NORTHBOUND","THRU","false","55","13.745","20.334","3.178","11.791","7","8","2024","19","45","1","900"
"d26e9da90ab4fe386357a860903930c6","6808","2024-07-08T19:45:00.000","OLTORF ST / 4TH ST","NORTHBOUND","THRU","true","1","4.0","0.0","2.5","0.0","7","8","2024","19","45","1","900"
"985750f19c59dd3e706cfdc7ab268f54","6808","2024-07-08T19:45:00.000","OLTORF ST / 4TH ST","SOUTHBOUND","LEFT TURN","false","12","5.833","2.209","1.108","0.9","7","8","2024","19","45","1","900"
"04d303f201a5e344b563dfc6fd332aca","6808","2024-07-08T19:45:00.000","OLTORF ST / 4TH ST","SOUTHBOUND","RIGHT TURN","false","3","5.333","0.577","1.567","1.172","7","8","2024","19","45","1","900"
"d1598da714db69bce86c147cf9861c9c","6808","2024-07-08T19:45:00.000","OLTORF ST / 4TH ST","SOUTHBOUND","THRU","false","87","10.241","3.355","2.974","10.551","7","8","2024","19","45","1","900"
"e609e439a434691c9eebf483b3733d73","6808","2024-07-08T19:45:00.000","OLTORF ST / 4TH ST","SOUTHBOUND","U-TURN","false","1","4.0","0.0","0.6","0.0","7","8","2024","19","45","1","900"
"c33d019c1e3715b4d712cc8596a4acff","6808","2024-07-08T19:45:00.000","OLTORF ST / 4TH ST","WESTBOUND","LEFT TURN","false","11","5.091","1.375","19.545","34.908","7","8","2024","19","45","1","900"
"48aea035bdb54636b4aa7a782448c309","6808","2024-07-08T19:45:00.000","OLTORF ST / 4TH ST","WESTBOUND","RIGHT TURN","false","15","5.867","0.743","3.92","0.495","7","8","2024","19","45","1","900"
"64a7369bfe0041755ce0b3cc93ab5ade","6808","2024-07-08T19:45:00.000","OLTORF ST / 4TH ST","WESTBOUND","THRU","false","63","9.413","3.025","13.263","24.404","7","8","2024","19","45","1","900"
"373d15dc4ca04e969736d4c4e7f3ffb6","6808","2024-07-08T19:45:00.000","OLTORF ST / 4TH ST","WESTBOUND","U-TURN","false","1","5.0","0.0","1.2","0.0","7","8","2024","19","45","1","900"
"3c7928a4ecd7a8b9dbbf74cd9ad49cdb","6653","2024-07-08T19:30:00.000","38TH ST / MEDICAL PKWY","EASTBOUND","LEFT TURN","false","6","19.667","14.569","0.167","0.258","7","8","2024","19","30","1","900"
"c3d84240e6a39bfb649efe4a2e681963","6653","2024-07-08T19:30:00.000","38TH ST / MEDICAL PKWY","EASTBOUND","RIGHT TURN","false","4","7.75","1.5","1.625","0.67","7","8","2024","19","30","1","900"
"05e13054f38f3e442b2fa6a06f1b9d9d","6653","2024-07-08T19:30:00.000","38TH ST / MEDICAL PKWY","EASTBOUND","THRU","false","80","19.5","7.646","17.346","22.963","7","8","2024","19","30","1","900"
"9c673608712906876ba3f3364529f845","6653","2024-07-08T19:30:00.000","38TH ST / MEDICAL PKWY","EASTBOUND","THRU","true","12","19.5","7.972","18.067","26.503","7","8","2024","19","30","1","900"
"c3854907355379b26f282dcce3c4adbf","6653","2024-07-08T19:30:00.000","38TH ST / MEDICAL PKWY","NORTHBOUND","LEFT TURN","false","5","13.2","2.95","15.48","18.812","7","8","2024","19","30","1","900"
"8b3030dcd69af27e771254acd29d62d6","6653","2024-07-08T19:30:00.000","38TH ST / MEDICAL PKWY","NORTHBOUND","LEFT TURN","true","3","11.0","6.083","1.567","2.627","7","8","2024","19","30","1","900"
"ee8a0d2286672bf90ddc17c64ceadc78","6653","2024-07-08T19:30:00.000","38TH ST / MEDICAL PKWY","NORTHBOUND","RIGHT TURN","false","6","7.333","5.125","28.617","28.247","7","8","2024","19","30","1","900"
"00954c91366b95dd0e338f65b1323e43","6653","2024-07-08T19:30:00.000","38TH ST / MEDICAL PKWY","NORTHBOUND","RIGHT TURN","true","4","9.75","2.363","5.275","5.559","7","8","2024","19","30","1","900"
"607225b9155d826e29f393c8b873cd5d","6653","2024-07-08T19:30:00.000","38TH ST / MEDICAL PKWY","NORTHBOUND","THRU","false","3","4.0","3.606","29.833","39.403","7","8","2024","19","30","1","900"
"a9081aa52458fead2bbd2ea02c71d749","6653","2024-07-08T19:30:00.000","38TH ST / MEDICAL PKWY","SOUTHBOUND","LEFT TURN","false","9","12.889","3.723","27.978","35.491","7","8","2024","19","30","1","900"
"921008b9c3e83e3f74d38e147408ef51","6653","2024-07-08T19:30:00.000","38TH ST / MEDICAL PKWY","SOUTHBOUND","LEFT TURN","true","1","11.0","0.0","45.0","0.0","7","8","2024","19","30","1","900"
"d2263251b930214bc4794d34b9570775","6653","2024-07-08T19:30:00.000","38TH ST / MEDICAL PKWY","SOUTHBOUND","RIGHT TURN","false","3","8.0","6.245","6.867","3.683","7","8","2024","19","30","1","900"
"d40960447e2d5f396507fc15ae398749","6653","2024-07-08T19:30:00.000","38TH ST / MEDICAL PKWY","SOUTHBOUND","RIGHT TURN","true","1","11.0","0.0","5.3","0.0","7","8","2024","19","30","1","900"
"3c2aad76adf15150723f4d31ec6fe31a","6653","2024-07-08T19:30:00.000","38TH ST / MEDICAL PKWY","SOUTHBOUND","THRU","false","2","12.0","1.414","45.25","63.003","7","8","2024","19","30","1","900"
"f74189e047051efcea64df92d49433d7","6653","2024-07-08T19:30:00.000","38TH ST / MEDICAL PKWY","WESTBOUND","LEFT TURN","false","5","6.0","5.385","13.68","16.425","7","8","2024","19","30","1","900"
"e6ae9fd99c1339c700584b2e35ba8eba","6653","2024-07-08T19:30:00.000","38TH ST / MEDICAL PKWY","WESTBOUND","LEFT TURN","true","1","6.0","0.0","0.2","0.0","7","8","2024","19","30","1","900"
"2e38774d6e8383166f06963898be471f","6653","2024-07-08T19:30:00.000","38TH ST / MEDICAL PKWY","WESTBOUND","RIGHT TURN","false","2","6.5","2.121","1.6","0.283","7","8","2024","19","30","1","900"
"73c084325e94f992f896e24885f7dcdb","6653","2024-07-08T19:30:00.000","38TH ST / MEDICAL PKWY","WESTBOUND","RIGHT TURN","true","1","36.0","0.0","0.7","0.0","7","8","2024","19","30","1","900"
"3c27dbb6a98319f2862032535b7ef501","6653","2024-07-08T19:30:00.000","38TH ST / MEDICAL PKWY","WESTBOUND","THRU","false","78","22.09","9.906","6.297","14.559","7","8","2024","19","30","1","900"
"959e8f57827bfb49ea18801d10b664ec","6653","2024-07-08T19:30:00.000","38TH ST / MEDICAL PKWY","WESTBOUND","THRU","true","41","25.268","9.818","6.449","13.917","7","8","2024","19","30","1","900"
"9b00b9a702d9964faf7844f3fb55e537","6882","2024-07-08T19:30:00.000","AIRPORT BLVD / 51ST ST","EASTBOUND","LEFT TURN","false","1","15.0","0.0","1.1","0.0","7","8","2024","19","30","1","900"
"13563fc362abaffbc3c3276b63a9192b","6882","2024-07-08T19:30:00.000","AIRPORT BLVD / 51ST ST","EASTBOUND","LEFT TURN","true","4","9.5","5.802","22.825","34.498","7","8","2024","19","30","1","900"
"690452950ac5b3d13c83508a21f87462","6882","2024-07-08T19:30:00.000","AIRPORT BLVD / 51ST ST","EASTBOUND","RIGHT TURN","false","32","14.156","6.181","2.216","2.486","7","8","2024","19","30","1","900"
"13ec9ba3f2eccb471e7bd96650ab0903","6882","2024-07-08T19:30:00.000","AIRPORT BLVD / 51ST ST","EASTBOUND","RIGHT TURN","true","2","8.5","0.707","4.05","0.495","7","8","2024","19","30","1","900"
"13c1ccdb39ca12facc9a9da3c3d593d1","6882","2024-07-08T19:30:00.000","AIRPORT BLVD / 51ST ST","EASTBOUND","THRU","false","44","16.023","6.113","3.236","9.64","7","8","2024","19","30","1","900"
"992c197b4ffb1be3f2e2d8952b7ebf82","6882","2024-07-08T19:30:00.000","AIRPORT BLVD / 51ST ST","EASTBOUND","THRU","true","8","14.0","5.425","3.288","5.483","7","8","2024","19","30","1","900"
"04584d9357da5656e37f829e6e524c7f","6882","2024-07-08T19:30:00.000","AIRPORT BLVD / 51ST ST","NORTHBOUND","LEFT TURN","false","3","5.667","2.517","29.7","46.073","7","8","2024","19","30","1","900"
"79a631397a36d4ecd7939be77a5de0f0","6882","2024-07-08T19:30:00.000","AIRPORT BLVD / 51ST ST","NORTHBOUND","LEFT TURN","true","2","7.0","1.414","179.0","248.336","7","8","2024","19","30","1","900"
"a4b5052cc692e4221971927e1d887904","6882","2024-07-08T19:30:00.000","AIRPORT BLVD / 51ST ST","SOUTHBOUND","LEFT TURN","false","3","19.0","12.0","2.8","0.819","7","8","2024","19","30","1","900"
"0b0d0d484157bbd591f3a053bb6ce7b7","6882","2024-07-08T19:30:00.000","AIRPORT BLVD / 51ST ST","SOUTHBOUND","LEFT TURN","true","1","16.0","0.0","1.1","0.0","7","8","2024","19","30","1","900"
"05b9ab801eb84b2db6b0c2d4d0c748e2","6882","2024-07-08T19:30:00.000","AIRPORT BLVD / 51ST ST","SOUTHBOUND","RIGHT TURN","false","1","8.0","0.0","36.4","0.0","7","8","2024","19","30","1","900"
"9b53a2aa727fdaf5fc32c997dba0d25b","6882","2024-07-08T19:30:00.000","AIRPORT BLVD / 51ST ST","SOUTHBOUND","THRU","false","93","32.699","13.048","9.026","19.32","7","8","2024","19","30","1","900"
"0a73467b6ed373362c61040db28feaa0","6882","2024-07-08T19:30:00.000","AIRPORT BLVD / 51ST ST","SOUTHBOUND","THRU","true","6","34.833","13.152","3.983","5.609","7","8","2024","19","30","1","900"
"dc594b9dd071d5454292846749d90708","6882","2024-07-08T19:30:00.000","AIRPORT BLVD / 51ST ST","WESTBOUND","LEFT TURN","false","6","9.5","3.834","31.967","77.421","7","8","2024","19","30","1","900"
"8cf0c301eb798943d7696f00e8a751d3","6882","2024-07-08T19:30:00.000","AIRPORT BLVD / 51ST ST","WESTBOUND","LEFT TURN","true","1","0.0","0.0","0.1","0.0","7","8","2024","19","30","1","900"
"1d0e0a5f8434dde965d5f5f5bc855017","6882","2024-07-08T19:30:00.000","AIRPORT BLVD / 51ST ST","WESTBOUND","RIGHT TURN","false","9","1.556","2.789","8.678","17.596","7","8","2024","19","30","1","900"
"d0a406e776e18dd53941906fb4ea2e10","6882","2024-07-08T19:30:00.000","AIRPORT BLVD / 51ST ST","WESTBOUND","RIGHT TURN","true","1","11.0","0.0","9.8","0.0","7","8","2024","19","30","1","900"
"5fbff2208f75da565a8741356fa6e758","6882","2024-07-08T19:30:00.000","AIRPORT BLVD / 51ST ST","WESTBOUND","THRU","false","20","8.1","4.93","18.405","42.983","7","8","2024","19","30","1","900"
"ef33181458c0f6f523df29c727336dcf","6882","2024-07-08T19:30:00.000","AIRPORT BLVD / 51ST ST","WESTBOUND","THRU","true","11","6.091","5.108","13.727","30.579","7","8","2024","19","30","1","900"
"6b0a3ee11fa5c111b160633661c9ca89","7038","2024-07-08T19:30:00.000","ANDERSON LN / SHOAL CREEK BLVD","EASTBOUND","LEFT TURN","false","7","8.286","2.752","0.0","0.0","7","8","2024","19","30","1","900"
"127172882b74676fdb079a8651700643","7038","2024-07-08T19:30:00.000","ANDERSON LN / SHOAL CREEK BLVD","EASTBOUND","LEFT TURN","true","1","37.0","0.0","0.0","0.0","7","8","2024","19","30","1","900"
"c7d99bf5b8e5ea5728feb683e29e9e26","7038","2024-07-08T19:30:00.000","ANDERSON LN / SHOAL CREEK BLVD","EASTBOUND","RIGHT TURN","false","13","10.154","4.506","0.0","0.0","7","8","2024","19","30","1","900"
"46180a22b96f59cfccd8c282ddf65fc4","7038","2024-07-08T19:30:00.000","ANDERSON LN / SHOAL CREEK BLVD","EASTBOUND","RIGHT TURN","true","2","10.0","5.657","0.0","0.0","7","8","2024","19","30","1","900"
"668e67e1e0e6c00f0bf46420ffcc10b2","7038","2024-07-08T19:30:00.000","ANDERSON LN / SHOAL CREEK BLVD","EASTBOUND","THRU","false","133","27.827","11.458","0.0","0.0","7","8","2024","19","30","1","900"
"4e711f70ddc2ed79716c564eae17fa13","7038","2024-07-08T19:30:00.000","ANDERSON LN / SHOAL CREEK BLVD","EASTBOUND","THRU","true","3","16.0","5.568","0.0","0.0","7","8","2024","19","30","1","900"
"68d865bfa88b03808ab3a75788963ddd","7038","2024-07-08T19:30:00.000","ANDERSON LN / SHOAL CREEK BLVD","NORTHBOUND","LEFT TURN","false","34","11.059","4.735","-0.118","0.327","7","8","2024","19","30","1","900"
"6854041200609b887119fb66a88094f0","7038","2024-07-08T19:30:00.000","ANDERSON LN / SHOAL CREEK BLVD","NORTHBOUND","RIGHT TURN","false","7","5.0","5.0","0.0","0.0","7","8","2024","19","30","1","900"
"ecba334031f49ddcf199a377a2d3acab","7038","2024-07-08T19:30:00.000","ANDERSON LN / SHOAL CREEK BLVD","NORTHBOUND","THRU","false","6","13.833","7.305","-0.167","0.408","7","8","2024","19","30","1","900"
"a07b9fb9160e4dca288060e5535048ab","7038","2024-07-08T19:30:00.000","ANDERSON LN / SHOAL CREEK BLVD","SOUTHBOUND","LEFT TURN","false","13","11.154","3.997","0.0","0.0","7","8","2024","19","30","1","900"
"cacfd37ba8df9688c1f1e1fff5425e38","7038","2024-07-08T19:30:00.000","ANDERSON LN / SHOAL CREEK BLVD","SOUTHBOUND","RIGHT TURN","false","12","6.167","5.374","0.0","0.0","7","8","2024","19","30","1","900"
"8aa6f601af1a19c5dabeaf82b0b900b7","7038","2024-07-08T19:30:00.000","ANDERSON LN / SHOAL CREEK BLVD","SOUTHBOUND","THRU","false","11","12.364","3.295","0.0","0.0","7","8","2024","19","30","1","900"
"f77d04cfc4bfe8298b187541e5619344","7038","2024-07-08T19:30:00.000","ANDERSON LN / SHOAL CREEK BLVD","WESTBOUND","LEFT TURN","false","9","6.667","4.848","-0.222","0.441","7","8","2024","19","30","1","900"
"7aa71030c4f6d74b3a48fc1af46d0ffb","7038","2024-07-08T19:30:00.000","ANDERSON LN / SHOAL CREEK BLVD","WESTBOUND","THRU","false","134","22.172","7.093","-0.507","0.502","7","8","2024","19","30","1","900"
"c7f54b465fbe9dc43e4b49551999c5f9","7038","2024-07-08T19:30:00.000","ANDERSON LN / SHOAL CREEK BLVD","WESTBOUND","THRU","true","10","24.3","26.895","-0.4","0.516","7","8","2024","19","30","1","900"
"9f2136a86c62047bf34a2299350411f0","7038","2024-07-08T19:30:00.000","ANDERSON LN / SHOAL CREEK BLVD","WESTBOUND","U-TURN","false","1","7.0","0.0","0.0","0.0","7","8","2024","19","30","1","900"
"3b2131552cbd411cdf34cb8b70d28f26","7343","2024-07-08T19:30:00.000","RIVERSIDE DR / BURTON DR","EASTBOUND","LEFT TURN","false","28","13.929","2.243","9.85","30.449","7","8","2024","19","30","1","900"
"ccf8535123a3eb10b0f650c9cb7e573d","7343","2024-07-08T19:30:00.000","RIVERSIDE DR / BURTON DR","EASTBOUND","RIGHT TURN","false","1","17.0","0.0","0.8","0.0","7","8","2024","19","30","1","900"
"3c9bb5e9aed89686fd37e7f101fa14cd","7343","2024-07-08T19:30:00.000","RIVERSIDE DR / BURTON DR","EASTBOUND","THRU","false","111","30.865","11.337","3.268","10.18","7","8","2024","19","30","1","900"
"c2302b42989ebb692e4276216d0a1256","7343","2024-07-08T19:30:00.000","RIVERSIDE DR / BURTON DR","EASTBOUND","THRU","true","135","32.444","11.402","3.975","11.967","7","8","2024","19","30","1","900"
"af26fb17f5399ec2c82b90e8ee5ffafa","7343","2024-07-08T19:30:00.000","RIVERSIDE DR / BURTON DR","EASTBOUND","U-TURN","false","3","18.333","11.15","1.867","1.55","7","8","2024","19","30","1","900"
"c0f1a54a9c8b6ad829a559e58a62c07a","7343","2024-07-08T19:30:00.000","RIVERSIDE DR / BURTON DR","NORTHBOUND","LEFT TURN","false","11","31.455","14.611","1.309","1.268","7","8","2024","19","30","1","900"
"9c17e308870017537a4ba31161ad880e","7343","2024-07-08T19:30:00.000","RIVERSIDE DR / BURTON DR","NORTHBOUND","LEFT TURN","true","2","27.0","2.828","1.85","1.202","7","8","2024","19","30","1","900"
"05fd670b07570ae387b084a5526fc996","7343","2024-07-08T19:30:00.000","RIVERSIDE DR / BURTON DR","NORTHBOUND","RIGHT TURN","false","1","4.0","0.0","1.9","0.0","7","8","2024","19","30","1","900"
"460d3d252d6e40d0b25361dd3ef76788","7343","2024-07-08T19:30:00.000","RIVERSIDE DR / BURTON DR","NORTHBOUND","RIGHT TURN","true","6","20.5","7.918","0.683","0.397","7","8","2024","19","30","1","900"
"4b60b5f30dd158f6624b66cf751ef136","7343","2024-07-08T19:30:00.000","RIVERSIDE DR / BURTON DR","NORTHBOUND","THRU","false","12","28.417","16.167","7.742","24.751","7","8","2024","19","30","1","900"
"6a3481ac254a68cff2c272f25df69b2a","7343","2024-07-08T19:30:00.000","RIVERSIDE DR / BURTON DR","NORTHBOUND","THRU","true","7","30.143","24.19","0.971","1.602","7","8","2024","19","30","1","900"
"7bf7e63c06ef8c58d18897b5c841efc4","7343","2024-07-08T19:30:00.000","RIVERSIDE DR / BURTON DR","SOUTHBOUND","LEFT TURN","false","9","16.0","4.472","73.422","44.309","7","8","2024","19","30","1","900"
"5d0b17318c69cfbf372b04287cf40b0e","7343","2024-07-08T19:30:00.000","RIVERSIDE DR / BURTON DR","SOUTHBOUND","LEFT TURN","true","1","13.0","0.0","50.7","0.0","7","8","2024","19","30","1","900"
"d15d99912eac5918a379f794ff66a9af","7343","2024-07-08T19:30:00.000","RIVERSIDE DR / BURTON DR","SOUTHBOUND","RIGHT TURN","false","17","9.0","2.5","10.353","18.705","7","8","2024","19","30","1","900"
"73efa0b4f23ddfd0be0469faa3f531c2","7343","2024-07-08T19:30:00.000","RIVERSIDE DR / BURTON DR","SOUTHBOUND","RIGHT TURN","true","2","9.0","0.0","49.1","62.791","7","8","2024","19","30","1","900"
"a057dc8732af212a1843c6b0f8237a38","7343","2024-07-08T19:30:00.000","RIVERSIDE DR / BURTON DR","SOUTHBOUND","THRU","false","9","15.667","7.018","15.144","30.82","7","8","2024","19","30","1","900"
"508fb00f636970aad4b35c25e1447cfb","7343","2024-07-08T19:30:00.000","RIVERSIDE DR / BURTON DR","SOUTHBOUND","THRU","true","7","13.286","4.152","23.771","29.543","7","8","2024","19","30","1","900"
"e6d3f407a4644bed5b5278ec4a7d380c","7343","2024-07-08T19:30:00.000","RIVERSIDE DR / BURTON DR","WESTBOUND","LEFT TURN","false","5","13.2","8.927","21.44","46.545","7","8","2024","19","30","1","900"
"f67a35c4e56593e14996e29a226c41d0","7343","2024-07-08T19:30:00.000","RIVERSIDE DR / BURTON DR","WESTBOUND","LEFT TURN","true","1","14.0","0.0","45.1","0.0","7","8","2024","19","30","1","900"
"1aa674bae626a135ce8302acb4ffa3a8","7343","2024-07-08T19:30:00.000","RIVERSIDE DR / BURTON DR","WESTBOUND","RIGHT TURN","false","9","11.889","15.161","3.667","4.188","7","8","2024","19","30","1","900"
"ea8fcc0cdbee42b05df4f5a912a799c6","7343","2024-07-08T19:30:00.000","RIVERSIDE DR / BURTON DR","WESTBOUND","THRU","false","138","34.145","17.528","2.948","8.816","7","8","2024","19","30","1","900"
"6965aefb7a2cd777155843c97692756e","7343","2024-07-08T19:30:00.000","RIVERSIDE DR / BURTON DR","WESTBOUND","THRU","true","39","31.179","19.577","2.426","5.829","7","8","2024","19","30","1","900"
"aca3a38972138875f0d5f9bb80191f93","6382","2024-07-08T19:30:00.000","FM 620 RD / DEERBROOK TRL","EASTBOUND","RIGHT TURN","false","9","22.778","14.034","0.933","0.62","7","8","2024","19","30","1","900"
"d890ec744cc55a972b2cc7cdb129536c","6382","2024-07-08T19:30:00.000","FM 620 RD / DEERBROOK TRL","EASTBOUND","THRU","false","213","40.512","10.58","1.354","2.255","7","8","2024","19","30","1","900"
"d9700b32fd6036346441803a169e313a","6382","2024-07-08T19:30:00.000","FM 620 RD / DEERBROOK TRL","EASTBOUND","THRU","true","3","39.667","1.528","1.167","0.058","7","8","2024","19","30","1","900"
"d8f11b9ff409a2c06f30fee7d0378a8f","6382","2024-07-08T19:30:00.000","FM 620 RD / DEERBROOK TRL","NORTHBOUND","LEFT TURN","false","1","5.0","0.0","19.7","0.0","7","8","2024","19","30","1","900"
"9d9b4edcdcba87ce64ac3e34d2a32a66","6382","2024-07-08T19:30:00.000","FM 620 RD / DEERBROOK TRL","NORTHBOUND","RIGHT TURN","false","19","4.158","4.752","15.189","20.612","7","8","2024","19","30","1","900"
"19abf0cba799893a52676a453b74e7bf","6382","2024-07-08T19:30:00.000","FM 620 RD / DEERBROOK TRL","NORTHBOUND","THRU","false","1","18.0","0.0","5.6","0.0","7","8","2024","19","30","1","900"
"5971373539ff2cdc3e3c9054e4064ff0","6382","2024-07-08T19:30:00.000","FM 620 RD / DEERBROOK TRL","WESTBOUND","LEFT TURN","false","12","10.667","4.25","4.592","9.286","7","8","2024","19","30","1","900"
"2b3829d0e9a3dfe3331d90a0a2eceed0","6382","2024-07-08T19:30:00.000","FM 620 RD / DEERBROOK TRL","WESTBOUND","THRU","false","238","37.328","7.085","0.597","0.742","7","8","2024","19","30","1","900"
"e58d4b6265b68574768aa124f53e7ac3","6382","2024-07-08T19:30:00.000","FM 620 RD / DEERBROOK TRL","WESTBOUND","THRU","true","10","36.9","6.855","0.59","0.341","7","8","2024","19","30","1","900"
"1fbb481f8d4cd59154f8ecf72e09f54f","6881","2024-07-08T19:30:00.000","SLAUGHTER LN / LINDSHIRE LN","EASTBOUND","RIGHT TURN","false","6","9.0","1.673","6.933","8.325","7","8","2024","19","30","1","900"
"47cb94879fede933779676c054627e04","6881","2024-07-08T19:30:00.000","SLAUGHTER LN / LINDSHIRE LN","EASTBOUND","THRU","false","141","28.723","9.024","2.515","6.539","7","8","2024","19","30","1","900"
"a8c71c24693693cdbbe5323c68576789","6881","2024-07-08T19:30:00.000","SLAUGHTER LN / LINDSHIRE LN","EASTBOUND","THRU","true","3","34.667","3.215","0.667","0.643","7","8","2024","19","30","1","900"
"ffb1dfe17dbde309a5afecdd13b3e22d","6881","2024-07-08T19:30:00.000","SLAUGHTER LN / LINDSHIRE LN","NORTHBOUND","LEFT TURN","false","17","9.118","3.855","10.518","30.326","7","8","2024","19","30","1","900"
"620170848bbbcfb1d48ea29c61de39e2","6881","2024-07-08T19:30:00.000","SLAUGHTER LN / LINDSHIRE LN","NORTHBOUND","LEFT TURN","true","1","10.0","0.0","0.0","0.0","7","8","2024","19","30","1","900"
"941ea40a405aada0b6bb8adbe8719988","6881","2024-07-08T19:30:00.000","SLAUGHTER LN / LINDSHIRE LN","NORTHBOUND","RIGHT TURN","false","2","26.5","37.477","2.9","3.677","7","8","2024","19","30","1","900"
"44de39c2e14e3cd927841fc3aa5eb8aa","6881","2024-07-08T19:30:00.000","SLAUGHTER LN / LINDSHIRE LN","WESTBOUND","LEFT TURN","false","2","6.5","0.707","0.4","0.424","7","8","2024","19","30","1","900"
"04ac122b663d75287253f84adbb25960","6881","2024-07-08T19:30:00.000","SLAUGHTER LN / LINDSHIRE LN","WESTBOUND","LEFT TURN","true","1","13.0","0.0","0.0","0.0","7","8","2024","19","30","1","900"
"535277b5c8227b83f5224d0f64ac9f67","6881","2024-07-08T19:30:00.000","SLAUGHTER LN / LINDSHIRE LN","WESTBOUND","RIGHT TURN","false","1","9.0","0.0","3.9","0.0","7","8","2024","19","30","1","900"
"936cf2783176b820855176871764b44b","6881","2024-07-08T19:30:00.000","SLAUGHTER LN / LINDSHIRE LN","WESTBOUND","THRU","false","100","25.54","9.556","2.229","3.542","7","8","2024","19","30","1","900"
"11701ae3d05d9d37d8bc16f27845ad3b","6881","2024-07-08T19:30:00.000","SLAUGHTER LN / LINDSHIRE LN","WESTBOUND","THRU","true","10","28.4","8.276","1.43","0.698","7","8","2024","19","30","1","900"
"38e6dde7730b7b10e8ecbef21b3cef6b","6808","2024-07-08T19:30:00.000","OLTORF ST / 4TH ST","EASTBOUND","LEFT TURN","false","5","3.0","1.732","45.22","32.051","7","8","2024","19","30","1","900"
"1be7eb5afcb99a99039d3f58d41975af","6808","2024-07-08T19:30:00.000","OLTORF ST / 4TH ST","EASTBOUND","RIGHT TURN","false","7","4.714","1.113","1.786","0.801","7","8","2024","19","30","1","900"
"6bb67f0686937f2276b51f9a4b3f7b96","6808","2024-07-08T19:30:00.000","OLTORF ST / 4TH ST","EASTBOUND","THRU","false","55","6.564","2.801","5.347","16.255","7","8","2024","19","30","1","900"
"614f3e5556aa1ed20d05fc64dbd808e2","6808","2024-07-08T19:30:00.000","OLTORF ST / 4TH ST","NORTHBOUND","LEFT TURN","false","15","4.8","2.569","2.747","8.121","7","8","2024","19","30","1","900"
"2efca9dc399fb38288f773077353b97c","6808","2024-07-08T19:30:00.000","OLTORF ST / 4TH ST","NORTHBOUND","RIGHT TURN","false","11","4.636","2.618","2.055","1.316","7","8","2024","19","30","1","900"
"cb56e01a0b32264b867a33a28bc082ae","6808","2024-07-08T19:30:00.000","OLTORF ST / 4TH ST","NORTHBOUND","THRU","false","60","7.333","4.55","4.782","12.699","7","8","2024","19","30","1","900"
"a59f74bcd65bbc69f83012ee4d6ea54f","6808","2024-07-08T19:30:00.000","OLTORF ST / 4TH ST","SOUTHBOUND","LEFT TURN","false","15","6.067","1.387","1.933","2.897","7","8","2024","19","30","1","900"
"9fe196ac09dbdcbed00ee148dcb977a7","6808","2024-07-08T19:30:00.000","OLTORF ST / 4TH ST","SOUTHBOUND","LEFT TURN","true","1","4.0","0.0","0.6","0.0","7","8","2024","19","30","1","900"
"4c98b1bdb1e8c5f35bc411ce51123453","6808","2024-07-08T19:30:00.000","OLTORF ST / 4TH ST","SOUTHBOUND","RIGHT TURN","false","5","6.0","1.732","2.58","1.182","7","8","2024","19","30","1","900"
"da2483a7a7655e7808b1b44510ac9190","6808","2024-07-08T19:30:00.000","OLTORF ST / 4TH ST","SOUTHBOUND","RIGHT TURN","true","1","7.0","0.0","2.2","0.0","7","8","2024","19","30","1","900"
"80e79568670008d6dde4b727a6492df6","6808","2024-07-08T19:30:00.000","OLTORF ST / 4TH ST","SOUTHBOUND","THRU","false","75","10.507","4.062","6.587","18.695","7","8","2024","19","30","1","900"
"71fccc10f9094abad4628d0b215e6cd8","6808","2024-07-08T19:30:00.000","OLTORF ST / 4TH ST","SOUTHBOUND","THRU","true","1","0.0","0.0","50.8","0.0","7","8","2024","19","30","1","900"
"bbbaa7753233921a12099c279c30beeb","6808","2024-07-08T19:30:00.000","OLTORF ST / 4TH ST","WESTBOUND","LEFT TURN","false","13","6.154","1.519","16.954","38.472","7","8","2024","19","30","1","900"
"93570929be3c1c44f67bb28cd62c5d66","6808","2024-07-08T19:30:00.000","OLTORF ST / 4TH ST","WESTBOUND","RIGHT TURN","false","7","5.143","0.9","20.043","28.239","7","8","2024","19","30","1","900"
"4e9b5dfa70476ccaa5dae57ef416c59e","6808","2024-07-08T19:30:00.000","OLTORF ST / 4TH ST","WESTBOUND","THRU","false","46","8.913","3.663","13.665","24.521","7","8","2024","19","30","1","900"
"822261d18e381ecf40168b0e0a27311e","6808","2024-07-08T19:30:00.000","OLTORF ST / 4TH ST","WESTBOUND","THRU","true","1","10.0","0.0","0.0","0.0","7","8","2024","19","30","1","900"
"f0c205d1ba3615f49a34a6278dda4068","6653","2024-07-08T19:15:00.000","38TH ST / MEDICAL PKWY","EASTBOUND","LEFT TURN","false","6","10.833","4.535","7.133","16.071","7","8","2024","19","15","1","900"
"8d207d793422845cbbb4d89ca810a71c","6653","2024-07-08T19:15:00.000","38TH ST / MEDICAL PKWY","EASTBOUND","LEFT TURN","true","3","10.667","6.028","9.7","13.975","7","8","2024","19","15","1","900"
"3b3617398873d69f09f0e19182a8112e","6653","2024-07-08T19:15:00.000","38TH ST / MEDICAL PKWY","EASTBOUND","RIGHT TURN","false","6","8.833","10.944","1.25","1.859","7","8","2024","19","15","1","900"
"6ff92dbdd6dfb720d635de118b8e9794","6653","2024-07-08T19:15:00.000","38TH ST / MEDICAL PKWY","EASTBOUND","THRU","false","76","20.539","7.949","14.011","22.024","7","8","2024","19","15","1","900"
"f225b4297ae7ac61d5b6a586699d60d5","6653","2024-07-08T19:15:00.000","38TH ST / MEDICAL PKWY","EASTBOUND","THRU","true","41","20.927","6.578","12.324","19.786","7","8","2024","19","15","1","900"
"d6daa72c42286b8fba5867753d7f506f","6653","2024-07-08T19:15:00.000","38TH ST / MEDICAL PKWY","NORTHBOUND","LEFT TURN","false","4","4.5","3.0","61.65","44.715","7","8","2024","19","15","1","900"
"3ef34e07edd7ba70fbc8046eaf751b3e","6653","2024-07-08T19:15:00.000","38TH ST / MEDICAL PKWY","NORTHBOUND","LEFT TURN","true","3","13.333","5.508","12.967","15.707","7","8","2024","19","15","1","900"
"b43b8ffe8ad1a1adb04f9e02e3a9412f","6653","2024-07-08T19:15:00.000","38TH ST / MEDICAL PKWY","NORTHBOUND","RIGHT TURN","false","8","5.0","3.586","9.338","5.432","7","8","2024","19","15","1","900"
"bb0ede704dae81a4d1bd1ba8ded03a77","6653","2024-07-08T19:15:00.000","38TH ST / MEDICAL PKWY","NORTHBOUND","RIGHT TURN","true","5","8.0","3.674","6.38","6.686","7","8","2024","19","15","1","900"
"1c11320325141c87bdb9b0bfee2208ce","6653","2024-07-08T19:15:00.000","38TH ST / MEDICAL PKWY","NORTHBOUND","THRU","false","4","5.0","3.559","23.25","25.474","7","8","2024","19","15","1","900"
"c90e1905711bd74f273ece305b7ef125","6653","2024-07-08T19:15:00.000","38TH ST / MEDICAL PKWY","NORTHBOUND","THRU","true","1","8.0","0.0","51.5","0.0","7","8","2024","19","15","1","900"
"d27431a8a5298db8c9b3f8b5cdd4d245","6653","2024-07-08T19:15:00.000","38TH ST / MEDICAL PKWY","SOUTHBOUND","LEFT TURN","false","12","12.167","2.758","22.933","31.923","7","8","2024","19","15","1","900"
"af525769d2b74fc1e4f9b6f47dfe0229","6653","2024-07-08T19:15:00.000","38TH ST / MEDICAL PKWY","SOUTHBOUND","LEFT TURN","true","1","15.0","0.0","0.1","0.0","7","8","2024","19","15","1","900"
"c6fa3f0c063267b41b7d3669fc044632","6653","2024-07-08T19:15:00.000","38TH ST / MEDICAL PKWY","SOUTHBOUND","RIGHT TURN","false","2","9.0","1.414","5.0","0.424","7","8","2024","19","15","1","900"
"97f7a4fc1cb998843d0ecec24ed61ad2","6653","2024-07-08T19:15:00.000","38TH ST / MEDICAL PKWY","SOUTHBOUND","THRU","false","5","13.2","2.775","48.58","47.389","7","8","2024","19","15","1","900"
"ca7560d4f57c9abbdb91f1ae8fb656a8","6653","2024-07-08T19:15:00.000","38TH ST / MEDICAL PKWY","WESTBOUND","LEFT TURN","false","6","15.167","6.585","3.267","5.649","7","8","2024","19","15","1","900"
"22c9f3dd63b246a1a482ef88d068ba00","6653","2024-07-08T19:15:00.000","38TH ST / MEDICAL PKWY","WESTBOUND","RIGHT TURN","false","2","24.0","8.485","2.0","2.546","7","8","2024","19","15","1","900"
"da0b514ef31349779b850c729a050b6d","6653","2024-07-08T19:15:00.000","38TH ST / MEDICAL PKWY","WESTBOUND","RIGHT TURN","true","3","15.333","3.512","2.133","0.666","7","8","2024","19","15","1","900"
"52024c883b58600f850f3574f1f43d41","6653","2024-07-08T19:15:00.000","38TH ST / MEDICAL PKWY","WESTBOUND","THRU","false","65","21.508","9.515","5.48","14.011","7","8","2024","19","15","1","900"
"ee1463cd71d40c7f75e25c8826271df0","6653","2024-07-08T19:15:00.000","38TH ST / MEDICAL PKWY","WESTBOUND","THRU","true","59","24.356","11.67","4.837","12.593","7","8","2024","19","15","1","900"
"4ecaecd053e78e8f2c282d97610f8733","6882","2024-07-08T19:15:00.000","AIRPORT BLVD / 51ST ST","EASTBOUND","LEFT TURN","false","10","9.7","4.498","9.71","20.448","7","8","2024","19","15","1","900"
"959f5a3ac76935572e9f509da14f8845","6882","2024-07-08T19:15:00.000","AIRPORT BLVD / 51ST ST","EASTBOUND","LEFT TURN","true","2","12.5","0.707","1.3","0.141","7","8","2024","19","15","1","900"
"09aaeec208a5b96a3db15e55cb72c520","6882","2024-07-08T19:15:00.000","AIRPORT BLVD / 51ST ST","EASTBOUND","RIGHT TURN","false","24","11.417","5.38","3.8","4.605","7","8","2024","19","15","1","900"
"390bd028f40110acd527020399335f80","6882","2024-07-08T19:15:00.000","AIRPORT BLVD / 51ST ST","EASTBOUND","RIGHT TURN","true","2","15.5","7.778","1.75","0.778","7","8","2024","19","15","1","900"
"ca8823a1fcb792e45b59f394ab81e8b4","6882","2024-07-08T19:15:00.000","AIRPORT BLVD / 51ST ST","EASTBOUND","THRU","false","44","16.364","15.071","8.968","22.647","7","8","2024","19","15","1","900"
"a39d61536e11e3d8590f4f6f77220652","6882","2024-07-08T19:15:00.000","AIRPORT BLVD / 51ST ST","EASTBOUND","THRU","true","7","17.571","4.86","1.257","0.458","7","8","2024","19","15","1","900"
"5fef41aaec1886cdd9d39eb7e22e7c35","6882","2024-07-08T19:15:00.000","AIRPORT BLVD / 51ST ST","NORTHBOUND","LEFT TURN","false","10","7.5","4.453","1.16","1.241","7","8","2024","19","15","1","900"
"1b121775f2114a29f425e20033a67e6c","6882","2024-07-08T19:15:00.000","AIRPORT BLVD / 51ST ST","NORTHBOUND","LEFT TURN","true","6","7.167","2.137","2.333","1.651","7","8","2024","19","15","1","900"
"f22db89d84b876fa3a77f10a66b895f9","6882","2024-07-08T19:15:00.000","AIRPORT BLVD / 51ST ST","SOUTHBOUND","LEFT TURN","false","1","9.0","0.0","3.5","0.0","7","8","2024","19","15","1","900"
"c7b1181122503b60a9ed5f6ef91ffdac","6882","2024-07-08T19:15:00.000","AIRPORT BLVD / 51ST ST","SOUTHBOUND","RIGHT TURN","false","4","8.25","2.872","16.625","15.624","7","8","2024","19","15","1","900"
"706c1ddc02eba10f4c95abf57b4a1864","6882","2024-07-08T19:15:00.000","AIRPORT BLVD / 51ST ST","SOUTHBOUND","THRU","false","88","31.716","11.535","6.025","11.86","7","8","2024","19","15","1","900"
"65dec61fcecd9bc0dda62cdc2a7ec889","6882","2024-07-08T19:15:00.000","AIRPORT BLVD / 51ST ST","SOUTHBOUND","THRU","true","10","25.9","14.579","14.32","21.733","7","8","2024","19","15","1","900"
"721165dcd190a559884ebd35da33eb89","6882","2024-07-08T19:15:00.000","AIRPORT BLVD / 51ST ST","WESTBOUND","LEFT TURN","false","8","7.5","3.546","4.838","10.203","7","8","2024","19","15","1","900"
"fe502bc08d3b864f611f687deea944ff","6882","2024-07-08T19:15:00.000","AIRPORT BLVD / 51ST ST","WESTBOUND","LEFT TURN","true","1","10.0","0.0","0.2","0.0","7","8","2024","19","15","1","900"
"189a504a27dfed0ea7f9537e3f73810d","6882","2024-07-08T19:15:00.000","AIRPORT BLVD / 51ST ST","WESTBOUND","RIGHT TURN","false","20","11.4","21.194","4.32","10.075","7","8","2024","19","15","1","900"
"2885fafcc26578ebdcdcf37ba481917d","6882","2024-07-08T19:15:00.000","AIRPORT BLVD / 51ST ST","WESTBOUND","THRU","false","39","7.949","6.304","16.287","32.493","7","8","2024","19","15","1","900"
"b5375bfa87c1a61ea15caa4e6865a20a","6882","2024-07-08T19:15:00.000","AIRPORT BLVD / 51ST ST","WESTBOUND","THRU","true","12","6.25","5.154","8.308","23.198","7","8","2024","19","15","1","900"
"7db904afcfc62c0e6a64b3339a201fdb","7038","2024-07-08T19:15:00.000","ANDERSON LN / SHOAL CREEK BLVD","EASTBOUND","LEFT TURN","false","13","11.154","1.994","0.0","0.0","7","8","2024","19","15","1","900"
"9e9c2cd7d5355d5016290c07ae048834","7038","2024-07-08T19:15:00.000","ANDERSON LN / SHOAL CREEK BLVD","EASTBOUND","RIGHT TURN","false","17","12.471","2.577","0.0","0.0","7","8","2024","19","15","1","900"
"e4550b03500d14af77f4e0ca2f191ca4","7038","2024-07-08T19:15:00.000","ANDERSON LN / SHOAL CREEK BLVD","EASTBOUND","RIGHT TURN","true","2","13.5","0.707","0.0","0.0","7","8","2024","19","15","1","900"
"05b7654cecd4424a66cb6fe1cf74ea3c","7038","2024-07-08T19:15:00.000","ANDERSON LN / SHOAL CREEK BLVD","EASTBOUND","THRU","false","137","24.562","10.194","0.0","0.0","7","8","2024","19","15","1","900"
"a6a61981aa1a63d61cfbdf4ad4638e65","7038","2024-07-08T19:15:00.000","ANDERSON LN / SHOAL CREEK BLVD","EASTBOUND","THRU","true","2","12.5","6.364","0.0","0.0","7","8","2024","19","15","1","900"
"9ed6098b1de20886babac57fc5f07500","7038","2024-07-08T19:15:00.000","ANDERSON LN / SHOAL CREEK BLVD","NORTHBOUND","LEFT TURN","false","35","12.029","4.92","-0.2","0.406","7","8","2024","19","15","1","900"
"acd41caec6bb438d1e64c2641b1c5601","7038","2024-07-08T19:15:00.000","ANDERSON LN / SHOAL CREEK BLVD","NORTHBOUND","LEFT TURN","true","2","9.0","8.485","0.0","0.0","7","8","2024","19","15","1","900"
"769247946696cf3b40866dcf35315ec6","7038","2024-07-08T19:15:00.000","ANDERSON LN / SHOAL CREEK BLVD","NORTHBOUND","RIGHT TURN","false","6","7.667","6.623","0.0","0.0","7","8","2024","19","15","1","900"
"4c4ff74dfdae9e016a8b62dca6ac8545","7038","2024-07-08T19:15:00.000","ANDERSON LN / SHOAL CREEK BLVD","NORTHBOUND","RIGHT TURN","true","1","5.0","0.0","0.0","0.0","7","8","2024","19","15","1","900"
"e0f42973b48a8981410939c3a9c32cd7","7038","2024-07-08T19:15:00.000","ANDERSON LN / SHOAL CREEK BLVD","NORTHBOUND","THRU","false","4","6.75","2.5","0.0","0.0","7","8","2024","19","15","1","900"
"511bf014747fbc6bc390e4b29d6a9a39","7038","2024-07-08T19:15:00.000","ANDERSON LN / SHOAL CREEK BLVD","SOUTHBOUND","LEFT TURN","false","17","12.0","3.758","0.0","0.0","7","8","2024","19","15","1","900"
"79945547fde291ccffd2dadc5e3dd163","7038","2024-07-08T19:15:00.000","ANDERSON LN / SHOAL CREEK BLVD","SOUTHBOUND","LEFT TURN","true","1","12.0","0.0","0.0","0.0","7","8","2024","19","15","1","900"
"77b62af55faac00e2390bfb0f8e51f10","7038","2024-07-08T19:15:00.000","ANDERSON LN / SHOAL CREEK BLVD","SOUTHBOUND","RIGHT TURN","false","11","6.545","3.012","0.0","0.0","7","8","2024","19","15","1","900"
"0379a1f15b2179aa2b4f1a54575e625b","7038","2024-07-08T19:15:00.000","ANDERSON LN / SHOAL CREEK BLVD","SOUTHBOUND","RIGHT TURN","true","1","28.0","0.0","0.0","0.0","7","8","2024","19","15","1","900"
"472a5dbc948f7338acfbca6e9e1ed1f5","7038","2024-07-08T19:15:00.000","ANDERSON LN / SHOAL CREEK BLVD","SOUTHBOUND","THRU","false","18","13.167","6.758","-0.222","0.428","7","8","2024","19","15","1","900"
"8881fe09e3de0546189e8968f78c4e08","7038","2024-07-08T19:15:00.000","ANDERSON LN / SHOAL CREEK BLVD","SOUTHBOUND","THRU","true","3","8.333","1.155","-1.0","0.0","7","8","2024","19","15","1","900"
"89c41f4d55e187a001da755b6286e542","7038","2024-07-08T19:15:00.000","ANDERSON LN / SHOAL CREEK BLVD","WESTBOUND","LEFT TURN","false","9","5.889","3.516","-0.333","0.5","7","8","2024","19","15","1","900"
"4e795b7100e47dbbda21e0dea158d3a6","7038","2024-07-08T19:15:00.000","ANDERSON LN / SHOAL CREEK BLVD","WESTBOUND","RIGHT TURN","false","2","2.0","1.414","-0.5","0.707","7","8","2024","19","15","1","900"
"d828d11f5463eab92eb1090239b703e2","7038","2024-07-08T19:15:00.000","ANDERSON LN / SHOAL CREEK BLVD","WESTBOUND","THRU","false","144","21.104","7.333","-0.5","0.502","7","8","2024","19","15","1","900"
"06e0f8c9425cfff1332045cad988613a","7038","2024-07-08T19:15:00.000","ANDERSON LN / SHOAL CREEK BLVD","WESTBOUND","THRU","true","11","16.727","6.035","-0.545","0.522","7","8","2024","19","15","1","900"
"0ee496bfb32f7cdf7f429dd1be771d04","7343","2024-07-08T19:15:00.000","RIVERSIDE DR / BURTON DR","EASTBOUND","LEFT TURN","false","25","13.32","3.024","29.12","51.579","7","8","2024","19","15","1","900"
"90e01fe3f3e528d5c815e0d0232d15ba","7343","2024-07-08T19:15:00.000","RIVERSIDE DR / BURTON DR","EASTBOUND","LEFT TURN","true","1","13.0","0.0","2.5","0.0","7","8","2024","19","15","1","900"
"ceb2541f5b32a0ae1cea59150d9d77b0","7343","2024-07-08T19:15:00.000","RIVERSIDE DR / BURTON DR","EASTBOUND","THRU","false","109","28.275","9.604","4.375","13.353","7","8","2024","19","15","1","900"
"54a4659a7d85e0413ffb60589a06295e","7343","2024-07-08T19:15:00.000","RIVERSIDE DR / BURTON DR","EASTBOUND","THRU","true","137","30.591","11.55","2.431","5.76","7","8","2024","19","15","1","900"
"e2d7f594c79fad6283d45ab5a6eb9c16","7343","2024-07-08T19:15:00.000","RIVERSIDE DR / BURTON DR","NORTHBOUND","LEFT TURN","false","6","19.333","11.518","9.867","19.24","7","8","2024","19","15","1","900"
"3161de322f62bfee60f0c51e431d5e52","7343","2024-07-08T19:15:00.000","RIVERSIDE DR / BURTON DR","NORTHBOUND","LEFT TURN","true","3","25.333","4.163","0.833","0.737","7","8","2024","19","15","1","900"
"c2d74d7a35a7027d6e6904cc6db52a5e","7343","2024-07-08T19:15:00.000","RIVERSIDE DR / BURTON DR","NORTHBOUND","RIGHT TURN","true","2","17.0","5.657","0.15","0.071","7","8","2024","19","15","1","900"
"23c1d8f7cd94d7d946cd838d3df62dff","7343","2024-07-08T19:15:00.000","RIVERSIDE DR / BURTON DR","NORTHBOUND","THRU","false","13","32.846","27.76","5.977","13.761","7","8","2024","19","15","1","900"
"f6bb8affffc431fdaf82a381d3dd81d5","7343","2024-07-08T19:15:00.000","RIVERSIDE DR / BURTON DR","NORTHBOUND","THRU","true","14","37.071","18.718","0.55","0.615","7","8","2024","19","15","1","900"
"c97d09beb64e66092cb4bd48449f53b5","7343","2024-07-08T19:15:00.000","RIVERSIDE DR / BURTON DR","SOUTHBOUND","LEFT TURN","false","12","16.75","5.065","64.683","67.475","7","8","2024","19","15","1","900"
"88c8d75749807e5c373dc0be779afc4b","7343","2024-07-08T19:15:00.000","RIVERSIDE DR / BURTON DR","SOUTHBOUND","LEFT TURN","true","3","20.333","4.933","114.7","105.607","7","8","2024","19","15","1","900"
"446d26c1009d5fbff7a3d32907812f78","7343","2024-07-08T19:15:00.000","RIVERSIDE DR / BURTON DR","SOUTHBOUND","RIGHT TURN","false","10","11.0","1.944","16.7","20.979","7","8","2024","19","15","1","900"
"d72d1cfea414e509e3695fa68e2500c5","7343","2024-07-08T19:15:00.000","RIVERSIDE DR / BURTON DR","SOUTHBOUND","THRU","false","12","16.583","4.055","9.925","14.76","7","8","2024","19","15","1","900"
"3a1c9feb53dca2382f6b6f0d68bab775","7343","2024-07-08T19:15:00.000","RIVERSIDE DR / BURTON DR","SOUTHBOUND","THRU","true","5","17.6","7.503","15.1","14.094","7","8","2024","19","15","1","900"
"8374f454081caec4c7340fd8d5c49f0d","7343","2024-07-08T19:15:00.000","RIVERSIDE DR / BURTON DR","WESTBOUND","LEFT TURN","false","7","10.286","4.855","21.329","48.913","7","8","2024","19","15","1","900"
"30ebdff311e0c4c9ae781def41bf5066","7343","2024-07-08T19:15:00.000","RIVERSIDE DR / BURTON DR","WESTBOUND","LEFT TURN","true","1","15.0","0.0","0.2","0.0","7","8","2024","19","15","1","900"
"bfa508cd6a76f124dbda1ec5f28b5f91","7343","2024-07-08T19:15:00.000","RIVERSIDE DR / BURTON DR","WESTBOUND","RIGHT TURN","false","6","0.5","1.225","4.9","2.231","7","8","2024","19","15","1","900"
"5a9a0bcef6d356fb5ad5ad01b478774e","7343","2024-07-08T19:15:00.000","RIVERSIDE DR / BURTON DR","WESTBOUND","THRU","false","144","36.597","18.363","3.853","11.057","7","8","2024","19","15","1","900"
"c310fce380ebb4c4b7d223aa66af8681","7343","2024-07-08T19:15:00.000","RIVERSIDE DR / BURTON DR","WESTBOUND","THRU","true","36","43.194","17.615","0.739","0.722","7","8","2024","19","15","1","900"
"3d08e6eec026ad617962dd446916ec91","6382","2024-07-08T19:15:00.000","FM 620 RD / DEERBROOK TRL","EASTBOUND","RIGHT TURN","false","1","11.0","0.0","1.0","0.0","7","8","2024","19","15","1","900"
"d39f99eff78a41fd397356cf1d6d539f","6382","2024-07-08T19:15:00.000","FM 620 RD / DEERBROOK TRL","EASTBOUND","THRU","false","210","40.548","9.854","1.437","3.016","7","8","2024","19","15","1","900"
"6be9322465993d2a0596706916219e46","6382","2024-07-08T19:15:00.000","FM 620 RD / DEERBROOK TRL","EASTBOUND","THRU","true","5","39.8","4.868","0.96","0.404","7","8","2024","19","15","1","900"
"ef80c2b1f75884c91b4e9abce1f51041","6382","2024-07-08T19:15:00.000","FM 620 RD / DEERBROOK TRL","EASTBOUND","U-TURN","true","1","10.0","0.0","0.1","0.0","7","8","2024","19","15","1","900"
"25f7b73693e935484a4fd8db0ba5b62e","6382","2024-07-08T19:15:00.000","FM 620 RD / DEERBROOK TRL","NORTHBOUND","LEFT TURN","false","3","8.333","0.577","0.367","0.635","7","8","2024","19","15","1","900"
"a913b52aa7c809d3208b13e004253340","6382","2024-07-08T19:15:00.000","FM 620 RD / DEERBROOK TRL","NORTHBOUND","LEFT TURN","true","1","13.0","0.0","0.0","0.0","7","8","2024","19","15","1","900"
"1c87ea34a8d9a88ede04213de7162a66","6382","2024-07-08T19:15:00.000","FM 620 RD / DEERBROOK TRL","NORTHBOUND","RIGHT TURN","false","15","4.067","2.963","8.893","9.352","7","8","2024","19","15","1","900"
"cc1cb2122b5f7af9cc2b88d80f0065bf","6382","2024-07-08T19:15:00.000","FM 620 RD / DEERBROOK TRL","NORTHBOUND","THRU","false","4","6.0","6.976","16.35","11.655","7","8","2024","19","15","1","900"
"947d216a2b87ea08b90d02ca9bcf80df","6382","2024-07-08T19:15:00.000","FM 620 RD / DEERBROOK TRL","SOUTHBOUND","RIGHT TURN","true","1","4.0","0.0","28.3","0.0","7","8","2024","19","15","1","900"
"c32aafa675b599aaa66adad5118aaff1","6382","2024-07-08T19:15:00.000","FM 620 RD / DEERBROOK TRL","WESTBOUND","LEFT TURN","false","19","13.632","10.807","7.437","14.55","7","8","2024","19","15","1","900"
"597086008cbfbbba23dfdbf3debbc16c","6382","2024-07-08T19:15:00.000","FM 620 RD / DEERBROOK TRL","WESTBOUND","THRU","false","265","33.875","9.511","1.0","2.237","7","8","2024","19","15","1","900"
"c56f97724a559db0494f152d6aa38be7","6382","2024-07-08T19:15:00.000","FM 620 RD / DEERBROOK TRL","WESTBOUND","THRU","true","5","32.8","10.64","1.78","1.859","7","8","2024","19","15","1","900"
"7d72e8d5327e22df2d26f0be11ff008b","6881","2024-07-08T19:15:00.000","SLAUGHTER LN / LINDSHIRE LN","EASTBOUND","RIGHT TURN","false","10","18.8","15.555","3.5","4.767","7","8","2024","19","15","1","900"
"fc59153b80c9fec9363b424af8251c44","6881","2024-07-08T19:15:00.000","SLAUGHTER LN / LINDSHIRE LN","EASTBOUND","THRU","false","201","30.05","9.77","1.819","3.094","7","8","2024","19","15","1","900"
"8bccfa9a42900c020f3de49ed72965a9","6881","2024-07-08T19:15:00.000","SLAUGHTER LN / LINDSHIRE LN","EASTBOUND","THRU","true","1","8.0","0.0","21.7","0.0","7","8","2024","19","15","1","900"
"f3c22e54fe66e5db3d0bc3b5ceb1e915","6881","2024-07-08T19:15:00.000","SLAUGHTER LN / LINDSHIRE LN","NORTHBOUND","LEFT TURN","false","11","7.727","5.781","10.009","32.104","7","8","2024","19","15","1","900"
"0043ffeaa3342e32cf717d1aed3fc75b","6881","2024-07-08T19:15:00.000","SLAUGHTER LN / LINDSHIRE LN","NORTHBOUND","LEFT TURN","true","1","15.0","0.0","0.3","0.0","7","8","2024","19","15","1","900"
"588b02a2f61a4b01f5e105c19dc6fce7","6881","2024-07-08T19:15:00.000","SLAUGHTER LN / LINDSHIRE LN","NORTHBOUND","RIGHT TURN","false","1","8.0","0.0","4.2","0.0","7","8","2024","19","15","1","900"
"cf3f28f422d69f198f078048fb3d8db8","6881","2024-07-08T19:15:00.000","SLAUGHTER LN / LINDSHIRE LN","WESTBOUND","LEFT TURN","false","6","8.833","1.722","27.817","38.932","7","8","2024","19","15","1","900"
"ba78de305451ed654dfd12788f8e394f","6881","2024-07-08T19:15:00.000","SLAUGHTER LN / LINDSHIRE LN","WESTBOUND","RIGHT TURN","false","1","9.0","0.0","4.1","0.0","7","8","2024","19","15","1","900"
"26d4120158f9022fb32f644c5f27e45c","6881","2024-07-08T19:15:00.000","SLAUGHTER LN / LINDSHIRE LN","WESTBOUND","THRU","false","145","28.138","6.064","1.42","1.367","7","8","2024","19","15","1","900"
"3425f4e1f7bd742107f72d8b81a28ee6","6881","2024-07-08T19:15:00.000","SLAUGHTER LN / LINDSHIRE LN","WESTBOUND","THRU","true","5","25.0","9.644","1.76","0.219","7","8","2024","19","15","1","900"
"3c5cee3b31ec0dcf644f321ef62a6a26","6808","2024-07-08T19:15:00.000","OLTORF ST / 4TH ST","EASTBOUND","LEFT TURN","false","3","1.667","2.887","55.5","47.99","7","8","2024","19","15","1","900"
"6e8f0f047c11d0ae13e2920fa843dece","6808","2024-07-08T19:15:00.000","OLTORF ST / 4TH ST","EASTBOUND","RIGHT TURN","false","11","6.818","6.385","1.4","0.656","7","8","2024","19","15","1","900"
"f4054ee82875fadc066fa3de792846be","6808","2024-07-08T19:15:00.000","OLTORF ST / 4TH ST","EASTBOUND","THRU","false","49","6.286","2.606","7.649","22.081","7","8","2024","19","15","1","900"
"f6180af5bc4403267fa7b1a81cd45232","6808","2024-07-08T19:15:00.000","OLTORF ST / 4TH ST","EASTBOUND","THRU","true","2","4.5","2.121","1.5","1.838","7","8","2024","19","15","1","900"
"1cadcf58feebebcf33e3dff910b5cdaf","6808","2024-07-08T19:15:00.000","OLTORF ST / 4TH ST","NORTHBOUND","LEFT TURN","false","15","5.2","2.783","14.453","31.144","7","8","2024","19","15","1","900"
"4aacfa0a3ed06d98987a123429d33060","6808","2024-07-08T19:15:00.000","OLTORF ST / 4TH ST","NORTHBOUND","LEFT TURN","true","1","6.0","0.0","2.2","0.0","7","8","2024","19","15","1","900"
"1010414ae1861077b929d5c4a67084b9","6808","2024-07-08T19:15:00.000","OLTORF ST / 4TH ST","NORTHBOUND","RIGHT TURN","false","10","7.1","5.343","0.88","0.807","7","8","2024","19","15","1","900"
"38ca787329fcd03f73bcf2cc7271b98f","6808","2024-07-08T19:15:00.000","OLTORF ST / 4TH ST","NORTHBOUND","THRU","false","54","8.667","7.561","3.448","10.806","7","8","2024","19","15","1","900"
"f9c99f4b04e2afd87f6ef012d5ab4e05","6808","2024-07-08T19:15:00.000","OLTORF ST / 4TH ST","NORTHBOUND","THRU","true","1","8.0","0.0","0.0","0.0","7","8","2024","19","15","1","900"
"5d8be02e30e7c384ea98d7f586d43d3b","6808","2024-07-08T19:15:00.000","OLTORF ST / 4TH ST","SOUTHBOUND","LEFT TURN","false","19","6.368","1.3","1.268","1.22","7","8","2024","19","15","1","900"
"862c71b8ea6bb4134e3b1e5ee31817d3","6808","2024-07-08T19:15:00.000","OLTORF ST / 4TH ST","SOUTHBOUND","RIGHT TURN","false","3","7.333","1.155","1.567","1.274","7","8","2024","19","15","1","900"
"d697f8798a4c0db0eb18bb8f55783a72","6808","2024-07-08T19:15:00.000","OLTORF ST / 4TH ST","SOUTHBOUND","THRU","false","68","11.338","4.098","4.815","12.501","7","8","2024","19","15","1","900"
"41c5bb2b18acde7074e344e860488973","6808","2024-07-08T19:15:00.000","OLTORF ST / 4TH ST","SOUTHBOUND","THRU","true","4","4.0","2.16","17.875","32.933","7","8","2024","19","15","1","900"
"1220753de01af985f6acd907c40a4b7f","6808","2024-07-08T19:15:00.000","OLTORF ST / 4TH ST","WESTBOUND","LEFT TURN","false","17","6.235","1.715","5.971","18.463","7","8","2024","19","15","1","900"
"9ac0efa50e3a5cfb6b8bcc0fd561bb7b","6808","2024-07-08T19:15:00.000","OLTORF ST / 4TH ST","WESTBOUND","RIGHT TURN","false","6","6.0","0.632","26.85","34.838","7","8","2024","19","15","1","900"
"e47c40de7ed1ae7ae14089a66e57af56","6808","2024-07-08T19:15:00.000","OLTORF ST / 4TH ST","WESTBOUND","RIGHT TURN","true","1","7.0","0.0","4.0","0.0","7","8","2024","19","15","1","900"
"75fdb055a411e2928b9bf7827e22f6d4","6808","2024-07-08T19:15:00.000","OLTORF ST / 4TH ST","WESTBOUND","THRU","false","56","8.714","2.814","19.254","29.109","7","8","2024","19","15","1","900"
"256e7a9887afe6e9f55ac091a593820f","6653","2024-07-08T19:00:00.000","38TH ST / MEDICAL PKWY","EASTBOUND","LEFT TURN","false","4","7.0","6.733","0.875","1.489","7","8","2024","19","0","1","900"
"0a19d9122e7d7bb955b8850ec800ffde","6653","2024-07-08T19:00:00.000","38TH ST / MEDICAL PKWY","EASTBOUND","LEFT TURN","true","2","12.0","2.828","2.25","1.344","7","8","2024","19","0","1","900"
"2e54840e35420be56ebff596e8066224","6653","2024-07-08T19:00:00.000","38TH ST / MEDICAL PKWY","EASTBOUND","RIGHT TURN","false","6","5.667","3.933","1.633","1.227","7","8","2024","19","0","1","900"
"4c43a79c8fd7487b4547b7fda634e7aa","6653","2024-07-08T19:00:00.000","38TH ST / MEDICAL PKWY","EASTBOUND","THRU","false","94","18.766","6.296","12.195","19.972","7","8","2024","19","0","1","900"
"170254fe6a0509bee0918db5b641e398","6653","2024-07-08T19:00:00.000","38TH ST / MEDICAL PKWY","EASTBOUND","THRU","true","25","18.72","6.4","18.22","25.373","7","8","2024","19","0","1","900"
"7e9cc4f448f8dc8e1944b615891901f3","6653","2024-07-08T19:00:00.000","38TH ST / MEDICAL PKWY","NORTHBOUND","LEFT TURN","false","4","3.0","3.83","47.5","37.671","7","8","2024","19","0","1","900"
"925045a30e5b9fe44f036a88458e0d6f","6653","2024-07-08T19:00:00.000","38TH ST / MEDICAL PKWY","NORTHBOUND","LEFT TURN","true","7","11.714","4.348","29.329","27.566","7","8","2024","19","0","1","900"
"5261f5167837349c5d35e5451c302f90","6653","2024-07-08T19:00:00.000","38TH ST / MEDICAL PKWY","NORTHBOUND","RIGHT TURN","false","4","5.75","1.708","10.525","12.051","7","8","2024","19","0","1","900"
"81a3e7c24a8be75ac91f0feaca80dbc1","6653","2024-07-08T19:00:00.000","38TH ST / MEDICAL PKWY","NORTHBOUND","RIGHT TURN","true","3","7.667","6.506","13.267","10.831","7","8","2024","19","0","1","900"
"d414e41b0c691886768c779dce6a7ddb","6653","2024-07-08T19:00:00.000","38TH ST / MEDICAL PKWY","NORTHBOUND","THRU","false","6","8.667","6.831","29.6","33.815","7","8","2024","19","0","1","900"
"19c2ba08dfd615e095a501d162854845","6653","2024-07-08T19:00:00.000","38TH ST / MEDICAL PKWY","NORTHBOUND","THRU","true","1","0.0","0.0","0.1","0.0","7","8","2024","19","0","1","900"
"0e07aa68b4193548f3756b4387d74acb","6653","2024-07-08T19:00:00.000","38TH ST / MEDICAL PKWY","SOUTHBOUND","LEFT TURN","false","9","12.889","3.586","16.778","35.078","7","8","2024","19","0","1","900"
"e4cca75df6e3baff8e8a3213f349fa99","6653","2024-07-08T19:00:00.000","38TH ST / MEDICAL PKWY","SOUTHBOUND","LEFT TURN","true","1","16.0","0.0","4.2","0.0","7","8","2024","19","0","1","900"
"57e7fdd40b4f6aea6e17d800ef0483db","6653","2024-07-08T19:00:00.000","38TH ST / MEDICAL PKWY","SOUTHBOUND","RIGHT TURN","false","3","12.333","6.028","1.6","2.17","7","8","2024","19","0","1","900"
"19ba61bf3e087426c53d82d1a4b93419","6653","2024-07-08T19:00:00.000","38TH ST / MEDICAL PKWY","SOUTHBOUND","RIGHT TURN","true","3","8.0","5.196","18.8","14.018","7","8","2024","19","0","1","900"
"46ee0fa1f7cadd4c10a5cc20c1c9320d","6653","2024-07-08T19:00:00.000","38TH ST / MEDICAL PKWY","SOUTHBOUND","THRU","false","7","16.0","10.97","5.914","11.446","7","8","2024","19","0","1","900"
"ed6849de347f1031b4cf70a96d3e88a8","6653","2024-07-08T19:00:00.000","38TH ST / MEDICAL PKWY","WESTBOUND","LEFT TURN","false","4","10.25","2.872","5.375","9.265","7","8","2024","19","0","1","900"
"c8e3f5fb76e324ed034203154014b841","6653","2024-07-08T19:00:00.000","38TH ST / MEDICAL PKWY","WESTBOUND","LEFT TURN","true","2","10.5","6.364","0.5","0.424","7","8","2024","19","0","1","900"
"5317fb244edd07ff5ec4f099afbc23d1","6653","2024-07-08T19:00:00.000","38TH ST / MEDICAL PKWY","WESTBOUND","RIGHT TURN","false","2","12.0","5.657","3.7","5.091","7","8","2024","19","0","1","900"
"70565e8dc42e770d4ef8285ee3dd6578","6653","2024-07-08T19:00:00.000","38TH ST / MEDICAL PKWY","WESTBOUND","RIGHT TURN","true","4","16.25","11.177","4.25","2.845","7","8","2024","19","0","1","900"
"6958276b732493f951263c3839f961d7","6653","2024-07-08T19:00:00.000","38TH ST / MEDICAL PKWY","WESTBOUND","THRU","false","31","22.839","11.169","5.474","12.673","7","8","2024","19","0","1","900"
"3846ca46db55c0e082f3e407af6121a4","6653","2024-07-08T19:00:00.000","38TH ST / MEDICAL PKWY","WESTBOUND","THRU","true","47","22.085","9.857","10.119","19.156","7","8","2024","19","0","1","900"
"ea02b866eb1942726bb53cccbeae517a","6882","2024-07-08T19:00:00.000","AIRPORT BLVD / 51ST ST","EASTBOUND","LEFT TURN","false","8","12.875","5.768","13.175","24.474","7","8","2024","19","0","1","900"
"c4e9c77233a9d9f7048048fa6e97f5a5","6882","2024-07-08T19:00:00.000","AIRPORT BLVD / 51ST ST","EASTBOUND","RIGHT TURN","false","22","11.364","6.953","5.782","8.835","7","8","2024","19","0","1","900"
"bf7dbc315d18ebf010432878d3cfbe83","6882","2024-07-08T19:00:00.000","AIRPORT BLVD / 51ST ST","EASTBOUND","RIGHT TURN","true","3","7.667","2.309","2.2","1.97","7","8","2024","19","0","1","900"
"d21203eff48bcac1be2292955d23f991","6882","2024-07-08T19:00:00.000","AIRPORT BLVD / 51ST ST","EASTBOUND","THRU","false","47","14.426","5.344","4.562","15.551","7","8","2024","19","0","1","900"
"39d1c9995b1f6d4e046530162616e7a9","6882","2024-07-08T19:00:00.000","AIRPORT BLVD / 51ST ST","EASTBOUND","THRU","true","16","15.688","8.268","3.556","7.169","7","8","2024","19","0","1","900"
"77029fc441501dd3b7c40f1a618bc46c","6882","2024-07-08T19:00:00.000","AIRPORT BLVD / 51ST ST","NORTHBOUND","LEFT TURN","false","9","5.667","5.172","8.333","21.047","7","8","2024","19","0","1","900"
"add292cea446fa156b8ccda0b9e68578","6882","2024-07-08T19:00:00.000","AIRPORT BLVD / 51ST ST","NORTHBOUND","LEFT TURN","true","2","3.0","4.243","44.95","60.033","7","8","2024","19","0","1","900"
"bb02f9057ecfcf3e1a8eb37933d28550","6882","2024-07-08T19:00:00.000","AIRPORT BLVD / 51ST ST","SOUTHBOUND","LEFT TURN","false","1","21.0","0.0","1.4","0.0","7","8","2024","19","0","1","900"
"d7e2fa079f754d1242aa7668d392a564","6882","2024-07-08T19:00:00.000","AIRPORT BLVD / 51ST ST","SOUTHBOUND","RIGHT TURN","false","4","10.75","2.062","5.975","5.031","7","8","2024","19","0","1","900"
"a34f93402b61fb70fde15b67efccbf26","6882","2024-07-08T19:00:00.000","AIRPORT BLVD / 51ST ST","SOUTHBOUND","THRU","false","84","34.583","13.871","7.88","15.28","7","8","2024","19","0","1","900"
"6f998178f4b87bd619c22ea7cb91fa04","6882","2024-07-08T19:00:00.000","AIRPORT BLVD / 51ST ST","SOUTHBOUND","THRU","true","6","24.167","17.128","34.7","37.711","7","8","2024","19","0","1","900"
"ee52c0063c781b08044ed36466164453","6882","2024-07-08T19:00:00.000","AIRPORT BLVD / 51ST ST","WESTBOUND","LEFT TURN","false","9","10.556","11.215","45.856","64.289","7","8","2024","19","0","1","900"
"afeb52b747275e1ce96feddf32807fea","6882","2024-07-08T19:00:00.000","AIRPORT BLVD / 51ST ST","WESTBOUND","RIGHT TURN","false","15","6.933","4.35","4.0","5.223","7","8","2024","19","0","1","900"
"3c480fda354353ade4721f2e00f71442","6882","2024-07-08T19:00:00.000","AIRPORT BLVD / 51ST ST","WESTBOUND","THRU","false","31","7.516","5.668","10.477","26.271","7","8","2024","19","0","1","900"
"eef3e9abe17c7517500af3d312567f69","6882","2024-07-08T19:00:00.000","AIRPORT BLVD / 51ST ST","WESTBOUND","THRU","true","9","9.556","6.106","46.144","54.814","7","8","2024","19","0","1","900"
"d1b0b63977df5c257ffcf37bf028cb18","7038","2024-07-08T19:00:00.000","ANDERSON LN / SHOAL CREEK BLVD","EASTBOUND","LEFT TURN","false","12","11.083","2.353","0.0","0.0","7","8","2024","19","0","1","900"
"d5a0cdb3535a1707d4f6cc937196d050","7038","2024-07-08T19:00:00.000","ANDERSON LN / SHOAL CREEK BLVD","EASTBOUND","RIGHT TURN","false","14","13.357","3.992","0.0","0.0","7","8","2024","19","0","1","900"
"5ef57534d110d0992fd1a650b8bfe791","7038","2024-07-08T19:00:00.000","ANDERSON LN / SHOAL CREEK BLVD","EASTBOUND","RIGHT TURN","true","1","13.0","0.0","0.0","0.0","7","8","2024","19","0","1","900"
"c651031c1a2a8d31b11b7151823466e6","7038","2024-07-08T19:00:00.000","ANDERSON LN / SHOAL CREEK BLVD","EASTBOUND","THRU","false","117","27.402","11.231","-0.009","0.092","7","8","2024","19","0","1","900"
"7fbaa9056944da6139d1e078d26783d6","7038","2024-07-08T19:00:00.000","ANDERSON LN / SHOAL CREEK BLVD","EASTBOUND","THRU","true","1","17.0","0.0","0.0","0.0","7","8","2024","19","0","1","900"
"a2cd0bc99cce465200e4ed64e19ab937","7038","2024-07-08T19:00:00.000","ANDERSON LN / SHOAL CREEK BLVD","NORTHBOUND","LEFT TURN","false","48","12.229","4.449","-0.188","0.394","7","8","2024","19","0","1","900"
"13b3f17c5b0c5743d03d2563772c2d77","7038","2024-07-08T19:00:00.000","ANDERSON LN / SHOAL CREEK BLVD","NORTHBOUND","LEFT TURN","true","1","9.0","0.0","0.0","0.0","7","8","2024","19","0","1","900"
"a57d896a5dc497f1d00c3cf1fad124c4","7038","2024-07-08T19:00:00.000","ANDERSON LN / SHOAL CREEK BLVD","NORTHBOUND","RIGHT TURN","false","4","3.5","3.697","0.0","0.0","7","8","2024","19","0","1","900"
"66cf3b8ea0744bb7971f64a1bf5e4a57","7038","2024-07-08T19:00:00.000","ANDERSON LN / SHOAL CREEK BLVD","NORTHBOUND","THRU","false","13","16.462","25.307","0.0","0.0","7","8","2024","19","0","1","900"
"c24cfe38751861fb87d9e638b61f7fb3","7038","2024-07-08T19:00:00.000","ANDERSON LN / SHOAL CREEK BLVD","NORTHBOUND","THRU","true","1","17.0","0.0","0.0","0.0","7","8","2024","19","0","1","900"
"ecc23608fe7ef813c05207b65d13c2aa","7038","2024-07-08T19:00:00.000","ANDERSON LN / SHOAL CREEK BLVD","SOUTHBOUND","LEFT TURN","false","15","10.733","1.981","0.0","0.0","7","8","2024","19","0","1","900"
"16743d1c60f00aae6fe06a46ebd0cdfb","7038","2024-07-08T19:00:00.000","ANDERSON LN / SHOAL CREEK BLVD","SOUTHBOUND","LEFT TURN","true","1","8.0","0.0","0.0","0.0","7","8","2024","19","0","1","900"
"590941a5406b52d61c8a921c9d180924","7038","2024-07-08T19:00:00.000","ANDERSON LN / SHOAL CREEK BLVD","SOUTHBOUND","RIGHT TURN","false","11","7.091","5.281","0.0","0.0","7","8","2024","19","0","1","900"
"2cf3ad008d5f52ca2205420cd9b4418c","7038","2024-07-08T19:00:00.000","ANDERSON LN / SHOAL CREEK BLVD","SOUTHBOUND","THRU","false","12","11.083","5.946","-0.25","0.452","7","8","2024","19","0","1","900"
"12eee4b8475334a6f25b1b0759e4d572","7038","2024-07-08T19:00:00.000","ANDERSON LN / SHOAL CREEK BLVD","SOUTHBOUND","THRU","true","1","10.0","0.0","0.0","0.0","7","8","2024","19","0","1","900"
"66cdccec09eeb5f7fb258974f94f1847","7038","2024-07-08T19:00:00.000","ANDERSON LN / SHOAL CREEK BLVD","WESTBOUND","LEFT TURN","false","5","7.4","6.768","0.0","0.0","7","8","2024","19","0","1","900"
"37d73e79560073b551b6d6236cd9845c","7038","2024-07-08T19:00:00.000","ANDERSON LN / SHOAL CREEK BLVD","WESTBOUND","THRU","false","150","23.04","7.722","-0.54","0.5","7","8","2024","19","0","1","900"
"59e84ecbb6415705cf7444f98eeea886","7038","2024-07-08T19:00:00.000","ANDERSON LN / SHOAL CREEK BLVD","WESTBOUND","THRU","true","10","21.1","7.651","-0.3","0.483","7","8","2024","19","0","1","900"
"8ff8e13737d37a0773101712fcbf7f6d","7343","2024-07-08T19:00:00.000","RIVERSIDE DR / BURTON DR","EASTBOUND","LEFT TURN","false","28","14.429","4.131","16.825","38.942","7","8","2024","19","0","1","900"
"13e76099bced36ec37b3b8fc15ea23c1","7343","2024-07-08T19:00:00.000","RIVERSIDE DR / BURTON DR","EASTBOUND","LEFT TURN","true","4","13.25","4.573","1.5","0.927","7","8","2024","19","0","1","900"
"abf0ba6294ee29e917c439131165ebf7","7343","2024-07-08T19:00:00.000","RIVERSIDE DR / BURTON DR","EASTBOUND","RIGHT TURN","true","1","5.0","0.0","0.5","0.0","7","8","2024","19","0","1","900"
"1095f42eed722e8ded5f74f250f7161e","7343","2024-07-08T19:00:00.000","RIVERSIDE DR / BURTON DR","EASTBOUND","THRU","false","104","28.077","10.526","3.475","9.879","7","8","2024","19","0","1","900"
"08514723a00e339f36b926913f3075b3","7343","2024-07-08T19:00:00.000","RIVERSIDE DR / BURTON DR","EASTBOUND","THRU","true","134","28.022","9.645","3.365","10.29","7","8","2024","19","0","1","900"
"e8605b49c4eb08eeb9601931434cf4bd","7343","2024-07-08T19:00:00.000","RIVERSIDE DR / BURTON DR","EASTBOUND","U-TURN","false","1","9.0","0.0","1.2","0.0","7","8","2024","19","0","1","900"
"17e3132eeb6f226399fc5e79ff43baf9","7343","2024-07-08T19:00:00.000","RIVERSIDE DR / BURTON DR","NORTHBOUND","LEFT TURN","false","8","17.625","14.282","12.175","29.843","7","8","2024","19","0","1","900"
"e508269b6400e9814af0c2d386a946f4","7343","2024-07-08T19:00:00.000","RIVERSIDE DR / BURTON DR","NORTHBOUND","LEFT TURN","true","1","16.0","0.0","2.2","0.0","7","8","2024","19","0","1","900"
"f74e7a612de029df29016b2fc88d9551","7343","2024-07-08T19:00:00.000","RIVERSIDE DR / BURTON DR","NORTHBOUND","RIGHT TURN","false","4","21.0","10.739","0.4","0.316","7","8","2024","19","0","1","900"
"3275cdd56275ac33bda047cb7f0a09ec","7343","2024-07-08T19:00:00.000","RIVERSIDE DR / BURTON DR","NORTHBOUND","THRU","false","11","29.364","14.186","11.791","26.078","7","8","2024","19","0","1","900"
"f961fecb3a764f4afd677da1845090d3","7343","2024-07-08T19:00:00.000","RIVERSIDE DR / BURTON DR","NORTHBOUND","THRU","true","6","26.667","18.392","10.167","22.086","7","8","2024","19","0","1","900"
"d4adbaaa8ce2f29c4f0ce3055459e5a6","7343","2024-07-08T19:00:00.000","RIVERSIDE DR / BURTON DR","SOUTHBOUND","LEFT TURN","false","7","16.0","2.309","49.829","63.682","7","8","2024","19","0","1","900"
"efbf03b62be32a49580d88c790f257d9","7343","2024-07-08T19:00:00.000","RIVERSIDE DR / BURTON DR","SOUTHBOUND","RIGHT TURN","false","11","8.909","2.508","13.455","24.842","7","8","2024","19","0","1","900"
"b72330990c03e33753ff6c6a6ef43257","7343","2024-07-08T19:00:00.000","RIVERSIDE DR / BURTON DR","SOUTHBOUND","RIGHT TURN","true","1","10.0","0.0","5.2","0.0","7","8","2024","19","0","1","900"
"0e6b4d0230c45d939ac1900fb0bc9b45","7343","2024-07-08T19:00:00.000","RIVERSIDE DR / BURTON DR","SOUTHBOUND","THRU","false","11","14.818","5.582","9.855","11.574","7","8","2024","19","0","1","900"
"6733a752a751cc7af709434bb76c75f1","7343","2024-07-08T19:00:00.000","RIVERSIDE DR / BURTON DR","SOUTHBOUND","THRU","true","5","12.4","3.05","65.08","57.914","7","8","2024","19","0","1","900"
"bb679f89bac96f3f3a6a9c7416a3dc9b","7343","2024-07-08T19:00:00.000","RIVERSIDE DR / BURTON DR","WESTBOUND","LEFT TURN","false","7","13.286","4.957","1.929","1.478","7","8","2024","19","0","1","900"
"d04a9d9e3eaa18e68690f287ae1fa1ef","7343","2024-07-08T19:00:00.000","RIVERSIDE DR / BURTON DR","WESTBOUND","LEFT TURN","true","8","18.0","11.464","0.662","0.54","7","8","2024","19","0","1","900"
"7f3d91be2e593763cb1a259b97cbf80e","7343","2024-07-08T19:00:00.000","RIVERSIDE DR / BURTON DR","WESTBOUND","RIGHT TURN","false","9","16.111","21.298","4.833","6.59","7","8","2024","19","0","1","900"
"1832388d482642f95461da18a03db95b","7343","2024-07-08T19:00:00.000","RIVERSIDE DR / BURTON DR","WESTBOUND","THRU","false","137","31.38","18.617","3.482","10.603","7","8","2024","19","0","1","900"
"3f29317a487c20708f7fc11a866da0bb","7343","2024-07-08T19:00:00.000","RIVERSIDE DR / BURTON DR","WESTBOUND","THRU","true","30","40.067","23.279","4.437","12.065","7","8","2024","19","0","1","900"
"ffa6826769cf051f07340d3d010db986","6382","2024-07-08T19:00:00.000","FM 620 RD / DEERBROOK TRL","EASTBOUND","LEFT TURN","true","1","18.0","0.0","0.2","0.0","7","8","2024","19","0","1","900"
"9ff83fe064341384f1a49e332f18a5fc","6382","2024-07-08T19:00:00.000","FM 620 RD / DEERBROOK TRL","EASTBOUND","RIGHT TURN","false","5","16.2","6.834","1.12","0.61","7","8","2024","19","0","1","900"
"af150218c6dbc7aa0ad8b1e2103c1ea2","6382","2024-07-08T19:00:00.000","FM 620 RD / DEERBROOK TRL","EASTBOUND","THRU","false","263","38.525","9.086","1.318","2.325","7","8","2024","19","0","1","900"
"ad5f144f8fef5a5b8d5aa500a4e48c79","6382","2024-07-08T19:00:00.000","FM 620 RD / DEERBROOK TRL","EASTBOUND","THRU","true","9","31.111","15.823","5.589","7.111","7","8","2024","19","0","1","900"
"81cb9dc9b1111e9496717a14696b0f5f","6382","2024-07-08T19:00:00.000","FM 620 RD / DEERBROOK TRL","NORTHBOUND","LEFT TURN","false","7","8.143","2.116","7.429","17.876","7","8","2024","19","0","1","900"
"4f7b176cbb7ca9e1bd56e2a2fd8a1131","6382","2024-07-08T19:00:00.000","FM 620 RD / DEERBROOK TRL","NORTHBOUND","RIGHT TURN","false","16","3.0","2.683","7.562","7.751","7","8","2024","19","0","1","900"
"5d91aee988b7dc5006d93ca3e4fbc89c","6382","2024-07-08T19:00:00.000","FM 620 RD / DEERBROOK TRL","NORTHBOUND","THRU","false","2","7.5","6.364","2.0","2.404","7","8","2024","19","0","1","900"
"7db4aaf8395560ebe489213aea837762","6382","2024-07-08T19:00:00.000","FM 620 RD / DEERBROOK TRL","WESTBOUND","LEFT TURN","false","19","9.737","4.318","2.821","5.639","7","8","2024","19","0","1","900"
"f178cf2adfc0aa859c9dbae34ded38fe","6382","2024-07-08T19:00:00.000","FM 620 RD / DEERBROOK TRL","WESTBOUND","RIGHT TURN","false","1","9.0","0.0","20.7","0.0","7","8","2024","19","0","1","900"
"04e45df5247e5376dcdcf32d35290fd2","6382","2024-07-08T19:00:00.000","FM 620 RD / DEERBROOK TRL","WESTBOUND","THRU","false","275","31.96","9.484","1.192","2.698","7","8","2024","19","0","1","900"
"851dc68100ba6b041feb1915b08e0e8d","6382","2024-07-08T19:00:00.000","FM 620 RD / DEERBROOK TRL","WESTBOUND","THRU","true","4","34.5","6.137","0.525","0.532","7","8","2024","19","0","1","900"
"7e7461d2efc44ea3e574dec0fd5d3c96","6881","2024-07-08T19:00:00.000","SLAUGHTER LN / LINDSHIRE LN","EASTBOUND","RIGHT TURN","false","7","10.0","2.0","2.786","0.587","7","8","2024","19","0","1","900"
"cf44beabc9e56167a6f3d56f55e03b42","6881","2024-07-08T19:00:00.000","SLAUGHTER LN / LINDSHIRE LN","EASTBOUND","THRU","false","270","29.319","8.905","1.948","4.464","7","8","2024","19","0","1","900"
"f4d42355584ae59fb6a0bf738aa405bc","6881","2024-07-08T19:00:00.000","SLAUGHTER LN / LINDSHIRE LN","EASTBOUND","THRU","true","2","33.5","2.121","0.15","0.212","7","8","2024","19","0","1","900"
"fd9478818a5c6682747ad224d0f232b8","6881","2024-07-08T19:00:00.000","SLAUGHTER LN / LINDSHIRE LN","NORTHBOUND","LEFT TURN","false","20","7.05","6.013","12.425","35.26","7","8","2024","19","0","1","900"
"aafaa7087c46c6ca98987035235e7dd9","6881","2024-07-08T19:00:00.000","SLAUGHTER LN / LINDSHIRE LN","NORTHBOUND","RIGHT TURN","false","7","0.143","0.378","8.157","10.063","7","8","2024","19","0","1","900"
"ae1f5ab867bc24f47fde6b8ad2f31760","6881","2024-07-08T19:00:00.000","SLAUGHTER LN / LINDSHIRE LN","NORTHBOUND","THRU","false","3","2.667","2.082","1.567","2.06","7","8","2024","19","0","1","900"
"a1c3105fec5ab29e3ea8cfeaf3914f88","6881","2024-07-08T19:00:00.000","SLAUGHTER LN / LINDSHIRE LN","SOUTHBOUND","LEFT TURN","false","1","3.0","0.0","0.2","0.0","7","8","2024","19","0","1","900"
"bc99a0e5c4bb8d7347e53dfd613da7f8","6881","2024-07-08T19:00:00.000","SLAUGHTER LN / LINDSHIRE LN","WESTBOUND","LEFT TURN","false","5","7.6","1.14","38.26","25.68","7","8","2024","19","0","1","900"
"19d286c8d9d1dd8d461138748c367aa3","6881","2024-07-08T19:00:00.000","SLAUGHTER LN / LINDSHIRE LN","WESTBOUND","RIGHT TURN","false","1","10.0","0.0","3.4","0.0","7","8","2024","19","0","1","900"
"13b21e25754f2754137e679a3e525e48","6881","2024-07-08T19:00:00.000","SLAUGHTER LN / LINDSHIRE LN","WESTBOUND","THRU","false","142","27.796","7.56","1.91","4.083","7","8","2024","19","0","1","900"
"8bc0521d9864c8214db71b53a85c76f3","6881","2024-07-08T19:00:00.000","SLAUGHTER LN / LINDSHIRE LN","WESTBOUND","THRU","true","9","27.556","5.223","1.156","0.688","7","8","2024","19","0","1","900"
"f83b9176182df369c582547cb7514829","6808","2024-07-08T19:00:00.000","OLTORF ST / 4TH ST","EASTBOUND","LEFT TURN","false","7","9.143","15.06","24.171","34.478","7","8","2024","19","0","1","900"
"bf2687352c5f586e45e2ee92b407e4cd","6808","2024-07-08T19:00:00.000","OLTORF ST / 4TH ST","EASTBOUND","RIGHT TURN","false","9","5.222","0.972","0.9","0.953","7","8","2024","19","0","1","900"
"dbe42f7736d08ce0174fe567a8a1defe","6808","2024-07-08T19:00:00.000","OLTORF ST / 4TH ST","EASTBOUND","THRU","false","47","8.149","5.246","7.64","23.295","7","8","2024","19","0","1","900"
"796254162c39bcb39c796c163f53ff61","6808","2024-07-08T19:00:00.000","OLTORF ST / 4TH ST","NORTHBOUND","LEFT TURN","false","14","9.143","13.167","0.436","0.499","7","8","2024","19","0","1","900"
"d678ae0d7183c8aa4eb47cee6fdf8936","6808","2024-07-08T19:00:00.000","OLTORF ST / 4TH ST","NORTHBOUND","RIGHT TURN","false","9","4.667","1.732","1.567","1.488","7","8","2024","19","0","1","900"
"164eb5b5de9448f652bb4e35a6e779a1","6808","2024-07-08T19:00:00.000","OLTORF ST / 4TH ST","NORTHBOUND","THRU","false","56","9.768","7.056","2.646","6.934","7","8","2024","19","0","1","900"
"ed854c1f03113edd11af481c230d7092","6808","2024-07-08T19:00:00.000","OLTORF ST / 4TH ST","NORTHBOUND","THRU","true","1","69.0","0.0","0.1","0.0","7","8","2024","19","0","1","900"
"7985608214b6e8cbaa395650bf26c877","6808","2024-07-08T19:00:00.000","OLTORF ST / 4TH ST","SOUTHBOUND","LEFT TURN","false","13","5.0","1.414","26.523","46.09","7","8","2024","19","0","1","900"
"b928d5ac48a574d12828ecef7abe0362","6808","2024-07-08T19:00:00.000","OLTORF ST / 4TH ST","SOUTHBOUND","RIGHT TURN","false","6","7.0","2.683","2.517","3.302","7","8","2024","19","0","1","900"
"a795e8a15e890cb4e08e1598f35592d6","6808","2024-07-08T19:00:00.000","OLTORF ST / 4TH ST","SOUTHBOUND","THRU","false","82","11.146","4.208","5.894","16.314","7","8","2024","19","0","1","900"
"d4533409e4c3d7d7732f355adb8ab29a","6808","2024-07-08T19:00:00.000","OLTORF ST / 4TH ST","SOUTHBOUND","THRU","true","2","5.0","1.414","36.1","49.78","7","8","2024","19","0","1","900"
"d8e38334e72e1bd7b9c39724f8dfbdf3","6808","2024-07-08T19:00:00.000","OLTORF ST / 4TH ST","WESTBOUND","LEFT TURN","false","8","5.625","1.598","1.1","1.26","7","8","2024","19","0","1","900"
"4c01808b1badbc0b241b52dd8eb5016b","6808","2024-07-08T19:00:00.000","OLTORF ST / 4TH ST","WESTBOUND","RIGHT TURN","false","8","6.0","0.926","11.225","20.724","7","8","2024","19","0","1","900"
"f340773705825f8ba834947c6814aee1","6808","2024-07-08T19:00:00.000","OLTORF ST / 4TH ST","WESTBOUND","THRU","false","48","8.833","2.62","20.365","33.548","7","8","2024","19","0","1","900"
"c02ab9147c105f4a6ec541e2ceaae154","6808","2024-07-08T19:00:00.000","OLTORF ST / 4TH ST","WESTBOUND","U-TURN","false","1","4.0","0.0","0.5","0.0","7","8","2024","19","0","1","900"
"828b1505b821f84eac5fb9ac86fc64b6","6653","2024-07-08T18:45:00.000","38TH ST / MEDICAL PKWY","EASTBOUND","LEFT TURN","false","9","11.222","2.279","11.767","23.887","7","8","2024","18","45","1","900"
"3044043d09b4fb976b5ea5c3fe8c2129","6653","2024-07-08T18:45:00.000","38TH ST / MEDICAL PKWY","EASTBOUND","LEFT TURN","true","5","11.2","5.357","40.32","58.79","7","8","2024","18","45","1","900"
"a243e70ffa66968911e26ebd25a93a3a","6653","2024-07-08T18:45:00.000","38TH ST / MEDICAL PKWY","EASTBOUND","RIGHT TURN","false","1","12.0","0.0","0.1","0.0","7","8","2024","18","45","1","900"
"8a4fe05ea0fc8414417df4945a0ece7b","6653","2024-07-08T18:45:00.000","38TH ST / MEDICAL PKWY","EASTBOUND","THRU","false","91","21.901","7.04","11.929","22.691","7","8","2024","18","45","1","900"
"ff063ec2b01607d61dc7f9b4715c1a2c","6653","2024-07-08T18:45:00.000","38TH ST / MEDICAL PKWY","EASTBOUND","THRU","true","30","20.7","6.238","19.667","28.017","7","8","2024","18","45","1","900"
"53cd31ee68786588a86c8cbb1b096af4","6653","2024-07-08T18:45:00.000","38TH ST / MEDICAL PKWY","NORTHBOUND","LEFT TURN","false","5","7.6","6.877","35.24","39.112","7","8","2024","18","45","1","900"
"26021400d7e78731988d06285721f3b4","6653","2024-07-08T18:45:00.000","38TH ST / MEDICAL PKWY","NORTHBOUND","RIGHT TURN","false","8","1.75","1.581","18.412","33.913","7","8","2024","18","45","1","900"
"5c2c0e41f223ce3f727a561ccb4f8ca7","6653","2024-07-08T18:45:00.000","38TH ST / MEDICAL PKWY","NORTHBOUND","RIGHT TURN","true","4","11.25","12.42","36.625","11.865","7","8","2024","18","45","1","900"
"ce6106e9fb58c3514eae74ebe0a334e7","6653","2024-07-08T18:45:00.000","38TH ST / MEDICAL PKWY","NORTHBOUND","THRU","false","8","6.375","4.809","14.688","29.916","7","8","2024","18","45","1","900"
"e7906fddc8035064140476a6424ed4e6","6653","2024-07-08T18:45:00.000","38TH ST / MEDICAL PKWY","SOUTHBOUND","LEFT TURN","false","5","15.6","4.159","0.56","1.252","7","8","2024","18","45","1","900"
"9059cc3cb8a673bebc971ddef42bd862","6653","2024-07-08T18:45:00.000","38TH ST / MEDICAL PKWY","SOUTHBOUND","LEFT TURN","true","1","18.0","0.0","84.2","0.0","7","8","2024","18","45","1","900"
"9c1ad7ca63bd8358f914f255b7cca424","6653","2024-07-08T18:45:00.000","38TH ST / MEDICAL PKWY","SOUTHBOUND","RIGHT TURN","false","1","3.0","0.0","6.6","0.0","7","8","2024","18","45","1","900"
"60a5ba5c06325ae8b0292ddae2bdb7b2","6653","2024-07-08T18:45:00.000","38TH ST / MEDICAL PKWY","SOUTHBOUND","RIGHT TURN","true","2","4.5","0.707","18.8","9.617","7","8","2024","18","45","1","900"
"0fd3b67519ac5b124c78274b67bbc023","6653","2024-07-08T18:45:00.000","38TH ST / MEDICAL PKWY","SOUTHBOUND","THRU","false","5","13.8","8.228","25.42","32.275","7","8","2024","18","45","1","900"
"0367844da788595944f7a1e4fe7d37bc","6653","2024-07-08T18:45:00.000","38TH ST / MEDICAL PKWY","WESTBOUND","LEFT TURN","false","5","3.2","2.775","40.26","29.038","7","8","2024","18","45","1","900"
"bba36c3e34599f065acd8ace47c73a1a","6653","2024-07-08T18:45:00.000","38TH ST / MEDICAL PKWY","WESTBOUND","RIGHT TURN","true","3","19.333","14.012","2.9","3.61","7","8","2024","18","45","1","900"
"fd6f48353142f8a0b0db958ec31f5756","6653","2024-07-08T18:45:00.000","38TH ST / MEDICAL PKWY","WESTBOUND","THRU","false","61","23.689","9.801","6.244","17.575","7","8","2024","18","45","1","900"
"c519843bcd5fad9457392a17d6b44040","6653","2024-07-08T18:45:00.000","38TH ST / MEDICAL PKWY","WESTBOUND","THRU","true","52","22.077","9.218","6.562","16.909","7","8","2024","18","45","1","900"
"aacce901337e07af506c7852e37d04a6","6882","2024-07-08T18:45:00.000","AIRPORT BLVD / 51ST ST","EASTBOUND","LEFT TURN","false","6","10.5","2.95","2.183","0.331","7","8","2024","18","45","1","900"
"03318b79dbb778a497088f9b77476cae","6882","2024-07-08T18:45:00.000","AIRPORT BLVD / 51ST ST","EASTBOUND","RIGHT TURN","false","29","14.207","5.308","3.376","5.924","7","8","2024","18","45","1","900"
"d9ade5d0d02064fdbb31ba5902a3e038","6882","2024-07-08T18:45:00.000","AIRPORT BLVD / 51ST ST","EASTBOUND","RIGHT TURN","true","2","11.5","3.536","2.6","1.131","7","8","2024","18","45","1","900"
"1c799d0c77edf5f0243b2107286d4885","6882","2024-07-08T18:45:00.000","AIRPORT BLVD / 51ST ST","EASTBOUND","THRU","false","55","17.036","6.052","9.207","26.584","7","8","2024","18","45","1","900"
"6bc76e8f55a415013a7213ae246d528e","6882","2024-07-08T18:45:00.000","AIRPORT BLVD / 51ST ST","NORTHBOUND","LEFT TURN","false","23","8.174","5.805","5.8","19.735","7","8","2024","18","45","1","900"
"1ae59c1db7b1ec731f1ad47505d729e8","6882","2024-07-08T18:45:00.000","AIRPORT BLVD / 51ST ST","NORTHBOUND","LEFT TURN","true","1","16.0","0.0","0.1","0.0","7","8","2024","18","45","1","900"
"af1e501eac5a493202970e4d46df62ea","6882","2024-07-08T18:45:00.000","AIRPORT BLVD / 51ST ST","SOUTHBOUND","LEFT TURN","false","1","14.0","0.0","2.3","0.0","7","8","2024","18","45","1","900"
"2c70c50632ef9d0e2089bc48fea5002d","6882","2024-07-08T18:45:00.000","AIRPORT BLVD / 51ST ST","SOUTHBOUND","RIGHT TURN","false","4","11.75","0.957","3.25","0.3","7","8","2024","18","45","1","900"
"f8a162ac970fbef1c9312a8944a06633","6882","2024-07-08T18:45:00.000","AIRPORT BLVD / 51ST ST","SOUTHBOUND","THRU","false","93","32.495","12.833","11.208","23.014","7","8","2024","18","45","1","900"
"a42c132d771a7511c5125011be696dde","6882","2024-07-08T18:45:00.000","AIRPORT BLVD / 51ST ST","SOUTHBOUND","THRU","true","14","35.5","24.582","4.343","9.289","7","8","2024","18","45","1","900"
"69e3e8d0b2e80ee268232db6905e45dc","6882","2024-07-08T18:45:00.000","AIRPORT BLVD / 51ST ST","WESTBOUND","LEFT TURN","false","11","9.182","3.488","11.973","19.959","7","8","2024","18","45","1","900"
"75d10ddd40591f9b5ec7c1cbf7fd97b5","6882","2024-07-08T18:45:00.000","AIRPORT BLVD / 51ST ST","WESTBOUND","LEFT TURN","true","3","11.667","4.933","1.067","0.404","7","8","2024","18","45","1","900"
"f4d90069bff4f6b8c0e620adbd398855","6882","2024-07-08T18:45:00.000","AIRPORT BLVD / 51ST ST","WESTBOUND","RIGHT TURN","false","19","7.316","9.013","6.958","17.371","7","8","2024","18","45","1","900"
"e2356e466e87cb736e5bd81137251875","6882","2024-07-08T18:45:00.000","AIRPORT BLVD / 51ST ST","WESTBOUND","RIGHT TURN","true","1","4.0","0.0","1.0","0.0","7","8","2024","18","45","1","900"
"6c842874b8d35da9b71c9ecc80175059","6882","2024-07-08T18:45:00.000","AIRPORT BLVD / 51ST ST","WESTBOUND","THRU","false","40","8.525","5.533","15.175","33.297","7","8","2024","18","45","1","900"
"7478408f9989a827950f16bd4b7f3701","6882","2024-07-08T18:45:00.000","AIRPORT BLVD / 51ST ST","WESTBOUND","THRU","true","6","5.0","4.099","33.367","50.937","7","8","2024","18","45","1","900"
"0da1493aa9a93174b295db2a2a371632","6882","2024-07-08T18:45:00.000","AIRPORT BLVD / 51ST ST","WESTBOUND","U-TURN","false","1","1.0","0.0","75.3","0.0","7","8","2024","18","45","1","900"
"448cc49e2379b941dce93637125cb4c2","7038","2024-07-08T18:45:00.000","ANDERSON LN / SHOAL CREEK BLVD","EASTBOUND","LEFT TURN","false","10","12.4","2.836","0.0","0.0","7","8","2024","18","45","1","900"
"bd84b9c2d66c9413dc06df4710697915","7038","2024-07-08T18:45:00.000","ANDERSON LN / SHOAL CREEK BLVD","EASTBOUND","RIGHT TURN","false","16","12.062","3.855","0.0","0.0","7","8","2024","18","45","1","900"
"04925643166e29864c28a60842237bb1","7038","2024-07-08T18:45:00.000","ANDERSON LN / SHOAL CREEK BLVD","EASTBOUND","RIGHT TURN","true","1","16.0","0.0","0.0","0.0","7","8","2024","18","45","1","900"
"dbf48839876f2b9ffd3cce4cae7bc87b","7038","2024-07-08T18:45:00.000","ANDERSON LN / SHOAL CREEK BLVD","EASTBOUND","THRU","false","148","28.574","10.497","0.0","0.0","7","8","2024","18","45","1","900"
"1ee84cc5fd3bc00bdc847d74ac91f419","7038","2024-07-08T18:45:00.000","ANDERSON LN / SHOAL CREEK BLVD","EASTBOUND","THRU","true","1","21.0","0.0","0.0","0.0","7","8","2024","18","45","1","900"
"b4d300e4368cdca10c5bb8f6acd6402d","7038","2024-07-08T18:45:00.000","ANDERSON LN / SHOAL CREEK BLVD","NORTHBOUND","LEFT TURN","false","49","13.041","7.346","-0.143","0.354","7","8","2024","18","45","1","900"
"fa2bf14188efd199579be7a987689f1e","7038","2024-07-08T18:45:00.000","ANDERSON LN / SHOAL CREEK BLVD","NORTHBOUND","LEFT TURN","true","5","16.8","7.328","0.0","0.0","7","8","2024","18","45","1","900"
"477004ebf883b1e1f4dac25cffb03105","7038","2024-07-08T18:45:00.000","ANDERSON LN / SHOAL CREEK BLVD","NORTHBOUND","RIGHT TURN","false","9","6.0","5.657","0.0","0.0","7","8","2024","18","45","1","900"
"0e918e44dd00fb9c9afebe485735c989","7038","2024-07-08T18:45:00.000","ANDERSON LN / SHOAL CREEK BLVD","NORTHBOUND","THRU","false","18","9.889","5.519","-0.333","0.485","7","8","2024","18","45","1","900"
"1534671a8633aff853557bc9ef5be3d3","7038","2024-07-08T18:45:00.000","ANDERSON LN / SHOAL CREEK BLVD","SOUTHBOUND","LEFT TURN","false","24","13.25","11.046","-0.083","0.282","7","8","2024","18","45","1","900"
"1f1e7caa09fdcf9203de0fdbc6fea712","7038","2024-07-08T18:45:00.000","ANDERSON LN / SHOAL CREEK BLVD","SOUTHBOUND","LEFT TURN","true","3","10.667","5.132","0.0","0.0","7","8","2024","18","45","1","900"
"f56264358622cab08db19cc2f4c9319a","7038","2024-07-08T18:45:00.000","ANDERSON LN / SHOAL CREEK BLVD","SOUTHBOUND","RIGHT TURN","false","11","7.273","6.784","-0.091","0.302","7","8","2024","18","45","1","900"
"c891cc0c8e9ca617647f70abc1495585","7038","2024-07-08T18:45:00.000","ANDERSON LN / SHOAL CREEK BLVD","SOUTHBOUND","THRU","false","14","12.857","4.944","0.0","0.0","7","8","2024","18","45","1","900"
"cb6b451eafdcab66d669213cb0579c87","7038","2024-07-08T18:45:00.000","ANDERSON LN / SHOAL CREEK BLVD","WESTBOUND","LEFT TURN","false","10","7.3","7.875","-0.2","0.422","7","8","2024","18","45","1","900"
"8b095d41df767a77cff217847f0ccd7f","7038","2024-07-08T18:45:00.000","ANDERSON LN / SHOAL CREEK BLVD","WESTBOUND","THRU","false","152","21.737","7.842","-0.493","0.502","7","8","2024","18","45","1","900"
"086c48f68039869952e08c67da4d705f","7038","2024-07-08T18:45:00.000","ANDERSON LN / SHOAL CREEK BLVD","WESTBOUND","THRU","true","10","16.4","5.016","-0.5","0.527","7","8","2024","18","45","1","900"
"3588737b774b5a5cb1da72a74d5940b4","7343","2024-07-08T18:45:00.000","RIVERSIDE DR / BURTON DR","EASTBOUND","LEFT TURN","false","33","15.758","10.437","17.703","36.531","7","8","2024","18","45","1","900"
"78ddf6c07d0340e35d4a9b4ccfcc2d5b","7343","2024-07-08T18:45:00.000","RIVERSIDE DR / BURTON DR","EASTBOUND","LEFT TURN","true","3","16.667","3.055","2.067","1.55","7","8","2024","18","45","1","900"
"cde08cf60fe7fa7534df8b390a5e5e97","7343","2024-07-08T18:45:00.000","RIVERSIDE DR / BURTON DR","EASTBOUND","THRU","false","85","30.306","10.19","3.767","12.506","7","8","2024","18","45","1","900"
"2c127f058c5c4445328179b5b25e4e33","7343","2024-07-08T18:45:00.000","RIVERSIDE DR / BURTON DR","EASTBOUND","THRU","true","137","29.328","9.642","5.326","14.818","7","8","2024","18","45","1","900"
"7af33e89c893ec289007c7b397107c7f","7343","2024-07-08T18:45:00.000","RIVERSIDE DR / BURTON DR","NORTHBOUND","LEFT TURN","false","5","21.4","8.081","18.18","37.145","7","8","2024","18","45","1","900"
"f2c1dfde5f3b49a3492609df7fda03e1","7343","2024-07-08T18:45:00.000","RIVERSIDE DR / BURTON DR","NORTHBOUND","LEFT TURN","true","1","15.0","0.0","0.5","0.0","7","8","2024","18","45","1","900"
"8eaf875e4147095f21943833763b54c7","7343","2024-07-08T18:45:00.000","RIVERSIDE DR / BURTON DR","NORTHBOUND","RIGHT TURN","false","6","13.5","7.503","0.283","0.264","7","8","2024","18","45","1","900"
"c5562dfb05c25f26b6d0ec67b8e0366f","7343","2024-07-08T18:45:00.000","RIVERSIDE DR / BURTON DR","NORTHBOUND","RIGHT TURN","true","2","19.0","5.657","1.25","1.344","7","8","2024","18","45","1","900"
"d4d06d2faaa5f59c6dcd1442e63e239d","7343","2024-07-08T18:45:00.000","RIVERSIDE DR / BURTON DR","NORTHBOUND","THRU","false","12","29.5","16.828","4.775","11.293","7","8","2024","18","45","1","900"
"e38a10f53633b8088a14f173381b619d","7343","2024-07-08T18:45:00.000","RIVERSIDE DR / BURTON DR","NORTHBOUND","THRU","true","8","35.5","15.1","0.488","0.589","7","8","2024","18","45","1","900"
"a15d63a25e35eb71a9556b350f49c2ee","7343","2024-07-08T18:45:00.000","RIVERSIDE DR / BURTON DR","SOUTHBOUND","LEFT TURN","false","7","17.714","3.817","12.771","30.722","7","8","2024","18","45","1","900"
"6cc2b2b92a9837d701ab4dc06aad12da","7343","2024-07-08T18:45:00.000","RIVERSIDE DR / BURTON DR","SOUTHBOUND","LEFT TURN","true","2","16.5","2.121","48.8","64.771","7","8","2024","18","45","1","900"
"289c648990453b3a8e23edb8e09a3a88","7343","2024-07-08T18:45:00.000","RIVERSIDE DR / BURTON DR","SOUTHBOUND","RIGHT TURN","false","16","10.375","8.755","17.787","29.926","7","8","2024","18","45","1","900"
"f151acd5adf2b7f107c47de7f77eeda5","7343","2024-07-08T18:45:00.000","RIVERSIDE DR / BURTON DR","SOUTHBOUND","THRU","false","15","16.6","5.539","31.247","49.829","7","8","2024","18","45","1","900"
"a21b196d56a530436554943860aa6d6f","7343","2024-07-08T18:45:00.000","RIVERSIDE DR / BURTON DR","SOUTHBOUND","THRU","true","3","16.333","4.163","82.3","68.694","7","8","2024","18","45","1","900"
"ed3f6a51a9714e84720888530128c045","7343","2024-07-08T18:45:00.000","RIVERSIDE DR / BURTON DR","WESTBOUND","LEFT TURN","false","18","11.389","3.616","18.711","39.805","7","8","2024","18","45","1","900"
"746b6df71aa680b7369e2e646c8e9d08","7343","2024-07-08T18:45:00.000","RIVERSIDE DR / BURTON DR","WESTBOUND","LEFT TURN","true","4","17.75","6.5","29.425","53.272","7","8","2024","18","45","1","900"
"17620f00ccae7a81608a30e0fd58ab5a","7343","2024-07-08T18:45:00.000","RIVERSIDE DR / BURTON DR","WESTBOUND","RIGHT TURN","false","4","3.75","7.5","1.35","1.865","7","8","2024","18","45","1","900"
"b8db87350f49a346c09754dff6ce470c","7343","2024-07-08T18:45:00.000","RIVERSIDE DR / BURTON DR","WESTBOUND","RIGHT TURN","true","1","19.0","0.0","13.6","0.0","7","8","2024","18","45","1","900"
"b4ac16508f1056ddb0327301aa6af0ac","7343","2024-07-08T18:45:00.000","RIVERSIDE DR / BURTON DR","WESTBOUND","THRU","false","121","37.694","19.52","2.541","9.67","7","8","2024","18","45","1","900"
"e04bc178f7d3bb20d4e270d6b486c32d","7343","2024-07-08T18:45:00.000","RIVERSIDE DR / BURTON DR","WESTBOUND","THRU","true","36","33.056","14.174","2.689","10.714","7","8","2024","18","45","1","900"
"3a80e1b6eab9c9428c7fa735514ba200","6382","2024-07-08T18:45:00.000","FM 620 RD / DEERBROOK TRL","EASTBOUND","LEFT TURN","false","1","17.0","0.0","0.1","0.0","7","8","2024","18","45","1","900"
"1e04880e839e1b7db3eddeed6ad19852","6382","2024-07-08T18:45:00.000","FM 620 RD / DEERBROOK TRL","EASTBOUND","RIGHT TURN","false","7","26.714","29.624","1.386","0.904","7","8","2024","18","45","1","900"
"8cda4c039c079616fcaef1606d200194","6382","2024-07-08T18:45:00.000","FM 620 RD / DEERBROOK TRL","EASTBOUND","THRU","false","288","34.205","12.985","1.447","3.496","7","8","2024","18","45","1","900"
"a96fbe8c316a303d3b8f7b30cba519af","6382","2024-07-08T18:45:00.000","FM 620 RD / DEERBROOK TRL","EASTBOUND","THRU","true","5","38.0","10.886","1.06","0.623","7","8","2024","18","45","1","900"
"ebf901107112b4189e119dba5b040814","6382","2024-07-08T18:45:00.000","FM 620 RD / DEERBROOK TRL","NORTHBOUND","LEFT TURN","false","13","10.0","2.273","18.0","48.06","7","8","2024","18","45","1","900"
"fafff15f5d849bb69c66695a80f4ebca","6382","2024-07-08T18:45:00.000","FM 620 RD / DEERBROOK TRL","NORTHBOUND","RIGHT TURN","false","24","3.875","4.068","14.775","21.867","7","8","2024","18","45","1","900"
"dd855e7f50b0fd0dc6d25b3c9b47f9d1","6382","2024-07-08T18:45:00.000","FM 620 RD / DEERBROOK TRL","NORTHBOUND","THRU","false","1","14.0","0.0","3.6","0.0","7","8","2024","18","45","1","900"
"614a7ca634f9191687a73f9eb6ff427c","6382","2024-07-08T18:45:00.000","FM 620 RD / DEERBROOK TRL","WESTBOUND","LEFT TURN","false","17","9.412","4.36","5.694","13.261","7","8","2024","18","45","1","900"
"8b31ec52cd9c62a88b71fe923445c645","6382","2024-07-08T18:45:00.000","FM 620 RD / DEERBROOK TRL","WESTBOUND","LEFT TURN","true","1","3.0","0.0","0.0","0.0","7","8","2024","18","45","1","900"
"089ae7d73a442b5afd2c0ed307e21fa8","6382","2024-07-08T18:45:00.000","FM 620 RD / DEERBROOK TRL","WESTBOUND","THRU","false","288","32.691","9.547","1.112","2.241","7","8","2024","18","45","1","900"
"a2386e085786d2c940bd6235396ad7c8","6382","2024-07-08T18:45:00.000","FM 620 RD / DEERBROOK TRL","WESTBOUND","THRU","true","7","28.0","10.755","0.843","0.479","7","8","2024","18","45","1","900"
"15caea6ae702099e5c696a70ea053b2c","6881","2024-07-08T18:45:00.000","SLAUGHTER LN / LINDSHIRE LN","EASTBOUND","RIGHT TURN","false","11","11.727","6.784","3.109","1.311","7","8","2024","18","45","1","900"
"d4c30be26b241355db24de66875af79d","6881","2024-07-08T18:45:00.000","SLAUGHTER LN / LINDSHIRE LN","EASTBOUND","THRU","false","244","30.512","8.375","1.652","3.074","7","8","2024","18","45","1","900"
"109edbef5521c99844d2a73a5c4ea2c2","6881","2024-07-08T18:45:00.000","SLAUGHTER LN / LINDSHIRE LN","EASTBOUND","THRU","true","1","24.0","0.0","3.1","0.0","7","8","2024","18","45","1","900"
"44ef4b5497139135a81c3d16cf7267a3","6881","2024-07-08T18:45:00.000","SLAUGHTER LN / LINDSHIRE LN","NORTHBOUND","LEFT TURN","false","12","5.083","4.1","23.675","42.076","7","8","2024","18","45","1","900"
"992ec931f6ec863cac8fde51205f8d72","6881","2024-07-08T18:45:00.000","SLAUGHTER LN / LINDSHIRE LN","NORTHBOUND","RIGHT TURN","false","2","0.5","0.707","4.65","6.435","7","8","2024","18","45","1","900"
"fc616e042f91be4550b037ec0391aa0c","6881","2024-07-08T18:45:00.000","SLAUGHTER LN / LINDSHIRE LN","NORTHBOUND","THRU","false","4","2.75","3.403","28.95","44.807","7","8","2024","18","45","1","900"
"79a9a11a6c249d8978098c15969c4b4d","6881","2024-07-08T18:45:00.000","SLAUGHTER LN / LINDSHIRE LN","WESTBOUND","LEFT TURN","false","4","6.0","1.414","24.375","27.079","7","8","2024","18","45","1","900"
"b4a81c1e8f1cccffc5b04fe7a1ee7199","6881","2024-07-08T18:45:00.000","SLAUGHTER LN / LINDSHIRE LN","WESTBOUND","RIGHT TURN","false","2","7.0","0.0","1.05","1.202","7","8","2024","18","45","1","900"
"9598d4792112935d4313f44907c797e3","6881","2024-07-08T18:45:00.000","SLAUGHTER LN / LINDSHIRE LN","WESTBOUND","THRU","false","157","28.369","6.27","1.91","5.187","7","8","2024","18","45","1","900"
"defb2979097f2d29a70fb791c38f0880","6881","2024-07-08T18:45:00.000","SLAUGHTER LN / LINDSHIRE LN","WESTBOUND","THRU","true","5","29.6","11.327","0.62","0.669","7","8","2024","18","45","1","900"
"e86b429c7bb7aa0511c00cc79bbecdd8","6808","2024-07-08T18:45:00.000","OLTORF ST / 4TH ST","EASTBOUND","LEFT TURN","false","3","3.667","2.517","37.233","62.421","7","8","2024","18","45","1","900"
"2c4ad2c47ea3fc5bf0eed99c129b7bcc","6808","2024-07-08T18:45:00.000","OLTORF ST / 4TH ST","EASTBOUND","RIGHT TURN","false","10","4.5","1.179","1.75","1.145","7","8","2024","18","45","1","900"
"93d91df1a98905f1ac4ab705028c9627","6808","2024-07-08T18:45:00.000","OLTORF ST / 4TH ST","EASTBOUND","THRU","false","45","18.489","27.009","13.311","35.587","7","8","2024","18","45","1","900"
"43f6376728990d06384dfa8af626ffa8","6808","2024-07-08T18:45:00.000","OLTORF ST / 4TH ST","NORTHBOUND","LEFT TURN","false","17","13.0","18.868","14.318","39.236","7","8","2024","18","45","1","900"
"26203704ca7b8bc0b45735f0bdf272ab","6808","2024-07-08T18:45:00.000","OLTORF ST / 4TH ST","NORTHBOUND","RIGHT TURN","false","9","4.222","1.986","2.956","1.619","7","8","2024","18","45","1","900"
"16cec94eca334e5d998cae388f9d68df","6808","2024-07-08T18:45:00.000","OLTORF ST / 4TH ST","NORTHBOUND","THRU","false","72","10.403","13.786","6.675","17.433","7","8","2024","18","45","1","900"
"4d1a983498f180a4e17095273edfbcb4","6808","2024-07-08T18:45:00.000","OLTORF ST / 4TH ST","SOUTHBOUND","LEFT TURN","false","21","6.333","2.834","22.524","43.935","7","8","2024","18","45","1","900"
"cb34b28df923ae1892001bce34627236","6808","2024-07-08T18:45:00.000","OLTORF ST / 4TH ST","SOUTHBOUND","RIGHT TURN","false","5","6.2","0.837","2.8","0.524","7","8","2024","18","45","1","900"
"98ef8280202a2c0587d5d337ac49ac32","6808","2024-07-08T18:45:00.000","OLTORF ST / 4TH ST","SOUTHBOUND","THRU","false","80","11.388","3.973","5.369","15.992","7","8","2024","18","45","1","900"
"96449cd0d6f90cf916e8de5d37ce8624","6808","2024-07-08T18:45:00.000","OLTORF ST / 4TH ST","SOUTHBOUND","THRU","true","1","7.0","0.0","2.1","0.0","7","8","2024","18","45","1","900"
"b9c68bc117fa9c63b3b557136840af2f","6808","2024-07-08T18:45:00.000","OLTORF ST / 4TH ST","WESTBOUND","LEFT TURN","false","14","6.286","2.4","16.5","32.865","7","8","2024","18","45","1","900"
"545c7b0e379df74c06491c1113d5142e","6808","2024-07-08T18:45:00.000","OLTORF ST / 4TH ST","WESTBOUND","RIGHT TURN","false","11","5.909","1.044","10.209","21.992","7","8","2024","18","45","1","900"
"7c4a3e109000c21ba50737851364317e","6808","2024-07-08T18:45:00.000","OLTORF ST / 4TH ST","WESTBOUND","THRU","false","47","9.234","3.016","20.238","35.07","7","8","2024","18","45","1","900"
"734f47fd727a700f4f9fc71175813ba7","6653","2024-07-08T18:30:00.000","38TH ST / MEDICAL PKWY","EASTBOUND","LEFT TURN","false","12","10.083","7.154","8.192","17.021","7","8","2024","18","30","1","900"
"4d385c2c9866e632409e1c38b0443c72","6653","2024-07-08T18:30:00.000","38TH ST / MEDICAL PKWY","EASTBOUND","LEFT TURN","true","2","9.0","2.828","0.85","1.202","7","8","2024","18","30","1","900"
"46d8b518602f30da2f45cb4e5665ed33","6653","2024-07-08T18:30:00.000","38TH ST / MEDICAL PKWY","EASTBOUND","RIGHT TURN","false","7","11.714","6.264","1.214","1.037","7","8","2024","18","30","1","900"
"fb61085273f7c25d1c0f9dc8ba6698b4","6653","2024-07-08T18:30:00.000","38TH ST / MEDICAL PKWY","EASTBOUND","THRU","false","120","21.2","7.11","13.65","25.34","7","8","2024","18","30","1","900"
"96068b562a04af0c8cec14d1ef7dd9cb","6653","2024-07-08T18:30:00.000","38TH ST / MEDICAL PKWY","EASTBOUND","THRU","true","23","16.913","7.071","18.583","26.009","7","8","2024","18","30","1","900"
"a8b2821ae9841388f78c059f814db306","6653","2024-07-08T18:30:00.000","38TH ST / MEDICAL PKWY","NORTHBOUND","LEFT TURN","false","3","9.0","7.55","32.4","52.097","7","8","2024","18","30","1","900"
"fef51f44f4e9b67e4018e90062b6c76b","6653","2024-07-08T18:30:00.000","38TH ST / MEDICAL PKWY","NORTHBOUND","LEFT TURN","true","2","6.5","0.707","62.4","88.247","7","8","2024","18","30","1","900"
"94129dead39458e0d97c8e540972dd78","6653","2024-07-08T18:30:00.000","38TH ST / MEDICAL PKWY","NORTHBOUND","RIGHT TURN","false","4","4.0","3.162","61.725","69.822","7","8","2024","18","30","1","900"
"d7f86028cb2b88dc110118b6ff1a1caf","6653","2024-07-08T18:30:00.000","38TH ST / MEDICAL PKWY","NORTHBOUND","RIGHT TURN","true","7","12.714","9.552","22.571","27.801","7","8","2024","18","30","1","900"
"cd14f80a55e24f28affe8d400a2148c5","6653","2024-07-08T18:30:00.000","38TH ST / MEDICAL PKWY","NORTHBOUND","THRU","false","5","8.2","5.263","5.54","6.584","7","8","2024","18","30","1","900"
"b4913f65c69d3bb2b0642fc8ec37799e","6653","2024-07-08T18:30:00.000","38TH ST / MEDICAL PKWY","SOUTHBOUND","LEFT TURN","false","6","12.167","4.956","19.9","34.504","7","8","2024","18","30","1","900"
"bcb9d9965ca22efd98a8c0be091afb5b","6653","2024-07-08T18:30:00.000","38TH ST / MEDICAL PKWY","SOUTHBOUND","LEFT TURN","true","1","6.0","0.0","0.3","0.0","7","8","2024","18","30","1","900"
"59e6eb1e6a172d98aebbbcf4b07cb13c","6653","2024-07-08T18:30:00.000","38TH ST / MEDICAL PKWY","SOUTHBOUND","RIGHT TURN","false","1","5.0","0.0","4.0","0.0","7","8","2024","18","30","1","900"
"b0f0a05096f95d7c92cf168f830dc509","6653","2024-07-08T18:30:00.000","38TH ST / MEDICAL PKWY","SOUTHBOUND","RIGHT TURN","true","8","11.0","3.338","10.575","10.892","7","8","2024","18","30","1","900"
"55634b070469b6c30560be094ccd7460","6653","2024-07-08T18:30:00.000","38TH ST / MEDICAL PKWY","SOUTHBOUND","THRU","false","7","14.286","8.301","44.714","37.68","7","8","2024","18","30","1","900"
"35a7597c20b0a6d3d3c215ac9711eb9e","6653","2024-07-08T18:30:00.000","38TH ST / MEDICAL PKWY","SOUTHBOUND","THRU","true","2","12.5","0.707","0.2","0.141","7","8","2024","18","30","1","900"
"d36a13012e0a190b9b938e75f6661f0a","6653","2024-07-08T18:30:00.000","38TH ST / MEDICAL PKWY","WESTBOUND","LEFT TURN","false","5","11.4","5.079","11.1","23.653","7","8","2024","18","30","1","900"
"3404812d51278d52779655c4b70f8cb3","6653","2024-07-08T18:30:00.000","38TH ST / MEDICAL PKWY","WESTBOUND","RIGHT TURN","true","4","14.0","3.559","2.525","1.457","7","8","2024","18","30","1","900"
"0db54826424742346a3b1adc6334228c","6653","2024-07-08T18:30:00.000","38TH ST / MEDICAL PKWY","WESTBOUND","THRU","false","83","23.518","9.411","6.908","18.2","7","8","2024","18","30","1","900"
"af77cc1924457324345c64b17567aab7","6653","2024-07-08T18:30:00.000","38TH ST / MEDICAL PKWY","WESTBOUND","THRU","true","35","21.686","9.661","15.114","27.873","7","8","2024","18","30","1","900"
"98e5c6090ddec9ab71d7de9e038247cc","6882","2024-07-08T18:30:00.000","AIRPORT BLVD / 51ST ST","EASTBOUND","LEFT TURN","false","10","11.9","4.677","32.03","46.144","7","8","2024","18","30","1","900"
"2c6e021d685f0048bd58e90b8aa14f33","6882","2024-07-08T18:30:00.000","AIRPORT BLVD / 51ST ST","EASTBOUND","LEFT TURN","true","1","4.0","0.0","0.0","0.0","7","8","2024","18","30","1","900"
"af7b96b9664245c2dffed08f32ac4937","6882","2024-07-08T18:30:00.000","AIRPORT BLVD / 51ST ST","EASTBOUND","RIGHT TURN","false","30","13.3","8.718","7.103","15.194","7","8","2024","18","30","1","900"
"c04a390fad09db17f038784ee25f7340","6882","2024-07-08T18:30:00.000","AIRPORT BLVD / 51ST ST","EASTBOUND","THRU","false","66","16.515","5.344","5.12","17.594","7","8","2024","18","30","1","900"
"ba8e58d370c989b3bc7e0bc6caacc27a","6882","2024-07-08T18:30:00.000","AIRPORT BLVD / 51ST ST","EASTBOUND","THRU","true","2","12.0","5.657","10.0","12.021","7","8","2024","18","30","1","900"
"61134e9d129d849f253c1f28f6174760","6882","2024-07-08T18:30:00.000","AIRPORT BLVD / 51ST ST","NORTHBOUND","LEFT TURN","false","7","7.714","2.69","16.229","36.898","7","8","2024","18","30","1","900"
"a4f7c11b3db1225d6964fd09a5fbd273","6882","2024-07-08T18:30:00.000","AIRPORT BLVD / 51ST ST","NORTHBOUND","LEFT TURN","true","2","42.5","47.376","1.35","1.768","7","8","2024","18","30","1","900"
"20b0807d0cd8cac519a61a7c1cba549d","6882","2024-07-08T18:30:00.000","AIRPORT BLVD / 51ST ST","SOUTHBOUND","RIGHT TURN","false","2","11.5","0.707","27.95","31.183","7","8","2024","18","30","1","900"
"5b33bc50479a5caa21dfa3726bb33b20","6882","2024-07-08T18:30:00.000","AIRPORT BLVD / 51ST ST","SOUTHBOUND","THRU","false","120","29.467","11.648","8.601","17.727","7","8","2024","18","30","1","900"
"bda84f0f5580d6ffcfc9c304b954c8fb","6882","2024-07-08T18:30:00.000","AIRPORT BLVD / 51ST ST","SOUTHBOUND","THRU","true","6","35.333","11.518","2.267","0.963","7","8","2024","18","30","1","900"
"3fdfeff55e076e8d60748d07ec3e3a70","6882","2024-07-08T18:30:00.000","AIRPORT BLVD / 51ST ST","WESTBOUND","LEFT TURN","false","3","4.333","2.082","0.3","0.1","7","8","2024","18","30","1","900"
"338b1fed572104637115ba3e4c035817","6882","2024-07-08T18:30:00.000","AIRPORT BLVD / 51ST ST","WESTBOUND","RIGHT TURN","false","19","4.158","4.451","1.421","1.174","7","8","2024","18","30","1","900"
"93babc11e25a9dbfe905a9d5231630e9","6882","2024-07-08T18:30:00.000","AIRPORT BLVD / 51ST ST","WESTBOUND","RIGHT TURN","true","2","2.5","3.536","1.45","0.071","7","8","2024","18","30","1","900"
"e200f2af4cd74f9ddfe11c729ac3cc2b","6882","2024-07-08T18:30:00.000","AIRPORT BLVD / 51ST ST","WESTBOUND","THRU","false","36","7.139","5.478","19.944","38.293","7","8","2024","18","30","1","900"
"8bdfb952c9ea05f0703827a7f26dc2e6","6882","2024-07-08T18:30:00.000","AIRPORT BLVD / 51ST ST","WESTBOUND","THRU","true","8","9.875","7.357","23.938","40.841","7","8","2024","18","30","1","900"
"39bbb93a3a7c30e7b86c9c25d9c4af74","7038","2024-07-08T18:30:00.000","ANDERSON LN / SHOAL CREEK BLVD","EASTBOUND","LEFT TURN","false","19","11.474","3.133","-0.053","0.229","7","8","2024","18","30","1","900"
"4da31881faa932dba41163a032f26448","7038","2024-07-08T18:30:00.000","ANDERSON LN / SHOAL CREEK BLVD","EASTBOUND","LEFT TURN","true","2","13.0","0.0","0.0","0.0","7","8","2024","18","30","1","900"
"ba2a1fded3ecf930f21ea139e3983197","7038","2024-07-08T18:30:00.000","ANDERSON LN / SHOAL CREEK BLVD","EASTBOUND","RIGHT TURN","false","29","11.931","3.07","0.0","0.0","7","8","2024","18","30","1","900"
"2d561e9468a74d2c8378ec92806d4784","7038","2024-07-08T18:30:00.000","ANDERSON LN / SHOAL CREEK BLVD","EASTBOUND","RIGHT TURN","true","1","5.0","0.0","0.0","0.0","7","8","2024","18","30","1","900"
"ccc4ebc481e9acbcae8fb6e43bb2cec9","7038","2024-07-08T18:30:00.000","ANDERSON LN / SHOAL CREEK BLVD","EASTBOUND","THRU","false","160","28.888","9.462","-0.006","0.079","7","8","2024","18","30","1","900"
"60e81a001d3c29a56be7d8068cfed74c","7038","2024-07-08T18:30:00.000","ANDERSON LN / SHOAL CREEK BLVD","EASTBOUND","THRU","true","3","18.0","14.799","0.0","0.0","7","8","2024","18","30","1","900"
"a96be7ce783fbfbd794a57319594b5fe","7038","2024-07-08T18:30:00.000","ANDERSON LN / SHOAL CREEK BLVD","EASTBOUND","U-TURN","false","1","9.0","0.0","0.0","0.0","7","8","2024","18","30","1","900"
"7941c9b48899b0fafdfaf4fa26832762","7038","2024-07-08T18:30:00.000","ANDERSON LN / SHOAL CREEK BLVD","NORTHBOUND","LEFT TURN","false","59","11.271","4.358","-0.119","0.326","7","8","2024","18","30","1","900"
"595a64f55824231ca877c18fdda086a2","7038","2024-07-08T18:30:00.000","ANDERSON LN / SHOAL CREEK BLVD","NORTHBOUND","RIGHT TURN","false","6","8.167","3.545","0.0","0.0","7","8","2024","18","30","1","900"
"5f3be941eddc4544b4885564844192f0","7038","2024-07-08T18:30:00.000","ANDERSON LN / SHOAL CREEK BLVD","NORTHBOUND","THRU","false","19","10.789","6.86","0.0","0.0","7","8","2024","18","30","1","900"
"3cba7292aa2a9969bc4f51f089aebe18","7038","2024-07-08T18:30:00.000","ANDERSON LN / SHOAL CREEK BLVD","NORTHBOUND","THRU","true","1","11.0","0.0","0.0","0.0","7","8","2024","18","30","1","900"
"de27f2f070763fa8d8f026563c9456dd","7038","2024-07-08T18:30:00.000","ANDERSON LN / SHOAL CREEK BLVD","SOUTHBOUND","LEFT TURN","false","31","11.742","4.147","0.0","0.0","7","8","2024","18","30","1","900"
"749b7d6c9441b08f22028cb95db09f41","7038","2024-07-08T18:30:00.000","ANDERSON LN / SHOAL CREEK BLVD","SOUTHBOUND","LEFT TURN","true","1","1.0","0.0","0.0","0.0","7","8","2024","18","30","1","900"
"4ffd147ce747f44b1e5337fcaf0ff02e","7038","2024-07-08T18:30:00.000","ANDERSON LN / SHOAL CREEK BLVD","SOUTHBOUND","RIGHT TURN","false","18","6.944","1.514","0.0","0.0","7","8","2024","18","30","1","900"
"84ca50054ab4dd0cbf2317abe2de501b","7038","2024-07-08T18:30:00.000","ANDERSON LN / SHOAL CREEK BLVD","SOUTHBOUND","THRU","false","19","13.368","3.531","-0.105","0.315","7","8","2024","18","30","1","900"
"48e618136261bf693659b84c14a8cc9d","7038","2024-07-08T18:30:00.000","ANDERSON LN / SHOAL CREEK BLVD","SOUTHBOUND","THRU","true","2","12.0","4.243","0.0","0.0","7","8","2024","18","30","1","900"
"56c6336fed07523f879df0a1a8488d2b","7038","2024-07-08T18:30:00.000","ANDERSON LN / SHOAL CREEK BLVD","WESTBOUND","LEFT TURN","false","6","6.833","5.947","-0.167","0.408","7","8","2024","18","30","1","900"
"fa1662ae668de1e3e97a274966b5eeb8","7038","2024-07-08T18:30:00.000","ANDERSON LN / SHOAL CREEK BLVD","WESTBOUND","THRU","false","146","20.699","6.743","-0.459","0.5","7","8","2024","18","30","1","900"
"0f3a110b16c00fea67daece8347c38cb","7038","2024-07-08T18:30:00.000","ANDERSON LN / SHOAL CREEK BLVD","WESTBOUND","THRU","true","11","14.818","5.326","-0.545","0.522","7","8","2024","18","30","1","900"
"81c41ad06626303bab44e27c264886ef","7343","2024-07-08T18:30:00.000","RIVERSIDE DR / BURTON DR","EASTBOUND","LEFT TURN","false","29","15.517","5.396","8.783","23.894","7","8","2024","18","30","1","900"
"151842703ce4d26acb0b035abab6a0f8","7343","2024-07-08T18:30:00.000","RIVERSIDE DR / BURTON DR","EASTBOUND","LEFT TURN","true","2","12.0","0.0","1.2","0.0","7","8","2024","18","30","1","900"
"fb6c4ed30eef7d69fbf8fc21c860c897","7343","2024-07-08T18:30:00.000","RIVERSIDE DR / BURTON DR","EASTBOUND","THRU","false","77","31.143","12.68","3.788","11.704","7","8","2024","18","30","1","900"
"adb050e79e944a61c976571e88f7395e","7343","2024-07-08T18:30:00.000","RIVERSIDE DR / BURTON DR","EASTBOUND","THRU","true","149","27.899","9.667","5.445","14.638","7","8","2024","18","30","1","900"
"ca114913e78dacda02de2487433a413c","7343","2024-07-08T18:30:00.000","RIVERSIDE DR / BURTON DR","EASTBOUND","U-TURN","false","1","9.0","0.0","1.3","0.0","7","8","2024","18","30","1","900"
"9fbf33c3f10eb094da2ef38667b01328","7343","2024-07-08T18:30:00.000","RIVERSIDE DR / BURTON DR","NORTHBOUND","LEFT TURN","false","3","21.667","8.505","0.733","0.666","7","8","2024","18","30","1","900"
"b6f8e8641056e1aa593c86b0435a1549","7343","2024-07-08T18:30:00.000","RIVERSIDE DR / BURTON DR","NORTHBOUND","RIGHT TURN","false","2","20.0","14.142","0.35","0.354","7","8","2024","18","30","1","900"
"7e547d230a139f459a0372816372c2c4","7343","2024-07-08T18:30:00.000","RIVERSIDE DR / BURTON DR","NORTHBOUND","RIGHT TURN","true","6","21.167","7.521","0.517","0.436","7","8","2024","18","30","1","900"
"055e6a852a2bd4c77b2661f4639e26be","7343","2024-07-08T18:30:00.000","RIVERSIDE DR / BURTON DR","NORTHBOUND","THRU","false","16","23.75","12.625","13.625","30.683","7","8","2024","18","30","1","900"
"3548061f99b7a903fb6840d0fe1ff3df","7343","2024-07-08T18:30:00.000","RIVERSIDE DR / BURTON DR","NORTHBOUND","THRU","true","10","24.4","22.834","5.88","17.142","7","8","2024","18","30","1","900"
"2621789b8f9b05e4de13ba6417e94ddc","7343","2024-07-08T18:30:00.000","RIVERSIDE DR / BURTON DR","SOUTHBOUND","LEFT TURN","false","8","18.125","6.105","30.638","56.805","7","8","2024","18","30","1","900"
"1d547ea3f5a13ab539ec8ade20700c77","7343","2024-07-08T18:30:00.000","RIVERSIDE DR / BURTON DR","SOUTHBOUND","LEFT TURN","true","3","16.333","2.517","97.633","38.386","7","8","2024","18","30","1","900"
"2c1af18031dce7d3fc92fc14109d57ac","7343","2024-07-08T18:30:00.000","RIVERSIDE DR / BURTON DR","SOUTHBOUND","RIGHT TURN","false","14","11.0","4.438","20.564","31.939","7","8","2024","18","30","1","900"
"33f2a49e657b46ed7a85bdf56d5486b8","7343","2024-07-08T18:30:00.000","RIVERSIDE DR / BURTON DR","SOUTHBOUND","RIGHT TURN","true","1","11.0","0.0","2.8","0.0","7","8","2024","18","30","1","900"
"3bc1bb8dd9635e4a7629a9392b0c2ada","7343","2024-07-08T18:30:00.000","RIVERSIDE DR / BURTON DR","SOUTHBOUND","THRU","false","12","16.75","7.325","26.658","44.313","7","8","2024","18","30","1","900"
"8f6481dc9d1810fbf980d5827f07d3c7","7343","2024-07-08T18:30:00.000","RIVERSIDE DR / BURTON DR","SOUTHBOUND","THRU","true","8","17.0","3.891","35.362","48.67","7","8","2024","18","30","1","900"
"afa6a4bc0d51839daccb6a97c9e0213f","7343","2024-07-08T18:30:00.000","RIVERSIDE DR / BURTON DR","WESTBOUND","LEFT TURN","false","19","16.053","17.238","5.305","18.804","7","8","2024","18","30","1","900"
"4c1cf552500e637e0a819e60a8051780","7343","2024-07-08T18:30:00.000","RIVERSIDE DR / BURTON DR","WESTBOUND","LEFT TURN","true","4","15.25","5.965","26.925","52.184","7","8","2024","18","30","1","900"
"3469787ac6287b66d02c78d86393eb67","7343","2024-07-08T18:30:00.000","RIVERSIDE DR / BURTON DR","WESTBOUND","RIGHT TURN","false","8","3.125","4.454","1.962","0.83","7","8","2024","18","30","1","900"
"f9a533f649cc5d97aa8aa885c959b1fd","7343","2024-07-08T18:30:00.000","RIVERSIDE DR / BURTON DR","WESTBOUND","THRU","false","115","32.53","17.184","3.93","14.54","7","8","2024","18","30","1","900"
"62f539059d60ccf5636c881a41dc3202","7343","2024-07-08T18:30:00.000","RIVERSIDE DR / BURTON DR","WESTBOUND","THRU","true","36","32.917","15.546","0.858","1.019","7","8","2024","18","30","1","900"
"22ffa81a7cc97c2831c4ac001eb63fcd","6382","2024-07-08T18:30:00.000","FM 620 RD / DEERBROOK TRL","EASTBOUND","RIGHT TURN","true","1","11.0","0.0","2.4","0.0","7","8","2024","18","30","1","900"
"bbfec1fcebc38fb7b0dd83d09aeeeb67","6382","2024-07-08T18:30:00.000","FM 620 RD / DEERBROOK TRL","EASTBOUND","THRU","false","284","34.701","11.85","1.581","3.172","7","8","2024","18","30","1","900"
"9097e5cb154e07ef2cfbee5175d41d03","6382","2024-07-08T18:30:00.000","FM 620 RD / DEERBROOK TRL","EASTBOUND","THRU","true","12","38.083","8.039","1.058","0.523","7","8","2024","18","30","1","900"
"351129a1be954681015ced32689dc04a","6382","2024-07-08T18:30:00.000","FM 620 RD / DEERBROOK TRL","NORTHBOUND","LEFT TURN","false","4","7.5","1.732","11.65","23.233","7","8","2024","18","30","1","900"
"583a8b91c824e33e259347e35d0e9359","6382","2024-07-08T18:30:00.000","FM 620 RD / DEERBROOK TRL","NORTHBOUND","RIGHT TURN","false","22","2.591","2.501","10.032","11.29","7","8","2024","18","30","1","900"
"a8c2f8b78605403da3b4413e82b6c5c3","6382","2024-07-08T18:30:00.000","FM 620 RD / DEERBROOK TRL","WESTBOUND","LEFT TURN","false","31","8.968","4.095","4.584","12.218","7","8","2024","18","30","1","900"
"3b2c37cff2f08b3ecfcfc78750347729","6382","2024-07-08T18:30:00.000","FM 620 RD / DEERBROOK TRL","WESTBOUND","THRU","false","320","34.784","7.201","0.704","0.691","7","8","2024","18","30","1","900"
"33a1ce8b2e5ab66ec7a42e8dfff29d7f","6382","2024-07-08T18:30:00.000","FM 620 RD / DEERBROOK TRL","WESTBOUND","THRU","true","12","38.0","10.574","0.667","0.523","7","8","2024","18","30","1","900"
"7f66e03db67f8040cc30753afd1904d2","6881","2024-07-08T18:30:00.000","SLAUGHTER LN / LINDSHIRE LN","EASTBOUND","RIGHT TURN","false","12","12.667","6.998","2.933","1.107","7","8","2024","18","30","1","900"
"a0ba4cafe8dc8d546cb924dbfbc97096","6881","2024-07-08T18:30:00.000","SLAUGHTER LN / LINDSHIRE LN","EASTBOUND","THRU","false","274","30.285","9.465","1.298","1.222","7","8","2024","18","30","1","900"
"1185d62773842d2244f47e1abe9becd6","6881","2024-07-08T18:30:00.000","SLAUGHTER LN / LINDSHIRE LN","EASTBOUND","THRU","true","2","31.5","0.707","1.05","1.485","7","8","2024","18","30","1","900"
"3b728b040b4ca94e053059b39474dc98","6881","2024-07-08T18:30:00.000","SLAUGHTER LN / LINDSHIRE LN","NORTHBOUND","LEFT TURN","false","23","8.391","4.85","9.248","28.442","7","8","2024","18","30","1","900"
"f1011cf85359f8cab2ae16b5237f2c86","6881","2024-07-08T18:30:00.000","SLAUGHTER LN / LINDSHIRE LN","NORTHBOUND","RIGHT TURN","false","4","4.75","3.775","1.65","2.108","7","8","2024","18","30","1","900"
"54ae9da623dae3fcfb1afb4a8c019616","6881","2024-07-08T18:30:00.000","SLAUGHTER LN / LINDSHIRE LN","NORTHBOUND","RIGHT TURN","true","1","1.0","0.0","4.3","0.0","7","8","2024","18","30","1","900"
"db5566c35eec80a45350ffd11c92d3c8","6881","2024-07-08T18:30:00.000","SLAUGHTER LN / LINDSHIRE LN","NORTHBOUND","THRU","false","1","6.0","0.0","0.7","0.0","7","8","2024","18","30","1","900"
"f2617fdbbb38330477bc4ddbaceffd8f","6881","2024-07-08T18:30:00.000","SLAUGHTER LN / LINDSHIRE LN","SOUTHBOUND","LEFT TURN","false","2","9.0","2.828","1.4","1.697","7","8","2024","18","30","1","900"
"b5cd06a8a01ae137616d7dbdb3424331","6881","2024-07-08T18:30:00.000","SLAUGHTER LN / LINDSHIRE LN","WESTBOUND","LEFT TURN","false","6","7.167","0.983","57.45","36.687","7","8","2024","18","30","1","900"
"833650916cc50d6358d664948b84bdf8","6881","2024-07-08T18:30:00.000","SLAUGHTER LN / LINDSHIRE LN","WESTBOUND","RIGHT TURN","false","2","6.0","2.828","2.1","2.687","7","8","2024","18","30","1","900"
"6e46240a245237aff58a651e42894bda","6881","2024-07-08T18:30:00.000","SLAUGHTER LN / LINDSHIRE LN","WESTBOUND","THRU","false","172","28.965","6.471","1.391","1.52","7","8","2024","18","30","1","900"
"8e4abdb47e24a962e41cc3c128744f37","6881","2024-07-08T18:30:00.000","SLAUGHTER LN / LINDSHIRE LN","WESTBOUND","THRU","true","6","29.333","3.983","1.083","0.736","7","8","2024","18","30","1","900"
"fb5410803347ad4cb77e0f12861bcf12","6808","2024-07-08T18:30:00.000","OLTORF ST / 4TH ST","EASTBOUND","LEFT TURN","false","11","7.545","10.652","8.682","24.762","7","8","2024","18","30","1","900"
"23cb12cdf0b43b1fc3a9be47c09fdfcc","6808","2024-07-08T18:30:00.000","OLTORF ST / 4TH ST","EASTBOUND","RIGHT TURN","false","14","14.214","18.082","1.35","0.684","7","8","2024","18","30","1","900"
"3ebfdb2f71724ee34b5f65311ca49f87","6808","2024-07-08T18:30:00.000","OLTORF ST / 4TH ST","EASTBOUND","RIGHT TURN","true","1","5.0","0.0","2.8","0.0","7","8","2024","18","30","1","900"
"e95961e37f370cab2c028477de8c6526","6808","2024-07-08T18:30:00.000","OLTORF ST / 4TH ST","EASTBOUND","THRU","false","58","8.672","10.949","8.026","25.543","7","8","2024","18","30","1","900"
"0f6dddf0631d013a758d7973c7d50f62","6808","2024-07-08T18:30:00.000","OLTORF ST / 4TH ST","EASTBOUND","THRU","true","1","6.0","0.0","2.7","0.0","7","8","2024","18","30","1","900"
"02531978affc7acb21404a1ef0809c1a","6808","2024-07-08T18:30:00.000","OLTORF ST / 4TH ST","NORTHBOUND","LEFT TURN","false","13","9.077","10.079","12.146","29.63","7","8","2024","18","30","1","900"
"2a942ed56dc368ef033fdd8312fd192a","6808","2024-07-08T18:30:00.000","OLTORF ST / 4TH ST","NORTHBOUND","RIGHT TURN","false","7","7.143","7.221","9.643","18.497","7","8","2024","18","30","1","900"
"791d63e94165ad23942f1e22194d3c55","6808","2024-07-08T18:30:00.000","OLTORF ST / 4TH ST","NORTHBOUND","THRU","false","53","8.811","8.325","6.681","19.663","7","8","2024","18","30","1","900"
"fc178d23c56db9eedf7595c75ac57d39","6808","2024-07-08T18:30:00.000","OLTORF ST / 4TH ST","SOUTHBOUND","LEFT TURN","false","19","7.789","3.19","2.926","6.436","7","8","2024","18","30","1","900"
"4ca23f15c51848bae45e6ac641ccdea0","6808","2024-07-08T18:30:00.000","OLTORF ST / 4TH ST","SOUTHBOUND","RIGHT TURN","false","6","6.333","0.816","11.417","22.15","7","8","2024","18","30","1","900"
"50729251f547d2ba4a510d29b65fc0c3","6808","2024-07-08T18:30:00.000","OLTORF ST / 4TH ST","SOUTHBOUND","THRU","false","83","12.699","4.242","3.084","9.878","7","8","2024","18","30","1","900"
"8e2039c06323f0805c4224d742361422","6808","2024-07-08T18:30:00.000","OLTORF ST / 4TH ST","SOUTHBOUND","THRU","true","1","8.0","0.0","14.6","0.0","7","8","2024","18","30","1","900"
"b4ab2c69db412c290a1470dcdf4d8d99","6808","2024-07-08T18:30:00.000","OLTORF ST / 4TH ST","WESTBOUND","LEFT TURN","false","10","9.0","6.11","1.23","1.141","7","8","2024","18","30","1","900"
"63257dc9a5300b15c01eae5081ffa8b3","6808","2024-07-08T18:30:00.000","OLTORF ST / 4TH ST","WESTBOUND","RIGHT TURN","false","13","6.231","1.092","13.054","32.363","7","8","2024","18","30","1","900"
"4f20f1f57d55b413fefb334e2691c95b","6808","2024-07-08T18:30:00.000","OLTORF ST / 4TH ST","WESTBOUND","THRU","false","58","8.569","2.549","17.016","34.128","7","8","2024","18","30","1","900"
"8963843785482849e284f71c9a209e63","6653","2024-07-08T18:15:00.000","38TH ST / MEDICAL PKWY","EASTBOUND","LEFT TURN","false","10","18.4","20.802","4.93","9.467","7","8","2024","18","15","1","900"
"43aaa1913919a069181999fed2678914","6653","2024-07-08T18:15:00.000","38TH ST / MEDICAL PKWY","EASTBOUND","LEFT TURN","true","5","11.2","3.271","27.46","26.817","7","8","2024","18","15","1","900"
"e4236d1ad72b26006ef606221a615a1e","6653","2024-07-08T18:15:00.000","38TH ST / MEDICAL PKWY","EASTBOUND","RIGHT TURN","false","5","13.4","1.817","1.7","1.856","7","8","2024","18","15","1","900"
"9ccb5752e35f202ab143a7d9fa0d9bac","6653","2024-07-08T18:15:00.000","38TH ST / MEDICAL PKWY","EASTBOUND","THRU","false","114","18.956","7.196","14.343","27.882","7","8","2024","18","15","1","900"
"99f927625b3da3e59a15dfaced51ce1f","6653","2024-07-08T18:15:00.000","38TH ST / MEDICAL PKWY","EASTBOUND","THRU","true","30","17.267","6.533","20.49","27.007","7","8","2024","18","15","1","900"
"c3107da5fe40e799f005bb03486d9116","6653","2024-07-08T18:15:00.000","38TH ST / MEDICAL PKWY","NORTHBOUND","LEFT TURN","false","7","14.714","7.181","14.457","31.642","7","8","2024","18","15","1","900"
"25116369b36bf59774bb60ccd7ead4f8","6653","2024-07-08T18:15:00.000","38TH ST / MEDICAL PKWY","NORTHBOUND","LEFT TURN","true","1","9.0","0.0","93.0","0.0","7","8","2024","18","15","1","900"
"f5a32818019af949e71743b62885b2e0","6653","2024-07-08T18:15:00.000","38TH ST / MEDICAL PKWY","NORTHBOUND","RIGHT TURN","false","14","7.929","5.65","6.243","5.729","7","8","2024","18","15","1","900"
"3197c5a844fdea8488d4b3617aa8b504","6653","2024-07-08T18:15:00.000","38TH ST / MEDICAL PKWY","NORTHBOUND","RIGHT TURN","true","6","8.333","5.989","11.767","12.231","7","8","2024","18","15","1","900"
"a0d3a6eafaa550099254b4602941e53f","6653","2024-07-08T18:15:00.000","38TH ST / MEDICAL PKWY","NORTHBOUND","THRU","false","13","12.231","8.136","11.308","18.46","7","8","2024","18","15","1","900"
"4da01823b41d59f973804d00467d99fd","6653","2024-07-08T18:15:00.000","38TH ST / MEDICAL PKWY","SOUTHBOUND","LEFT TURN","false","9","14.333","5.074","29.244","36.723","7","8","2024","18","15","1","900"
"7f9bc39e526d1fabc1658463dec21e00","6653","2024-07-08T18:15:00.000","38TH ST / MEDICAL PKWY","SOUTHBOUND","RIGHT TURN","false","2","11.0","1.414","34.75","42.497","7","8","2024","18","15","1","900"
"97747af4079fc3f135664480f2738f3e","6653","2024-07-08T18:15:00.000","38TH ST / MEDICAL PKWY","SOUTHBOUND","RIGHT TURN","true","3","9.0","6.557","8.6","5.604","7","8","2024","18","15","1","900"
"83ef7f8a937c516e7bafc64a27ee0ff0","6653","2024-07-08T18:15:00.000","38TH ST / MEDICAL PKWY","SOUTHBOUND","THRU","false","4","11.0","1.826","29.625","30.493","7","8","2024","18","15","1","900"
"4ab268e1aa25e3d62a47185e20592ff3","6653","2024-07-08T18:15:00.000","38TH ST / MEDICAL PKWY","WESTBOUND","LEFT TURN","false","9","6.111","12.252","12.178","18.219","7","8","2024","18","15","1","900"
"8fe73fa21a071e6e650b622f3e6935ff","6653","2024-07-08T18:15:00.000","38TH ST / MEDICAL PKWY","WESTBOUND","RIGHT TURN","false","2","13.5","2.121","2.1","0.566","7","8","2024","18","15","1","900"
"cf56378e44b806ffed9ba9f7bd8994e7","6653","2024-07-08T18:15:00.000","38TH ST / MEDICAL PKWY","WESTBOUND","RIGHT TURN","true","6","12.333","1.751","2.4","1.77","7","8","2024","18","15","1","900"
"a0a31ac79154faa885db83a31caf81ec","6653","2024-07-08T18:15:00.000","38TH ST / MEDICAL PKWY","WESTBOUND","THRU","false","75","23.44","8.847","6.339","15.599","7","8","2024","18","15","1","900"
"5f1d8d1947208d3312da4b99097df95e","6653","2024-07-08T18:15:00.000","38TH ST / MEDICAL PKWY","WESTBOUND","THRU","true","54","25.13","9.043","5.696","16.842","7","8","2024","18","15","1","900"
"280c39a301cb0fe981a751cfc71def18","6882","2024-07-08T18:15:00.000","AIRPORT BLVD / 51ST ST","EASTBOUND","LEFT TURN","false","10","7.9","4.909","17.74","38.443","7","8","2024","18","15","1","900"
"99dcecaddc628fc479578ee21974da00","6882","2024-07-08T18:15:00.000","AIRPORT BLVD / 51ST ST","EASTBOUND","RIGHT TURN","false","21","9.381","6.399","9.29","18.053","7","8","2024","18","15","1","900"
"019bd6ac53aeabbdb965aa9d7b7bd2fe","6882","2024-07-08T18:15:00.000","AIRPORT BLVD / 51ST ST","EASTBOUND","RIGHT TURN","true","3","9.333","8.327","6.867","8.182","7","8","2024","18","15","1","900"
"e2b7decbab0135b805a4abfe09e567c1","6882","2024-07-08T18:15:00.000","AIRPORT BLVD / 51ST ST","EASTBOUND","THRU","false","68","13.574","5.607","2.978","6.33","7","8","2024","18","15","1","900"
"0fd09093b6c33a28f5bb4b079be333a8","6882","2024-07-08T18:15:00.000","AIRPORT BLVD / 51ST ST","EASTBOUND","THRU","true","8","14.75","4.833","1.35","1.398","7","8","2024","18","15","1","900"
"9fabb69b238e515a070ef8db5ef429a5","6882","2024-07-08T18:15:00.000","AIRPORT BLVD / 51ST ST","NORTHBOUND","LEFT TURN","false","11","6.455","4.525","21.918","44.091","7","8","2024","18","15","1","900"
"d015524ffa012140d54dcf1753c3a1d3","6882","2024-07-08T18:15:00.000","AIRPORT BLVD / 51ST ST","NORTHBOUND","LEFT TURN","true","6","8.667","4.082","1.8","1.176","7","8","2024","18","15","1","900"
"6d55b97d280dcc6f56d58e59e9fd69b4","6882","2024-07-08T18:15:00.000","AIRPORT BLVD / 51ST ST","NORTHBOUND","RIGHT TURN","false","1","8.0","0.0","9.7","0.0","7","8","2024","18","15","1","900"
"bd56d13d79660ec9e93745f8d9f2cfb2","6882","2024-07-08T18:15:00.000","AIRPORT BLVD / 51ST ST","NORTHBOUND","THRU","true","1","12.0","0.0","0.0","0.0","7","8","2024","18","15","1","900"
"857da3dc4830e649d276bfce7432a880","6882","2024-07-08T18:15:00.000","AIRPORT BLVD / 51ST ST","SOUTHBOUND","RIGHT TURN","false","4","10.25","3.304","45.1","48.506","7","8","2024","18","15","1","900"
"7248fd638fcfeebc829d3e80f1efeae2","6882","2024-07-08T18:15:00.000","AIRPORT BLVD / 51ST ST","SOUTHBOUND","THRU","false","98","29.429","13.365","14.072","29.071","7","8","2024","18","15","1","900"
"efc9d7d6942db09fdc41d946046019dc","6882","2024-07-08T18:15:00.000","AIRPORT BLVD / 51ST ST","SOUTHBOUND","THRU","true","5","31.8","16.27","17.42","36.107","7","8","2024","18","15","1","900"
"2177c403c63088876874efd1d8fe8305","6882","2024-07-08T18:15:00.000","AIRPORT BLVD / 51ST ST","WESTBOUND","LEFT TURN","false","5","5.8","4.207","19.04","39.919","7","8","2024","18","15","1","900"
"9eac9ee25e92117fe587b25f00a97187","6882","2024-07-08T18:15:00.000","AIRPORT BLVD / 51ST ST","WESTBOUND","LEFT TURN","true","1","4.0","0.0","1.6","0.0","7","8","2024","18","15","1","900"
"45fee1937205cad3b6f603726ad32a75","6882","2024-07-08T18:15:00.000","AIRPORT BLVD / 51ST ST","WESTBOUND","RIGHT TURN","false","12","2.5","1.732","10.458","24.478","7","8","2024","18","15","1","900"
"6bfb59d0aed3b2daf43de73b999212e4","6882","2024-07-08T18:15:00.000","AIRPORT BLVD / 51ST ST","WESTBOUND","THRU","false","27","6.741","4.443","25.585","59.452","7","8","2024","18","15","1","900"
"abe74cf6bb2a2692b65dd55a83ad1002","6882","2024-07-08T18:15:00.000","AIRPORT BLVD / 51ST ST","WESTBOUND","THRU","true","3","4.667","5.033","14.967","25.057","7","8","2024","18","15","1","900"
"7b972e0a6768330c2177836bfbcdd36f","7038","2024-07-08T18:15:00.000","ANDERSON LN / SHOAL CREEK BLVD","EASTBOUND","LEFT TURN","false","10","11.3","2.003","0.0","0.0","7","8","2024","18","15","1","900"
"90b4173ec9be9a140cd50c173a55fec9","7038","2024-07-08T18:15:00.000","ANDERSON LN / SHOAL CREEK BLVD","EASTBOUND","RIGHT TURN","false","19","12.895","2.644","0.0","0.0","7","8","2024","18","15","1","900"
"dcce33c54f2309b61e1f31fed154c6f2","7038","2024-07-08T18:15:00.000","ANDERSON LN / SHOAL CREEK BLVD","EASTBOUND","RIGHT TURN","true","3","13.667","1.155","0.0","0.0","7","8","2024","18","15","1","900"
"0dd3358d94fdb691c1c61a8ffc65b277","7038","2024-07-08T18:15:00.000","ANDERSON LN / SHOAL CREEK BLVD","EASTBOUND","THRU","false","190","28.837","9.521","-0.005","0.073","7","8","2024","18","15","1","900"
"3a1370a111ba68916d89954cfcfbf5cf","7038","2024-07-08T18:15:00.000","ANDERSON LN / SHOAL CREEK BLVD","EASTBOUND","THRU","true","3","7.333","6.028","0.0","0.0","7","8","2024","18","15","1","900"
"71293d5b5d0017cc1514042088058b7a","7038","2024-07-08T18:15:00.000","ANDERSON LN / SHOAL CREEK BLVD","NORTHBOUND","LEFT TURN","false","49","12.0","4.364","-0.163","0.373","7","8","2024","18","15","1","900"
"26baa2958d4705851b0069cc0621d46e","7038","2024-07-08T18:15:00.000","ANDERSON LN / SHOAL CREEK BLVD","NORTHBOUND","LEFT TURN","true","1","7.0","0.0","0.0","0.0","7","8","2024","18","15","1","900"
"459d57a43fd1d6c32fa37d9f0b9f4a19","7038","2024-07-08T18:15:00.000","ANDERSON LN / SHOAL CREEK BLVD","NORTHBOUND","RIGHT TURN","false","7","18.429","28.763","0.0","0.0","7","8","2024","18","15","1","900"
"7718ef0dcbd365c5f01ac8030585b3aa","7038","2024-07-08T18:15:00.000","ANDERSON LN / SHOAL CREEK BLVD","NORTHBOUND","THRU","false","15","11.467","6.232","0.0","0.0","7","8","2024","18","15","1","900"
"47c6a154e328fe0dfebb7968a6fa16e2","7038","2024-07-08T18:15:00.000","ANDERSON LN / SHOAL CREEK BLVD","SOUTHBOUND","LEFT TURN","false","24","10.208","3.623","-0.083","0.282","7","8","2024","18","15","1","900"
"df25bd89d79e4917363ad4215de10bb6","7038","2024-07-08T18:15:00.000","ANDERSON LN / SHOAL CREEK BLVD","SOUTHBOUND","RIGHT TURN","false","15","6.267","3.081","0.0","0.0","7","8","2024","18","15","1","900"
"8304492a115f501820eefddaf969c8fb","7038","2024-07-08T18:15:00.000","ANDERSON LN / SHOAL CREEK BLVD","SOUTHBOUND","THRU","false","18","12.333","3.773","-0.167","0.383","7","8","2024","18","15","1","900"
"90824f25578d7175472be3fcd2ad20a5","7038","2024-07-08T18:15:00.000","ANDERSON LN / SHOAL CREEK BLVD","SOUTHBOUND","THRU","true","1","13.0","0.0","0.0","0.0","7","8","2024","18","15","1","900"
"3be402d760c6e32e951aef4761eeb112","7038","2024-07-08T18:15:00.000","ANDERSON LN / SHOAL CREEK BLVD","WESTBOUND","LEFT TURN","false","11","6.818","6.585","-0.273","0.467","7","8","2024","18","15","1","900"
"ce672d4b30fc95dc5adc2bf91ad10dc2","7038","2024-07-08T18:15:00.000","ANDERSON LN / SHOAL CREEK BLVD","WESTBOUND","THRU","false","162","20.574","7.475","-0.543","0.5","7","8","2024","18","15","1","900"
"31c143916586f62391b0e60b2cd97144","7038","2024-07-08T18:15:00.000","ANDERSON LN / SHOAL CREEK BLVD","WESTBOUND","THRU","true","12","16.5","5.502","-0.583","0.515","7","8","2024","18","15","1","900"
"3ebac6aa8c18a934d72ce5d0b105c573","7343","2024-07-08T18:15:00.000","RIVERSIDE DR / BURTON DR","EASTBOUND","LEFT TURN","false","20","15.0","1.947","11.76","17.32","7","8","2024","18","15","1","900"
"9781590f27eea2d6d45903ff7aa07039","7343","2024-07-08T18:15:00.000","RIVERSIDE DR / BURTON DR","EASTBOUND","LEFT TURN","true","1","18.0","0.0","2.9","0.0","7","8","2024","18","15","1","900"
"c4a807eb5ace5242881ace89c2fe80e5","7343","2024-07-08T18:15:00.000","RIVERSIDE DR / BURTON DR","EASTBOUND","THRU","false","99","32.03","10.955","4.468","13.78","7","8","2024","18","15","1","900"
"de48ac57ab49466646deca285e6ef614","7343","2024-07-08T18:15:00.000","RIVERSIDE DR / BURTON DR","EASTBOUND","THRU","true","207","31.0","11.104","3.611","10.909","7","8","2024","18","15","1","900"
"c7ca57c1e597600e997fa752ebaac977","7343","2024-07-08T18:15:00.000","RIVERSIDE DR / BURTON DR","EASTBOUND","U-TURN","false","1","12.0","0.0","2.2","0.0","7","8","2024","18","15","1","900"
"82e9a52fb7877326f5aa86cebc525db1","7343","2024-07-08T18:15:00.000","RIVERSIDE DR / BURTON DR","EASTBOUND","U-TURN","true","1","10.0","0.0","2.9","0.0","7","8","2024","18","15","1","900"
"638491e5ded78eefa26eaf60b3ada9dd","7343","2024-07-08T18:15:00.000","RIVERSIDE DR / BURTON DR","NORTHBOUND","LEFT TURN","false","12","34.75","16.41","27.517","47.172","7","8","2024","18","15","1","900"
"6cc6396aefcaee2a53298a3f1c7eb866","7343","2024-07-08T18:15:00.000","RIVERSIDE DR / BURTON DR","NORTHBOUND","LEFT TURN","true","1","24.0","0.0","0.1","0.0","7","8","2024","18","15","1","900"
"6911e11f442679ce142188300738d701","7343","2024-07-08T18:15:00.000","RIVERSIDE DR / BURTON DR","NORTHBOUND","RIGHT TURN","false","3","15.0","5.292","1.5","2.339","7","8","2024","18","15","1","900"
"205c27cf9823aa97ee259d8449e7ba1c","7343","2024-07-08T18:15:00.000","RIVERSIDE DR / BURTON DR","NORTHBOUND","RIGHT TURN","true","2","23.0","14.142","1.55","2.051","7","8","2024","18","15","1","900"
"dcc56b929a1d1171f29a739da6e5f511","7343","2024-07-08T18:15:00.000","RIVERSIDE DR / BURTON DR","NORTHBOUND","THRU","false","14","23.571","14.506","1.086","1.103","7","8","2024","18","15","1","900"
"e688ff928cb1b3c32e4865211f90195b","7343","2024-07-08T18:15:00.000","RIVERSIDE DR / BURTON DR","NORTHBOUND","THRU","true","5","31.6","5.899","0.22","0.217","7","8","2024","18","15","1","900"
"ad7f3089e2f27dc4370af2f2a7c1fc56","7343","2024-07-08T18:15:00.000","RIVERSIDE DR / BURTON DR","SOUTHBOUND","LEFT TURN","false","10","17.4","4.904","17.29","39.115","7","8","2024","18","15","1","900"
"2a221610b0edaa8e7cf5f1f5446e2f08","7343","2024-07-08T18:15:00.000","RIVERSIDE DR / BURTON DR","SOUTHBOUND","LEFT TURN","true","6","17.167","3.43","50.1","65.237","7","8","2024","18","15","1","900"
"9b2764e9391b794b394af134bed47991","7343","2024-07-08T18:15:00.000","RIVERSIDE DR / BURTON DR","SOUTHBOUND","RIGHT TURN","false","9","10.111","1.764","28.0","44.477","7","8","2024","18","15","1","900"
"bbb84b0a0098899073972bed2ad7f88a","7343","2024-07-08T18:15:00.000","RIVERSIDE DR / BURTON DR","SOUTHBOUND","RIGHT TURN","true","1","12.0","0.0","3.4","0.0","7","8","2024","18","15","1","900"
"cbfc86e62a8dee38cd741b514520bdd5","7343","2024-07-08T18:15:00.000","RIVERSIDE DR / BURTON DR","SOUTHBOUND","THRU","false","8","17.75","5.497","33.638","47.829","7","8","2024","18","15","1","900"
"51f2de5f1c8503e3eec2f00833295e94","7343","2024-07-08T18:15:00.000","RIVERSIDE DR / BURTON DR","SOUTHBOUND","THRU","true","13","16.923","5.188","38.746","55.484","7","8","2024","18","15","1","900"
"cd6a20059d2dcd5d25d201fad392b8f5","7343","2024-07-08T18:15:00.000","RIVERSIDE DR / BURTON DR","WESTBOUND","LEFT TURN","false","16","20.25","17.322","0.862","0.874","7","8","2024","18","15","1","900"
"6468fd31361d4e593e9b052e5d2efc69","7343","2024-07-08T18:15:00.000","RIVERSIDE DR / BURTON DR","WESTBOUND","LEFT TURN","true","2","13.0","1.414","1.3","0.849","7","8","2024","18","15","1","900"
"4f477b56c5af10a5a147f2a38dde8772","7343","2024-07-08T18:15:00.000","RIVERSIDE DR / BURTON DR","WESTBOUND","RIGHT TURN","false","8","16.375","32.058","3.862","4.254","7","8","2024","18","15","1","900"
"d6704d786c6e55703399541cb7094560","7343","2024-07-08T18:15:00.000","RIVERSIDE DR / BURTON DR","WESTBOUND","THRU","false","147","37.279","20.059","3.541","12.485","7","8","2024","18","15","1","900"
"29a8db77040825aa597c275edd70ff03","7343","2024-07-08T18:15:00.000","RIVERSIDE DR / BURTON DR","WESTBOUND","THRU","true","33","44.424","21.774","0.924","0.834","7","8","2024","18","15","1","900"
"602b7a7a4dd81f4010e1bcb06bfd8f2d","6382","2024-07-08T18:15:00.000","FM 620 RD / DEERBROOK TRL","EASTBOUND","RIGHT TURN","false","2","13.5","3.536","1.45","0.636","7","8","2024","18","15","1","900"
"485f4106417c566e3cd99573326e43f1","6382","2024-07-08T18:15:00.000","FM 620 RD / DEERBROOK TRL","EASTBOUND","THRU","false","331","35.477","13.39","1.673","3.91","7","8","2024","18","15","1","900"
"b4c3e7735af6e3051b122f43dba6e7f9","6382","2024-07-08T18:15:00.000","FM 620 RD / DEERBROOK TRL","EASTBOUND","THRU","true","4","40.25","6.702","1.025","0.486","7","8","2024","18","15","1","900"
"ba7ec0ee006903c711e04ea942b09c2c","6382","2024-07-08T18:15:00.000","FM 620 RD / DEERBROOK TRL","EASTBOUND","U-TURN","true","1","17.0","0.0","0.1","0.0","7","8","2024","18","15","1","900"
"aa480b646d39a6ee59043f69ff1fc5bb","6382","2024-07-08T18:15:00.000","FM 620 RD / DEERBROOK TRL","NORTHBOUND","LEFT TURN","false","5","8.4","4.037","0.56","0.856","7","8","2024","18","15","1","900"
"7c7a1bb2b8549b9d02f292c0ad97d9b4","6382","2024-07-08T18:15:00.000","FM 620 RD / DEERBROOK TRL","NORTHBOUND","RIGHT TURN","false","15","3.133","2.642","19.473","23.292","7","8","2024","18","15","1","900"
"3444dc5044fb99ed0f4c88e1a73e7ab9","6382","2024-07-08T18:15:00.000","FM 620 RD / DEERBROOK TRL","NORTHBOUND","THRU","false","2","9.5","2.121","14.6","12.021","7","8","2024","18","15","1","900"
"1983e9267265dd3a813301cfa2921420","6382","2024-07-08T18:15:00.000","FM 620 RD / DEERBROOK TRL","WESTBOUND","LEFT TURN","false","30","9.067","4.487","6.837","14.69","7","8","2024","18","15","1","900"
"0c6e8f52b35b98b2380e5705815a0722","6382","2024-07-08T18:15:00.000","FM 620 RD / DEERBROOK TRL","WESTBOUND","THRU","false","328","31.701","8.409","0.963","2.202","7","8","2024","18","15","1","900"
"83a0766cf02bcf4e2b072a94243119ec","6382","2024-07-08T18:15:00.000","FM 620 RD / DEERBROOK TRL","WESTBOUND","THRU","true","12","32.083","9.414","0.5","0.677","7","8","2024","18","15","1","900"
"37bf3a6c4eec94977fdb3d547250ebd5","6881","2024-07-08T18:15:00.000","SLAUGHTER LN / LINDSHIRE LN","EASTBOUND","RIGHT TURN","false","8","13.75","6.364","2.688","1.776","7","8","2024","18","15","1","900"
"ea77d65aba33c2382888365c90732dea","6881","2024-07-08T18:15:00.000","SLAUGHTER LN / LINDSHIRE LN","EASTBOUND","THRU","false","298","29.51","9.437","1.551","2.519","7","8","2024","18","15","1","900"
"392a49c32edfd297c6d47226e5a198fa","6881","2024-07-08T18:15:00.000","SLAUGHTER LN / LINDSHIRE LN","EASTBOUND","THRU","true","1","36.0","0.0","1.8","0.0","7","8","2024","18","15","1","900"
"85d1e1478436dbb38566d8b8bd842277","6881","2024-07-08T18:15:00.000","SLAUGHTER LN / LINDSHIRE LN","NORTHBOUND","LEFT TURN","false","22","7.455","4.867","0.486","0.918","7","8","2024","18","15","1","900"
"de6a68388073be2e7df3084804d0f48a","6881","2024-07-08T18:15:00.000","SLAUGHTER LN / LINDSHIRE LN","NORTHBOUND","LEFT TURN","true","1","5.0","0.0","0.7","0.0","7","8","2024","18","15","1","900"
"69d60883d850b2b56678938d2c29cfaa","6881","2024-07-08T18:15:00.000","SLAUGHTER LN / LINDSHIRE LN","NORTHBOUND","RIGHT TURN","false","4","0.5","0.577","0.1","0.0","7","8","2024","18","15","1","900"
"13b711b1f347fc0c7fa943b7baf76f93","6881","2024-07-08T18:15:00.000","SLAUGHTER LN / LINDSHIRE LN","NORTHBOUND","THRU","false","2","3.0","4.243","0.15","0.071","7","8","2024","18","15","1","900"
"a6b8e48325580db984024a56c52e397d","6881","2024-07-08T18:15:00.000","SLAUGHTER LN / LINDSHIRE LN","WESTBOUND","LEFT TURN","false","9","7.778","1.986","27.389","26.213","7","8","2024","18","15","1","900"
"b39e95655437d16121ab39add7f7db1e","6881","2024-07-08T18:15:00.000","SLAUGHTER LN / LINDSHIRE LN","WESTBOUND","THRU","false","206","29.121","6.585","1.285","1.606","7","8","2024","18","15","1","900"
"978758015712d69c3de606fe7b3d8446","6881","2024-07-08T18:15:00.000","SLAUGHTER LN / LINDSHIRE LN","WESTBOUND","THRU","true","3","22.333","10.599","0.933","0.902","7","8","2024","18","15","1","900"
"55f2a35863d21248354e9d3a68f3712f","6808","2024-07-08T18:15:00.000","OLTORF ST / 4TH ST","EASTBOUND","LEFT TURN","false","10","7.2","11.39","24.56","49.028","7","8","2024","18","15","1","900"
"503856d7c67f94965a805f392e9cba09","6808","2024-07-08T18:15:00.000","OLTORF ST / 4TH ST","EASTBOUND","RIGHT TURN","false","10","10.9","18.357","1.1","1.015","7","8","2024","18","15","1","900"
"5b7824d4aa2a969a4c2309a87276d380","6808","2024-07-08T18:15:00.000","OLTORF ST / 4TH ST","EASTBOUND","THRU","false","44","8.932","6.443","10.623","31.656","7","8","2024","18","15","1","900"
"aa91c75b8f9679629f8735259e79e1f6","6808","2024-07-08T18:15:00.000","OLTORF ST / 4TH ST","EASTBOUND","THRU","true","2","7.0","2.828","1.15","1.485","7","8","2024","18","15","1","900"
"0bd9c546636f41213088e04f3303dd32","6808","2024-07-08T18:15:00.000","OLTORF ST / 4TH ST","NORTHBOUND","LEFT TURN","false","18","7.5","6.793","13.706","30.227","7","8","2024","18","15","1","900"
"4d87e0cc10a56c4f6eb433f65ba1b675","6808","2024-07-08T18:15:00.000","OLTORF ST / 4TH ST","NORTHBOUND","RIGHT TURN","false","5","4.8","1.643","2.36","1.754","7","8","2024","18","15","1","900"
"21fae36c985303962b818d4ac0d8831e","6808","2024-07-08T18:15:00.000","OLTORF ST / 4TH ST","NORTHBOUND","THRU","false","46","10.957","19.986","6.115","16.788","7","8","2024","18","15","1","900"
"e736f28efe8bd6d38ad5c299bdf48068","6808","2024-07-08T18:15:00.000","OLTORF ST / 4TH ST","NORTHBOUND","THRU","true","2","8.0","1.414","0.25","0.212","7","8","2024","18","15","1","900"
"6743379881f8d9bd2a94a9114f6e996f","6808","2024-07-08T18:15:00.000","OLTORF ST / 4TH ST","SOUTHBOUND","LEFT TURN","false","17","6.941","2.076","15.806","34.389","7","8","2024","18","15","1","900"
"3627a3adb446df9bdd78b12d6f1c828f","6808","2024-07-08T18:15:00.000","OLTORF ST / 4TH ST","SOUTHBOUND","RIGHT TURN","false","5","5.4","0.548","23.0","30.661","7","8","2024","18","15","1","900"
"fd2a229419d13b13ced7109a33c06ac3","6808","2024-07-08T18:15:00.000","OLTORF ST / 4TH ST","SOUTHBOUND","THRU","false","83","12.47","10.229","6.206","15.29","7","8","2024","18","15","1","900"
"600fe43ce90ec9116cc9139b859a358b","6808","2024-07-08T18:15:00.000","OLTORF ST / 4TH ST","SOUTHBOUND","THRU","true","1","6.0","0.0","0.6","0.0","7","8","2024","18","15","1","900"
"ade5cff93ae0f27ddfaafdda49852040","6808","2024-07-08T18:15:00.000","OLTORF ST / 4TH ST","SOUTHBOUND","U-TURN","false","1","16.0","0.0","0.3","0.0","7","8","2024","18","15","1","900"
"cb1fa837650e0c1d454b25148edd37ce","6808","2024-07-08T18:15:00.000","OLTORF ST / 4TH ST","WESTBOUND","LEFT TURN","false","14","6.0","1.301","6.143","20.702","7","8","2024","18","15","1","900"
"492feb466bf7a4a3c4bd58868550f55e","6808","2024-07-08T18:15:00.000","OLTORF ST / 4TH ST","WESTBOUND","RIGHT TURN","false","9","6.111","0.333","3.578","0.547","7","8","2024","18","15","1","900"
"e582794e93d5732fb417aa010851b1ee","6808","2024-07-08T18:15:00.000","OLTORF ST / 4TH ST","WESTBOUND","THRU","false","41","8.317","1.877","22.478","32.807","7","8","2024","18","15","1","900"
"6c48094f595dade5cc923bd376fcf778","6808","2024-07-08T18:15:00.000","OLTORF ST / 4TH ST","WESTBOUND","U-TURN","false","1","7.0","0.0","0.5","0.0","7","8","2024","18","15","1","900"
"02e0ff8043844b247ede61edb4b8027f","6653","2024-07-08T18:00:00.000","38TH ST / MEDICAL PKWY","EASTBOUND","LEFT TURN","false","12","13.0","16.203","19.442","42.306","7","8","2024","18","0","1","900"
"0b728d3bc584d0ae35def4533ef14b06","6653","2024-07-08T18:00:00.000","38TH ST / MEDICAL PKWY","EASTBOUND","LEFT TURN","true","3","35.667","44.456","17.433","25.895","7","8","2024","18","0","1","900"
"3049df89cf5210b76f3a492f9accac21","6653","2024-07-08T18:00:00.000","38TH ST / MEDICAL PKWY","EASTBOUND","RIGHT TURN","false","8","7.5","3.162","1.1","0.823","7","8","2024","18","0","1","900"
"055bb20ba664bc2ccc6d1530f76bdb78","6653","2024-07-08T18:00:00.000","38TH ST / MEDICAL PKWY","EASTBOUND","THRU","false","125","17.712","6.22","15.435","32.381","7","8","2024","18","0","1","900"
"11f0f71652ab12c43ba95fa4dea47f43","6653","2024-07-08T18:00:00.000","38TH ST / MEDICAL PKWY","EASTBOUND","THRU","true","38","20.605","13.251","9.571","24.484","7","8","2024","18","0","1","900"
"d218c8248d9ce3fb7290cfbca80832fd","6653","2024-07-08T18:00:00.000","38TH ST / MEDICAL PKWY","EASTBOUND","U-TURN","false","1","7.0","0.0","20.4","0.0","7","8","2024","18","0","1","900"
"5ebb1dd1b4b4ab2af2cc19362341ea68","6653","2024-07-08T18:00:00.000","38TH ST / MEDICAL PKWY","NORTHBOUND","LEFT TURN","false","5","11.8","7.823","48.38","46.254","7","8","2024","18","0","1","900"
"e003347dbbfec70e209b7a6ee6ebaeb1","6653","2024-07-08T18:00:00.000","38TH ST / MEDICAL PKWY","NORTHBOUND","LEFT TURN","true","1","11.0","0.0","36.2","0.0","7","8","2024","18","0","1","900"
"909d8015fd608fd068b02c5c597999e1","6653","2024-07-08T18:00:00.000","38TH ST / MEDICAL PKWY","NORTHBOUND","RIGHT TURN","false","20","8.85","8.851","10.37","13.857","7","8","2024","18","0","1","900"
"cbedbd54d0f53cbdf927b27829778fe0","6653","2024-07-08T18:00:00.000","38TH ST / MEDICAL PKWY","NORTHBOUND","RIGHT TURN","true","6","12.667","9.852","40.75","55.216","7","8","2024","18","0","1","900"
"d1a08c610d292360d559276aba883a1d","6653","2024-07-08T18:00:00.000","38TH ST / MEDICAL PKWY","NORTHBOUND","THRU","false","14","16.357","6.652","3.45","4.778","7","8","2024","18","0","1","900"
"62c1c0df46c83867fb28c72496bb22ed","6653","2024-07-08T18:00:00.000","38TH ST / MEDICAL PKWY","NORTHBOUND","THRU","true","1","8.0","0.0","5.5","0.0","7","8","2024","18","0","1","900"
"d595dc434993e3fbcf0a5890defb72eb","6653","2024-07-08T18:00:00.000","38TH ST / MEDICAL PKWY","SOUTHBOUND","LEFT TURN","false","9","13.111","5.754","18.622","31.064","7","8","2024","18","0","1","900"
"8103e1b978ebb21c0fb00f1f08c44a28","6653","2024-07-08T18:00:00.000","38TH ST / MEDICAL PKWY","SOUTHBOUND","RIGHT TURN","true","2","3.0","1.414","40.2","46.952","7","8","2024","18","0","1","900"
"d6675b05a94012f7fa65426b2a3a5fc3","6653","2024-07-08T18:00:00.000","38TH ST / MEDICAL PKWY","SOUTHBOUND","THRU","false","5","11.6","6.841","63.96","42.795","7","8","2024","18","0","1","900"
"f0c357e43167e98f27e3d248d494e731","6653","2024-07-08T18:00:00.000","38TH ST / MEDICAL PKWY","SOUTHBOUND","THRU","true","1","6.0","0.0","100.3","0.0","7","8","2024","18","0","1","900"
"19980e02f2cc7a7d31d917bb08721f8c","6653","2024-07-08T18:00:00.000","38TH ST / MEDICAL PKWY","WESTBOUND","LEFT TURN","false","5","18.0","31.448","16.2","33.342","7","8","2024","18","0","1","900"
"52638f224a0eb453411ba4b1497188c5","6653","2024-07-08T18:00:00.000","38TH ST / MEDICAL PKWY","WESTBOUND","LEFT TURN","true","2","1.5","2.121","44.95","62.155","7","8","2024","18","0","1","900"
"595924a05a5fe32afb78cebf87d3e14e","6653","2024-07-08T18:00:00.000","38TH ST / MEDICAL PKWY","WESTBOUND","RIGHT TURN","false","4","12.0","5.598","3.775","4.271","7","8","2024","18","0","1","900"
"4c582179e15c5b39e637369a4d52228f","6653","2024-07-08T18:00:00.000","38TH ST / MEDICAL PKWY","WESTBOUND","RIGHT TURN","true","5","13.4","3.05","4.38","5.432","7","8","2024","18","0","1","900"
"db552b4660019e5d70b478141dc3ec6b","6653","2024-07-08T18:00:00.000","38TH ST / MEDICAL PKWY","WESTBOUND","THRU","false","108","24.824","10.585","5.016","14.555","7","8","2024","18","0","1","900"
"471f0c4281382aac96ce4fe1b610998c","6653","2024-07-08T18:00:00.000","38TH ST / MEDICAL PKWY","WESTBOUND","THRU","true","47","25.787","8.9","2.789","7.876","7","8","2024","18","0","1","900"
"4aa375a3a5859e0892ec0572bf9a5c0f","6882","2024-07-08T18:00:00.000","AIRPORT BLVD / 51ST ST","EASTBOUND","LEFT TURN","false","9","8.889","3.14","18.289","32.245","7","8","2024","18","0","1","900"
"b0cac11046314fd2c20362ac993cd3a7","6882","2024-07-08T18:00:00.000","AIRPORT BLVD / 51ST ST","EASTBOUND","RIGHT TURN","false","25","13.48","5.694","4.728","7.219","7","8","2024","18","0","1","900"
"8e164c10a26da293959d95dff4740062","6882","2024-07-08T18:00:00.000","AIRPORT BLVD / 51ST ST","EASTBOUND","THRU","false","79","17.152","6.353","4.533","12.949","7","8","2024","18","0","1","900"
"13432e10db36b7e652916e5e5b72c59f","6882","2024-07-08T18:00:00.000","AIRPORT BLVD / 51ST ST","EASTBOUND","THRU","true","2","20.5","0.707","1.35","0.354","7","8","2024","18","0","1","900"
"4ca02980d07c3c505c03d050c6ac65ca","6882","2024-07-08T18:00:00.000","AIRPORT BLVD / 51ST ST","NORTHBOUND","LEFT TURN","false","11","6.727","4.292","10.191","30.064","7","8","2024","18","0","1","900"
"cf6e13afecf8c9d360fb9dfc37dbcea9","6882","2024-07-08T18:00:00.000","AIRPORT BLVD / 51ST ST","NORTHBOUND","THRU","false","1","13.0","0.0","0.0","0.0","7","8","2024","18","0","1","900"
"b94f0d45e8b66c10b834c87039f76169","6882","2024-07-08T18:00:00.000","AIRPORT BLVD / 51ST ST","NORTHBOUND","THRU","true","1","11.0","0.0","0.0","0.0","7","8","2024","18","0","1","900"
"47670e5358403ea3c8b94c9c853acefa","6882","2024-07-08T18:00:00.000","AIRPORT BLVD / 51ST ST","NORTHBOUND","U-TURN","false","1","15.0","0.0","0.5","0.0","7","8","2024","18","0","1","900"
"83ea54bd4ba55f9afc52aeb83f349817","6882","2024-07-08T18:00:00.000","AIRPORT BLVD / 51ST ST","SOUTHBOUND","LEFT TURN","false","1","13.0","0.0","2.9","0.0","7","8","2024","18","0","1","900"
"b4b26254258c2bbb6f25d2a4cab055d9","6882","2024-07-08T18:00:00.000","AIRPORT BLVD / 51ST ST","SOUTHBOUND","RIGHT TURN","false","3","10.333","1.528","17.533","23.542","7","8","2024","18","0","1","900"
"ac8220a5b07b1a4b2a241438f24f3767","6882","2024-07-08T18:00:00.000","AIRPORT BLVD / 51ST ST","SOUTHBOUND","THRU","false","116","30.836","11.902","7.271","17.422","7","8","2024","18","0","1","900"
"75e51b61f8df3a6070eb4fcb705a7394","6882","2024-07-08T18:00:00.000","AIRPORT BLVD / 51ST ST","SOUTHBOUND","THRU","true","7","37.714","4.348","1.757","0.532","7","8","2024","18","0","1","900"
"ee58e261a4611c858dce4e0b11af2024","6882","2024-07-08T18:00:00.000","AIRPORT BLVD / 51ST ST","WESTBOUND","LEFT TURN","false","6","8.167","3.061","2.067","4.723","7","8","2024","18","0","1","900"
"fe4e72bfd0f72fb55e3a049778551bd4","6882","2024-07-08T18:00:00.000","AIRPORT BLVD / 51ST ST","WESTBOUND","LEFT TURN","true","1","11.0","0.0","3.3","0.0","7","8","2024","18","0","1","900"
"1a7d49cc6bc16eee7755da0d43f64551","6882","2024-07-08T18:00:00.000","AIRPORT BLVD / 51ST ST","WESTBOUND","RIGHT TURN","false","20","5.3","6.14","5.735","15.88","7","8","2024","18","0","1","900"
"932c35c7c10385b17df74320d4cdfa33","6882","2024-07-08T18:00:00.000","AIRPORT BLVD / 51ST ST","WESTBOUND","RIGHT TURN","true","1","0.0","0.0","6.6","0.0","7","8","2024","18","0","1","900"
"9f208cd5f541db6494c48653f13bb570","6882","2024-07-08T18:00:00.000","AIRPORT BLVD / 51ST ST","WESTBOUND","THRU","false","39","7.205","6.233","15.979","32.621","7","8","2024","18","0","1","900"
"96fd9e0f0b8927d4c5ee5d25a1bed3b5","6882","2024-07-08T18:00:00.000","AIRPORT BLVD / 51ST ST","WESTBOUND","THRU","true","2","13.5","2.121","1.0","0.0","7","8","2024","18","0","1","900"
"5a595205688c245fcdded472ab28cc07","7038","2024-07-08T18:00:00.000","ANDERSON LN / SHOAL CREEK BLVD","EASTBOUND","LEFT TURN","false","15","11.0","2.752","0.0","0.0","7","8","2024","18","0","1","900"
"d491dabce0f31ea99ca2f458a3be49a2","7038","2024-07-08T18:00:00.000","ANDERSON LN / SHOAL CREEK BLVD","EASTBOUND","RIGHT TURN","false","28","12.786","3.143","-0.036","0.189","7","8","2024","18","0","1","900"
"1fd4651c7899b9dc9709557e42cf5b9c","7038","2024-07-08T18:00:00.000","ANDERSON LN / SHOAL CREEK BLVD","EASTBOUND","RIGHT TURN","true","3","14.667","0.577","0.0","0.0","7","8","2024","18","0","1","900"
"3b0a8deabab943f03faa6344a155be06","7038","2024-07-08T18:00:00.000","ANDERSON LN / SHOAL CREEK BLVD","EASTBOUND","THRU","false","191","26.592","9.365","-0.021","0.144","7","8","2024","18","0","1","900"
"546b8b3f089498cd70987d38daec4cb7","7038","2024-07-08T18:00:00.000","ANDERSON LN / SHOAL CREEK BLVD","EASTBOUND","THRU","true","2","37.5","0.707","0.0","0.0","7","8","2024","18","0","1","900"
"44542ca36c87efa7ef791526db1f974c","7038","2024-07-08T18:00:00.000","ANDERSON LN / SHOAL CREEK BLVD","NORTHBOUND","LEFT TURN","false","69","13.043","10.557","-0.043","0.205","7","8","2024","18","0","1","900"
"b278ebcc71c864c7e8d6fa0baaca82e2","7038","2024-07-08T18:00:00.000","ANDERSON LN / SHOAL CREEK BLVD","NORTHBOUND","LEFT TURN","true","1","7.0","0.0","0.0","0.0","7","8","2024","18","0","1","900"
"bc8a6383d1eb6ff47dc03f9ee1e16a36","7038","2024-07-08T18:00:00.000","ANDERSON LN / SHOAL CREEK BLVD","NORTHBOUND","RIGHT TURN","false","6","6.667","3.266","0.0","0.0","7","8","2024","18","0","1","900"
"6d9e386b794276008617c057fa0d3d60","7038","2024-07-08T18:00:00.000","ANDERSON LN / SHOAL CREEK BLVD","NORTHBOUND","THRU","false","25","11.64","6.993","-0.2","0.408","7","8","2024","18","0","1","900"
"fc1c3b55ac5a4ab8cfcf95be95e17cd4","7038","2024-07-08T18:00:00.000","ANDERSON LN / SHOAL CREEK BLVD","NORTHBOUND","THRU","true","1","10.0","0.0","0.0","0.0","7","8","2024","18","0","1","900"
"211a4c934091e4fa3e87d0bed2f05a84","7038","2024-07-08T18:00:00.000","ANDERSON LN / SHOAL CREEK BLVD","SOUTHBOUND","LEFT TURN","false","31","11.839","2.672","-0.032","0.18","7","8","2024","18","0","1","900"
"c12ad8a3250882edb090f1b149496354","7038","2024-07-08T18:00:00.000","ANDERSON LN / SHOAL CREEK BLVD","SOUTHBOUND","RIGHT TURN","false","20","5.95","4.298","0.0","0.0","7","8","2024","18","0","1","900"
"da63ed72fd139139360face8f8d7fe75","7038","2024-07-08T18:00:00.000","ANDERSON LN / SHOAL CREEK BLVD","SOUTHBOUND","THRU","false","24","13.625","5.77","-0.083","0.282","7","8","2024","18","0","1","900"
"1acc7c3e3d7424a4aabe3c68f38adbf3","7038","2024-07-08T18:00:00.000","ANDERSON LN / SHOAL CREEK BLVD","WESTBOUND","LEFT TURN","false","5","10.0","15.937","-0.2","0.447","7","8","2024","18","0","1","900"
"5ceb6e81e59ae71e774a5a3d945fae5e","7038","2024-07-08T18:00:00.000","ANDERSON LN / SHOAL CREEK BLVD","WESTBOUND","THRU","false","167","21.257","7.276","-0.503","0.501","7","8","2024","18","0","1","900"
"705b3865525b8b0f7addfd4a6fcd3794","7038","2024-07-08T18:00:00.000","ANDERSON LN / SHOAL CREEK BLVD","WESTBOUND","THRU","true","10","18.6","7.763","-0.5","0.527","7","8","2024","18","0","1","900"
"f55e134e97fa649867c2ac78f7f80257","7343","2024-07-08T18:00:00.000","RIVERSIDE DR / BURTON DR","EASTBOUND","LEFT TURN","false","30","14.167","3.914","8.257","19.94","7","8","2024","18","0","1","900"
"a1062975a420955b93662230f34e36e1","7343","2024-07-08T18:00:00.000","RIVERSIDE DR / BURTON DR","EASTBOUND","LEFT TURN","true","2","16.5","9.192","1.15","1.626","7","8","2024","18","0","1","900"
"7ead4716666b1d277c15840f7380c8f1","7343","2024-07-08T18:00:00.000","RIVERSIDE DR / BURTON DR","EASTBOUND","THRU","false","98","29.918","8.991","3.127","10.235","7","8","2024","18","0","1","900"
"eac9d8553cfecde0861e00a3982612b1","7343","2024-07-08T18:00:00.000","RIVERSIDE DR / BURTON DR","EASTBOUND","THRU","true","173","28.642","9.916","7.376","19.423","7","8","2024","18","0","1","900"
"fe3e8d54168e103a319a19a51527eb5d","7343","2024-07-08T18:00:00.000","RIVERSIDE DR / BURTON DR","NORTHBOUND","LEFT TURN","false","7","25.286","3.094","1.4","1.993","7","8","2024","18","0","1","900"
"16bd7e83972d59074c500033b683ab58","7343","2024-07-08T18:00:00.000","RIVERSIDE DR / BURTON DR","NORTHBOUND","LEFT TURN","true","2","23.0","1.414","36.2","47.235","7","8","2024","18","0","1","900"
"75b5133cb8ce3c1180a3f6748856d5ce","7343","2024-07-08T18:00:00.000","RIVERSIDE DR / BURTON DR","NORTHBOUND","RIGHT TURN","false","2","14.5","0.707","0.55","0.778","7","8","2024","18","0","1","900"
"69b8c4a3857ce97b1f8de27e6c0d2839","7343","2024-07-08T18:00:00.000","RIVERSIDE DR / BURTON DR","NORTHBOUND","RIGHT TURN","true","2","20.0","1.414","3.4","4.667","7","8","2024","18","0","1","900"
"678fc3e3d73a15568ef9cbe9baf8db17","7343","2024-07-08T18:00:00.000","RIVERSIDE DR / BURTON DR","NORTHBOUND","THRU","false","15","25.6","12.855","2.8","6.383","7","8","2024","18","0","1","900"
"809a8e5f0ad7aa526ab186f4db2cb46c","7343","2024-07-08T18:00:00.000","RIVERSIDE DR / BURTON DR","NORTHBOUND","THRU","true","11","15.273","10.771","0.564","0.778","7","8","2024","18","0","1","900"
"f878c281e542b1530b47a36277470bd1","7343","2024-07-08T18:00:00.000","RIVERSIDE DR / BURTON DR","SOUTHBOUND","LEFT TURN","false","8","15.75","1.832","64.425","65.566","7","8","2024","18","0","1","900"
"12bb0edab85d618ec2533150f4c3fdc1","7343","2024-07-08T18:00:00.000","RIVERSIDE DR / BURTON DR","SOUTHBOUND","LEFT TURN","true","5","17.6","3.286","65.48","70.109","7","8","2024","18","0","1","900"
"be39cfe42d32266e223b4c633b5c4176","7343","2024-07-08T18:00:00.000","RIVERSIDE DR / BURTON DR","SOUTHBOUND","RIGHT TURN","false","12","9.583","2.466","18.75","20.771","7","8","2024","18","0","1","900"
"1443f1aa18264e12bb192c593b61ba2f","7343","2024-07-08T18:00:00.000","RIVERSIDE DR / BURTON DR","SOUTHBOUND","THRU","false","16","16.812","6.824","15.225","30.014","7","8","2024","18","0","1","900"
"78fba05df94a0bbbc11ed3430bf4e6a7","7343","2024-07-08T18:00:00.000","RIVERSIDE DR / BURTON DR","SOUTHBOUND","THRU","true","8","19.875","5.718","6.425","11.691","7","8","2024","18","0","1","900"
"4b1a60c663e1d4a4ae60d01e758fa759","7343","2024-07-08T18:00:00.000","RIVERSIDE DR / BURTON DR","WESTBOUND","LEFT TURN","false","8","10.875","13.517","30.05","51.393","7","8","2024","18","0","1","900"
"07c420c8d2b6b6a8fdbd6f24c31a0a01","7343","2024-07-08T18:00:00.000","RIVERSIDE DR / BURTON DR","WESTBOUND","LEFT TURN","true","4","12.0","4.546","2.775","2.138","7","8","2024","18","0","1","900"
"0daef6515c7660dfeffec83a41960fab","7343","2024-07-08T18:00:00.000","RIVERSIDE DR / BURTON DR","WESTBOUND","RIGHT TURN","false","7","6.714","11.528","3.471","1.951","7","8","2024","18","0","1","900"
"b2c7498a24199503b3140b124b8c1858","7343","2024-07-08T18:00:00.000","RIVERSIDE DR / BURTON DR","WESTBOUND","THRU","false","143","37.098","20.531","4.602","14.428","7","8","2024","18","0","1","900"
"f11f24b843acc7b38b9c81a1ae21d61c","7343","2024-07-08T18:00:00.000","RIVERSIDE DR / BURTON DR","WESTBOUND","THRU","true","31","33.581","14.712","4.045","15.896","7","8","2024","18","0","1","900"
"2496d84c42751d9c244a0227cfd223f4","6382","2024-07-08T18:00:00.000","FM 620 RD / DEERBROOK TRL","EASTBOUND","LEFT TURN","false","1","36.0","0.0","1.2","0.0","7","8","2024","18","0","1","900"
"aa9c798d965e40f618c5593f3e3080c0","6382","2024-07-08T18:00:00.000","FM 620 RD / DEERBROOK TRL","EASTBOUND","RIGHT TURN","false","4","18.25","12.606","1.275","1.245","7","8","2024","18","0","1","900"
"4eff96310c34921dacd240cbcb5bca2e","6382","2024-07-08T18:00:00.000","FM 620 RD / DEERBROOK TRL","EASTBOUND","THRU","false","369","33.539","10.893","1.906","5.77","7","8","2024","18","0","1","900"
"6b961d8418f665f2a756d84ef45a4986","6382","2024-07-08T18:00:00.000","FM 620 RD / DEERBROOK TRL","EASTBOUND","THRU","true","12","31.0","12.628","3.883","8.898","7","8","2024","18","0","1","900"
"c92ebe61b94421e6f3ca0bfd507d477c","6382","2024-07-08T18:00:00.000","FM 620 RD / DEERBROOK TRL","NORTHBOUND","LEFT TURN","false","9","11.222","8.758","11.9","20.988","7","8","2024","18","0","1","900"
"ffe03e76fe623321437de03609c0e54c","6382","2024-07-08T18:00:00.000","FM 620 RD / DEERBROOK TRL","NORTHBOUND","RIGHT TURN","false","23","4.913","3.118","31.77","44.759","7","8","2024","18","0","1","900"
"f17890d8b8359141a206a16e0a0b298a","6382","2024-07-08T18:00:00.000","FM 620 RD / DEERBROOK TRL","NORTHBOUND","RIGHT TURN","true","1","5.0","0.0","6.9","0.0","7","8","2024","18","0","1","900"
"62e1467f0a879097b6ede9722f846e5c","6382","2024-07-08T18:00:00.000","FM 620 RD / DEERBROOK TRL","NORTHBOUND","THRU","false","2","17.5","14.849","46.45","8.839","7","8","2024","18","0","1","900"
"cfa823e9d59d07dde318ea0dfb7e7a49","6382","2024-07-08T18:00:00.000","FM 620 RD / DEERBROOK TRL","WESTBOUND","LEFT TURN","false","23","9.957","4.913","11.939","20.715","7","8","2024","18","0","1","900"
"e20c8cc7c7f551117b17a2be2ae6781a","6382","2024-07-08T18:00:00.000","FM 620 RD / DEERBROOK TRL","WESTBOUND","THRU","false","345","29.409","8.003","1.474","4.381","7","8","2024","18","0","1","900"
"b8b43644a6b4c49d4df9ac814d535aef","6382","2024-07-08T18:00:00.000","FM 620 RD / DEERBROOK TRL","WESTBOUND","THRU","true","12","30.333","8.217","0.625","0.517","7","8","2024","18","0","1","900"
"37ce31536cebc8d186c14ff9151f1c66","6881","2024-07-08T18:00:00.000","SLAUGHTER LN / LINDSHIRE LN","EASTBOUND","RIGHT TURN","false","13","9.615","2.399","3.385","1.199","7","8","2024","18","0","1","900"
"ec9dcb4e0d5aa97d03ca2b9dabd773b5","6881","2024-07-08T18:00:00.000","SLAUGHTER LN / LINDSHIRE LN","EASTBOUND","THRU","false","290","29.2","8.928","1.807","3.63","7","8","2024","18","0","1","900"
"c679ffbcd9df83b63c2f468f0ef8b676","6881","2024-07-08T18:00:00.000","SLAUGHTER LN / LINDSHIRE LN","EASTBOUND","THRU","true","4","33.25","3.594","0.8","0.374","7","8","2024","18","0","1","900"
"d1338b6139fac9b9163adf0b12df0ab7","6881","2024-07-08T18:00:00.000","SLAUGHTER LN / LINDSHIRE LN","EASTBOUND","U-TURN","false","1","7.0","0.0","4.1","0.0","7","8","2024","18","0","1","900"
"aa8deeaf19d3004abb03cf1aad0166d1","6881","2024-07-08T18:00:00.000","SLAUGHTER LN / LINDSHIRE LN","NORTHBOUND","LEFT TURN","false","14","8.214","7.382","19.85","39.202","7","8","2024","18","0","1","900"
"942a1f777c9f53ea0e19757e0ca287ef","6881","2024-07-08T18:00:00.000","SLAUGHTER LN / LINDSHIRE LN","NORTHBOUND","RIGHT TURN","false","6","4.833","8.542","6.817","11.176","7","8","2024","18","0","1","900"
"800bb6a36485823acef89a0d96d467ae","6881","2024-07-08T18:00:00.000","SLAUGHTER LN / LINDSHIRE LN","NORTHBOUND","THRU","false","2","6.5","9.192","29.8","41.436","7","8","2024","18","0","1","900"
"c995cd0f24f0cbc3f092b5f88ab54596","6881","2024-07-08T18:00:00.000","SLAUGHTER LN / LINDSHIRE LN","SOUTHBOUND","THRU","false","2","7.5","6.364","9.9","10.465","7","8","2024","18","0","1","900"
"0493563f9fe8e2ae2979632633848fe3","6881","2024-07-08T18:00:00.000","SLAUGHTER LN / LINDSHIRE LN","WESTBOUND","LEFT TURN","false","4","7.5","1.915","50.375","36.473","7","8","2024","18","0","1","900"
"96cf88a4c1bfa1e8664b2cff4ad9cc1a","6881","2024-07-08T18:00:00.000","SLAUGHTER LN / LINDSHIRE LN","WESTBOUND","THRU","false","174","30.31","6.082","1.377","1.65","7","8","2024","18","0","1","900"
"6317fa3f6274c6bd9414ddb9774d68fc","6881","2024-07-08T18:00:00.000","SLAUGHTER LN / LINDSHIRE LN","WESTBOUND","THRU","true","2","27.5","0.707","0.85","1.202","7","8","2024","18","0","1","900"
"0944d1925ae6c6ef23dc58f161bdb6f9","6881","2024-07-08T18:00:00.000","SLAUGHTER LN / LINDSHIRE LN","WESTBOUND","U-TURN","true","1","10.0","0.0","0.6","0.0","7","8","2024","18","0","1","900"
"95d2796de8e8e2cc2dd6c46f4d0f5bf7","6808","2024-07-08T18:00:00.000","OLTORF ST / 4TH ST","EASTBOUND","LEFT TURN","false","8","4.25","2.493","14.35","38.976","7","8","2024","18","0","1","900"
"ef1024ad378f66236edc7398a0dfbfd7","6808","2024-07-08T18:00:00.000","OLTORF ST / 4TH ST","EASTBOUND","RIGHT TURN","false","11","4.455","1.695","1.609","0.908","7","8","2024","18","0","1","900"
"04bfd9fad04c40a9ac61e8d51f0a0aa3","6808","2024-07-08T18:00:00.000","OLTORF ST / 4TH ST","EASTBOUND","THRU","false","53","10.453","13.048","11.032","32.426","7","8","2024","18","0","1","900"
"cf9ce09d41465310106972e818c66119","6808","2024-07-08T18:00:00.000","OLTORF ST / 4TH ST","EASTBOUND","THRU","true","2","7.0","0.0","0.65","0.212","7","8","2024","18","0","1","900"
"b98ea06a177456f9d785b336d3e5ee84","6808","2024-07-08T18:00:00.000","OLTORF ST / 4TH ST","NORTHBOUND","LEFT TURN","false","13","18.846","25.288","11.962","28.805","7","8","2024","18","0","1","900"
"2a5b5ca3ef2879c2a0fad7b5b352de0e","6808","2024-07-08T18:00:00.000","OLTORF ST / 4TH ST","NORTHBOUND","RIGHT TURN","false","9","4.333","1.581","1.522","1.506","7","8","2024","18","0","1","900"
"6477b6f2167058af10fa3043df62a3d6","6808","2024-07-08T18:00:00.000","OLTORF ST / 4TH ST","NORTHBOUND","THRU","false","55","8.964","10.249","3.727","13.235","7","8","2024","18","0","1","900"
"79d05ba1c7c4c57b36088281f99adeaf","6808","2024-07-08T18:00:00.000","OLTORF ST / 4TH ST","NORTHBOUND","THRU","true","2","4.0","4.243","36.1","49.356","7","8","2024","18","0","1","900"
"753522c82e28d449cec7bc1f9c75a009","6808","2024-07-08T18:00:00.000","OLTORF ST / 4TH ST","SOUTHBOUND","LEFT TURN","false","20","7.55","3.953","12.575","30.41","7","8","2024","18","0","1","900"
"4587bd65619c5d13a7eb35887de6d09c","6808","2024-07-08T18:00:00.000","OLTORF ST / 4TH ST","SOUTHBOUND","RIGHT TURN","false","5","6.0","1.414","2.94","0.631","7","8","2024","18","0","1","900"
"f6e119be79c831f5d31abd54ab1ca4fb","6808","2024-07-08T18:00:00.000","OLTORF ST / 4TH ST","SOUTHBOUND","THRU","false","100","12.02","3.629","4.646","12.726","7","8","2024","18","0","1","900"
"f1a8b268b4db183855fa3c8adb7e4ff4","6808","2024-07-08T18:00:00.000","OLTORF ST / 4TH ST","SOUTHBOUND","THRU","true","1","4.0","0.0","0.5","0.0","7","8","2024","18","0","1","900"
"3e59633bc00b580f98a0607831484455","6808","2024-07-08T18:00:00.000","OLTORF ST / 4TH ST","WESTBOUND","LEFT TURN","false","20","7.4","1.569","11.115","29.895","7","8","2024","18","0","1","900"
"b3e10ad694aae5bab9e26e7159e0d355","6808","2024-07-08T18:00:00.000","OLTORF ST / 4TH ST","WESTBOUND","RIGHT TURN","false","9","6.333","0.866","11.144","23.501","7","8","2024","18","0","1","900"
"1f84ad9d19113bb2e3d2f484c51aa638","6808","2024-07-08T18:00:00.000","OLTORF ST / 4TH ST","WESTBOUND","THRU","false","66","9.47","2.835","14.905","30.629","7","8","2024","18","0","1","900"
"cdd1a6e3e98ff6175844b09a270657b3","6653","2024-07-08T17:45:00.000","38TH ST / MEDICAL PKWY","EASTBOUND","LEFT TURN","false","9","11.0","6.481","6.678","9.052","7","8","2024","17","45","1","900"
"96667cef47a510a01f642db7dc8035f0","6653","2024-07-08T17:45:00.000","38TH ST / MEDICAL PKWY","EASTBOUND","LEFT TURN","true","2","10.0","4.243","8.3","11.738","7","8","2024","17","45","1","900"
"29521dbf27835349686ba65f9bcbe2c2","6653","2024-07-08T17:45:00.000","38TH ST / MEDICAL PKWY","EASTBOUND","RIGHT TURN","false","2","11.5","0.707","0.55","0.495","7","8","2024","17","45","1","900"
"f1d707f535291ea1ea62234cf3dd7500","6653","2024-07-08T17:45:00.000","38TH ST / MEDICAL PKWY","EASTBOUND","THRU","false","129","16.457","6.955","16.616","32.368","7","8","2024","17","45","1","900"
"b1ea56905a88d88f23b604a6c105da83","6653","2024-07-08T17:45:00.000","38TH ST / MEDICAL PKWY","EASTBOUND","THRU","true","29","14.379","4.873","23.255","40.021","7","8","2024","17","45","1","900"
"4df86187a7fd145959ccaca088bf0cca","6653","2024-07-08T17:45:00.000","38TH ST / MEDICAL PKWY","NORTHBOUND","LEFT TURN","false","6","5.333","5.279","48.683","39.048","7","8","2024","17","45","1","900"
"2c071270c5c83a20183fb496f3dbcbe3","6653","2024-07-08T17:45:00.000","38TH ST / MEDICAL PKWY","NORTHBOUND","LEFT TURN","true","2","1.5","2.121","54.6","55.579","7","8","2024","17","45","1","900"
"561b50b3377b25f99160277dbde888ac","6653","2024-07-08T17:45:00.000","38TH ST / MEDICAL PKWY","NORTHBOUND","RIGHT TURN","false","16","8.125","4.646","13.475","18.006","7","8","2024","17","45","1","900"
"c91c2438fcffa26aba4f556b6f124699","6653","2024-07-08T17:45:00.000","38TH ST / MEDICAL PKWY","NORTHBOUND","RIGHT TURN","true","3","6.667","2.887","1.067","1.361","7","8","2024","17","45","1","900"
"2a87a419370ff413b4a096b6fcbfe356","6653","2024-07-08T17:45:00.000","38TH ST / MEDICAL PKWY","NORTHBOUND","THRU","false","11","18.364","13.04","17.118","24.379","7","8","2024","17","45","1","900"
"72aa85916263a3a4a141c60d2c262214","6653","2024-07-08T17:45:00.000","38TH ST / MEDICAL PKWY","SOUTHBOUND","LEFT TURN","false","10","10.8","2.658","21.51","41.261","7","8","2024","17","45","1","900"
"df3ddffcd270321c7bb4fc1da6ff9d6f","6653","2024-07-08T17:45:00.000","38TH ST / MEDICAL PKWY","SOUTHBOUND","RIGHT TURN","true","3","11.0","5.196","8.533","4.105","7","8","2024","17","45","1","900"
"bd533fffedb358e2eeb5c521dfdb62e6","6653","2024-07-08T17:45:00.000","38TH ST / MEDICAL PKWY","SOUTHBOUND","THRU","false","7","12.429","4.429","65.543","32.195","7","8","2024","17","45","1","900"
"014727e423ee66cc3a6cca001b56c04a","6653","2024-07-08T17:45:00.000","38TH ST / MEDICAL PKWY","SOUTHBOUND","THRU","true","3","11.667","2.309","43.933","41.963","7","8","2024","17","45","1","900"
"f1c7378f4d52c90f60b6b4579212e4f0","6653","2024-07-08T17:45:00.000","38TH ST / MEDICAL PKWY","WESTBOUND","LEFT TURN","false","5","24.2","19.447","17.84","38.011","7","8","2024","17","45","1","900"
"05387522291a3f20ffa51f61f87fd6ab","6653","2024-07-08T17:45:00.000","38TH ST / MEDICAL PKWY","WESTBOUND","LEFT TURN","true","1","37.0","0.0","1.2","0.0","7","8","2024","17","45","1","900"
"e5cfbaca77ed5e195547eef47f4501c6","6653","2024-07-08T17:45:00.000","38TH ST / MEDICAL PKWY","WESTBOUND","RIGHT TURN","false","1","10.0","0.0","0.1","0.0","7","8","2024","17","45","1","900"
"a8ff0fb0555be19da0bc7359d6aa1c82","6653","2024-07-08T17:45:00.000","38TH ST / MEDICAL PKWY","WESTBOUND","RIGHT TURN","true","6","13.0","5.762","4.717","4.225","7","8","2024","17","45","1","900"
"70978a1a7b2149f1cae37b651e867332","6653","2024-07-08T17:45:00.000","38TH ST / MEDICAL PKWY","WESTBOUND","THRU","false","87","24.046","7.525","3.186","10.658","7","8","2024","17","45","1","900"
"19d80d6958d2dfe9774adf8e52abf1fe","6653","2024-07-08T17:45:00.000","38TH ST / MEDICAL PKWY","WESTBOUND","THRU","true","92","24.413","10.444","4.301","13.345","7","8","2024","17","45","1","900"
"3ea902a4730d8848c0076fe5b440b934","6882","2024-07-08T17:45:00.000","AIRPORT BLVD / 51ST ST","EASTBOUND","LEFT TURN","false","8","12.75","2.252","1.75","0.55","7","8","2024","17","45","1","900"
"78ca577c3c10b54f5bdfdf9fe8d489d9","6882","2024-07-08T17:45:00.000","AIRPORT BLVD / 51ST ST","EASTBOUND","LEFT TURN","true","3","12.0","7.0","1.133","0.764","7","8","2024","17","45","1","900"
"c8825e52b861d505222a542a2cca287c","6882","2024-07-08T17:45:00.000","AIRPORT BLVD / 51ST ST","EASTBOUND","RIGHT TURN","false","38","14.447","4.864","2.489","4.089","7","8","2024","17","45","1","900"
"ba055a21e1d9956beb13cb002e2b93e9","6882","2024-07-08T17:45:00.000","AIRPORT BLVD / 51ST ST","EASTBOUND","THRU","false","85","17.129","12.136","7.962","23.573","7","8","2024","17","45","1","900"
"3d4c836753fcbd8608e767023900c11c","6882","2024-07-08T17:45:00.000","AIRPORT BLVD / 51ST ST","EASTBOUND","THRU","true","5","13.4","3.286","1.46","1.062","7","8","2024","17","45","1","900"
"ea5afcaa7ecb3b8aaecd17f019987400","6882","2024-07-08T17:45:00.000","AIRPORT BLVD / 51ST ST","NORTHBOUND","LEFT TURN","false","8","6.875","7.717","14.35","35.946","7","8","2024","17","45","1","900"
"8e69619288972c11f1c68938ac90ccfe","6882","2024-07-08T17:45:00.000","AIRPORT BLVD / 51ST ST","NORTHBOUND","THRU","true","1","13.0","0.0","0.0","0.0","7","8","2024","17","45","1","900"
"ce4b022eac12a6cffee7221234f16a6e","6882","2024-07-08T17:45:00.000","AIRPORT BLVD / 51ST ST","SOUTHBOUND","RIGHT TURN","false","2","10.0","1.414","3.95","0.636","7","8","2024","17","45","1","900"
"1a42fc45f57250480ab34611350a774e","6882","2024-07-08T17:45:00.000","AIRPORT BLVD / 51ST ST","SOUTHBOUND","THRU","false","100","29.17","13.033","13.228","28.32","7","8","2024","17","45","1","900"
"13786ca09d0ea5aeba57a1308b76bdc1","6882","2024-07-08T17:45:00.000","AIRPORT BLVD / 51ST ST","SOUTHBOUND","THRU","true","8","33.75","15.05","17.05","42.533","7","8","2024","17","45","1","900"
"298685a7ad6567e0a81769edbb8ff91c","6882","2024-07-08T17:45:00.000","AIRPORT BLVD / 51ST ST","WESTBOUND","LEFT TURN","false","10","9.0","4.643","10.26","27.681","7","8","2024","17","45","1","900"
"090e3bc5cb25e227b591e6d8d1bc6d25","6882","2024-07-08T17:45:00.000","AIRPORT BLVD / 51ST ST","WESTBOUND","LEFT TURN","true","1","3.0","0.0","0.8","0.0","7","8","2024","17","45","1","900"
"8da4bc578baa138b37987d2d652099ac","6882","2024-07-08T17:45:00.000","AIRPORT BLVD / 51ST ST","WESTBOUND","RIGHT TURN","false","17","4.765","3.597","5.988","12.831","7","8","2024","17","45","1","900"
"6f1dba37951c16752befac6bea52d5c2","6882","2024-07-08T17:45:00.000","AIRPORT BLVD / 51ST ST","WESTBOUND","RIGHT TURN","true","2","6.0","8.485","10.0","14.001","7","8","2024","17","45","1","900"
"ab27fc4c4bdf236026bd40996e8eb807","6882","2024-07-08T17:45:00.000","AIRPORT BLVD / 51ST ST","WESTBOUND","THRU","false","23","7.435","5.375","19.5","35.706","7","8","2024","17","45","1","900"
"f01108c47ef45aa349bdba58d79e5e2d","6882","2024-07-08T17:45:00.000","AIRPORT BLVD / 51ST ST","WESTBOUND","THRU","true","7","9.571","5.682","13.371","24.238","7","8","2024","17","45","1","900"
"c32e7e78ae1bac366a91932e655b0f96","6882","2024-07-08T17:45:00.000","AIRPORT BLVD / 51ST ST","WESTBOUND","U-TURN","false","1","26.0","0.0","0.1","0.0","7","8","2024","17","45","1","900"
"b64be07761b59626722487f5fa3cc218","7038","2024-07-08T17:45:00.000","ANDERSON LN / SHOAL CREEK BLVD","EASTBOUND","LEFT TURN","false","23","13.348","1.921","0.0","0.0","7","8","2024","17","45","1","900"
"ad2c8a077ea579b8b6f2c1b19faed1d6","7038","2024-07-08T17:45:00.000","ANDERSON LN / SHOAL CREEK BLVD","EASTBOUND","RIGHT TURN","false","41","12.805","2.272","0.0","0.0","7","8","2024","17","45","1","900"
"368db3abf7988b1235aff781d7a88d06","7038","2024-07-08T17:45:00.000","ANDERSON LN / SHOAL CREEK BLVD","EASTBOUND","RIGHT TURN","true","2","12.5","4.95","0.0","0.0","7","8","2024","17","45","1","900"
"e3dadcd0f90eaf42182f7d8b7aea5f45","7038","2024-07-08T17:45:00.000","ANDERSON LN / SHOAL CREEK BLVD","EASTBOUND","THRU","false","182","28.319","10.173","-0.016","0.128","7","8","2024","17","45","1","900"
"f860af1758152be30c1da136e1670ec3","7038","2024-07-08T17:45:00.000","ANDERSON LN / SHOAL CREEK BLVD","EASTBOUND","THRU","true","1","14.0","0.0","0.0","0.0","7","8","2024","17","45","1","900"
"3b022b5f4f18085f745d093903298405","7038","2024-07-08T17:45:00.000","ANDERSON LN / SHOAL CREEK BLVD","NORTHBOUND","LEFT TURN","false","56","12.607","4.305","-0.107","0.312","7","8","2024","17","45","1","900"
"8a41fe07f96579718bb8acf42206d5e0","7038","2024-07-08T17:45:00.000","ANDERSON LN / SHOAL CREEK BLVD","NORTHBOUND","LEFT TURN","true","1","1.0","0.0","0.0","0.0","7","8","2024","17","45","1","900"
"2994e96a1ac042bc8bc0f9611428402c","7038","2024-07-08T17:45:00.000","ANDERSON LN / SHOAL CREEK BLVD","NORTHBOUND","RIGHT TURN","false","4","3.5","1.0","-0.25","0.5","7","8","2024","17","45","1","900"
"9dcf0990a76ff43ac4a09cbca37ea699","7038","2024-07-08T17:45:00.000","ANDERSON LN / SHOAL CREEK BLVD","NORTHBOUND","THRU","false","26","11.923","4.955","-0.231","0.43","7","8","2024","17","45","1","900"
"dc21c3c22e38de9e949599a443684a5b","7038","2024-07-08T17:45:00.000","ANDERSON LN / SHOAL CREEK BLVD","NORTHBOUND","THRU","true","1","6.0","0.0","0.0","0.0","7","8","2024","17","45","1","900"
"df9ae033084f15cef16e67582d9eb37a","7038","2024-07-08T17:45:00.000","ANDERSON LN / SHOAL CREEK BLVD","SOUTHBOUND","LEFT TURN","false","20","10.35","4.146","0.0","0.0","7","8","2024","17","45","1","900"
"a2881f3ab3267e03a968a85babf8340f","7038","2024-07-08T17:45:00.000","ANDERSON LN / SHOAL CREEK BLVD","SOUTHBOUND","RIGHT TURN","false","13","6.692","3.449","-0.077","0.277","7","8","2024","17","45","1","900"
"2803dc5f8da0c93829faeb29a292c399","7038","2024-07-08T17:45:00.000","ANDERSON LN / SHOAL CREEK BLVD","SOUTHBOUND","THRU","false","22","13.045","5.81","-0.045","0.213","7","8","2024","17","45","1","900"
"700430155a25b8ad5100f41cadd77ba9","7038","2024-07-08T17:45:00.000","ANDERSON LN / SHOAL CREEK BLVD","SOUTHBOUND","THRU","true","2","14.5","2.121","0.0","0.0","7","8","2024","17","45","1","900"
"4b77adb879da02912185cc62883b128b","7038","2024-07-08T17:45:00.000","ANDERSON LN / SHOAL CREEK BLVD","WESTBOUND","LEFT TURN","false","8","8.75","14.646","-0.5","0.535","7","8","2024","17","45","1","900"
"72e597a04661329d228c04f8eca74e3c","7038","2024-07-08T17:45:00.000","ANDERSON LN / SHOAL CREEK BLVD","WESTBOUND","LEFT TURN","true","1","1.0","0.0","-1.0","0.0","7","8","2024","17","45","1","900"
"80d0b37b7fc507ad88d42dd0b5c450f3","7038","2024-07-08T17:45:00.000","ANDERSON LN / SHOAL CREEK BLVD","WESTBOUND","RIGHT TURN","true","1","8.0","0.0","-1.0","0.0","7","8","2024","17","45","1","900"
"0d86acceee379aa75abaa52e3275dccd","7038","2024-07-08T17:45:00.000","ANDERSON LN / SHOAL CREEK BLVD","WESTBOUND","THRU","false","156","20.09","6.745","-0.526","0.501","7","8","2024","17","45","1","900"
"abbbf85b775996d8026f35a51f131164","7038","2024-07-08T17:45:00.000","ANDERSON LN / SHOAL CREEK BLVD","WESTBOUND","THRU","true","7","18.571","6.399","-0.571","0.535","7","8","2024","17","45","1","900"
"f2e352ab9675b24c7a6c8e591bc0e2a1","7343","2024-07-08T17:45:00.000","RIVERSIDE DR / BURTON DR","EASTBOUND","LEFT TURN","false","32","15.125","4.141","11.394","24.752","7","8","2024","17","45","1","900"
"2cb3c51210bd86c0987b3a3741ee118e","7343","2024-07-08T17:45:00.000","RIVERSIDE DR / BURTON DR","EASTBOUND","LEFT TURN","true","4","14.0","1.414","2.975","0.465","7","8","2024","17","45","1","900"
"d88fb8df995272d6861a362e4bc483ea","7343","2024-07-08T17:45:00.000","RIVERSIDE DR / BURTON DR","EASTBOUND","THRU","false","84","30.452","10.274","2.936","7.605","7","8","2024","17","45","1","900"
"9e75f2369df9ab595f81712aace52f68","7343","2024-07-08T17:45:00.000","RIVERSIDE DR / BURTON DR","EASTBOUND","THRU","true","193","28.902","9.052","3.937","11.745","7","8","2024","17","45","1","900"
"5b9ab6df8d6b346de18dc12efb228dca","7343","2024-07-08T17:45:00.000","RIVERSIDE DR / BURTON DR","EASTBOUND","U-TURN","false","2","7.0","2.828","84.5","38.042","7","8","2024","17","45","1","900"
"1a678229432f06d346e5737498d69fe9","7343","2024-07-08T17:45:00.000","RIVERSIDE DR / BURTON DR","NORTHBOUND","LEFT TURN","false","13","27.769","10.631","25.1","46.384","7","8","2024","17","45","1","900"
"b886faac0308618ef923a2c59ba7f1fd","7343","2024-07-08T17:45:00.000","RIVERSIDE DR / BURTON DR","NORTHBOUND","RIGHT TURN","false","1","21.0","0.0","1.5","0.0","7","8","2024","17","45","1","900"
"3f8419c01a301931b76b81515a5cda39","7343","2024-07-08T17:45:00.000","RIVERSIDE DR / BURTON DR","NORTHBOUND","THRU","false","6","35.667","12.307","0.3","0.21","7","8","2024","17","45","1","900"
"8346d9e9d8644f3aacc1b375dd61d83b","7343","2024-07-08T17:45:00.000","RIVERSIDE DR / BURTON DR","NORTHBOUND","THRU","true","5","23.0","11.64","2.04","3.67","7","8","2024","17","45","1","900"
"f4ee4910907650c4e7423a1aab644ee3","7343","2024-07-08T17:45:00.000","RIVERSIDE DR / BURTON DR","SOUTHBOUND","LEFT TURN","false","4","14.0","1.826","32.125","59.349","7","8","2024","17","45","1","900"
"896536b2f4bf65a4c6227c5b0cc1b22d","7343","2024-07-08T17:45:00.000","RIVERSIDE DR / BURTON DR","SOUTHBOUND","LEFT TURN","true","4","26.75","22.897","31.15","47.948","7","8","2024","17","45","1","900"
"cfd2b2cb5fd10995e56823eeb5e79f5a","7343","2024-07-08T17:45:00.000","RIVERSIDE DR / BURTON DR","SOUTHBOUND","RIGHT TURN","false","14","10.143","3.159","21.386","40.894","7","8","2024","17","45","1","900"
"74d16f025fdda500695e997c54165c65","7343","2024-07-08T17:45:00.000","RIVERSIDE DR / BURTON DR","SOUTHBOUND","RIGHT TURN","true","2","12.0","2.828","1.4","1.838","7","8","2024","17","45","1","900"
"dbf95a72d21902b5382757630c907533","7343","2024-07-08T17:45:00.000","RIVERSIDE DR / BURTON DR","SOUTHBOUND","THRU","false","16","15.375","7.238","28.781","40.812","7","8","2024","17","45","1","900"
"3e2f10bff0e1e8f9e0111a6634be8e9e","7343","2024-07-08T17:45:00.000","RIVERSIDE DR / BURTON DR","SOUTHBOUND","THRU","true","9","17.889","5.533","16.867","26.682","7","8","2024","17","45","1","900"
"29b662923f44d5230b8f9623c7a6bad7","7343","2024-07-08T17:45:00.000","RIVERSIDE DR / BURTON DR","WESTBOUND","LEFT TURN","false","15","11.533","4.533","2.027","2.035","7","8","2024","17","45","1","900"
"71313dfb0dd863fa6ca3b4447dc072d5","7343","2024-07-08T17:45:00.000","RIVERSIDE DR / BURTON DR","WESTBOUND","LEFT TURN","true","5","12.0","7.616","20.02","38.971","7","8","2024","17","45","1","900"
"3f121c217dd29129a7fcd624986f7e4a","7343","2024-07-08T17:45:00.000","RIVERSIDE DR / BURTON DR","WESTBOUND","RIGHT TURN","false","9","7.111","9.993","3.6","4.13","7","8","2024","17","45","1","900"
"eb43c62d3ac9e7eadeabf5e86c37d161","7343","2024-07-08T17:45:00.000","RIVERSIDE DR / BURTON DR","WESTBOUND","THRU","false","147","34.905","17.704","4.422","15.48","7","8","2024","17","45","1","900"
"4d446dfbbe50bf1c6e78b5da25d75733","7343","2024-07-08T17:45:00.000","RIVERSIDE DR / BURTON DR","WESTBOUND","THRU","true","37","40.081","21.933","1.146","1.297","7","8","2024","17","45","1","900"
"c3dc7eda21c130939d1cfae4caf52a35","6382","2024-07-08T17:45:00.000","FM 620 RD / DEERBROOK TRL","EASTBOUND","RIGHT TURN","false","6","34.833","22.013","0.633","0.647","7","8","2024","17","45","1","900"
"7ce856bf3832d21035150ad559800bf9","6382","2024-07-08T17:45:00.000","FM 620 RD / DEERBROOK TRL","EASTBOUND","THRU","false","320","33.538","11.198","1.87","5.986","7","8","2024","17","45","1","900"
"e0e4c2c6d7848db390d79fcc4e65ab75","6382","2024-07-08T17:45:00.000","FM 620 RD / DEERBROOK TRL","EASTBOUND","THRU","true","7","35.857","9.788","1.371","0.547","7","8","2024","17","45","1","900"
"c4cb87ecda1bb18b386a26f6e0221c21","6382","2024-07-08T17:45:00.000","FM 620 RD / DEERBROOK TRL","NORTHBOUND","LEFT TURN","false","6","7.667","3.502","16.133","36.989","7","8","2024","17","45","1","900"
"bbf41830370346d37b3aedaa55d9ba4f","6382","2024-07-08T17:45:00.000","FM 620 RD / DEERBROOK TRL","NORTHBOUND","RIGHT TURN","false","14","4.5","4.128","8.893","12.86","7","8","2024","17","45","1","900"
"0428baec788db1731ebf0fa55808a481","6382","2024-07-08T17:45:00.000","FM 620 RD / DEERBROOK TRL","NORTHBOUND","THRU","false","2","11.5","0.707","10.45","7.0","7","8","2024","17","45","1","900"
"6b035006d54babb0fa122ab7d66a2280","6382","2024-07-08T17:45:00.000","FM 620 RD / DEERBROOK TRL","NORTHBOUND","THRU","true","1","12.0","0.0","0.1","0.0","7","8","2024","17","45","1","900"
"71689bc426c474599b6060bdc5e5edf9","6382","2024-07-08T17:45:00.000","FM 620 RD / DEERBROOK TRL","WESTBOUND","LEFT TURN","false","25","9.72","4.722","10.58","23.796","7","8","2024","17","45","1","900"
"2dda61387724d5d76414cc433ad93bac","6382","2024-07-08T17:45:00.000","FM 620 RD / DEERBROOK TRL","WESTBOUND","LEFT TURN","true","2","8.0","5.657","6.05","8.556","7","8","2024","17","45","1","900"
"b5dc6df64a8c20f4d9d14f68d7e347db","6382","2024-07-08T17:45:00.000","FM 620 RD / DEERBROOK TRL","WESTBOUND","THRU","false","380","30.116","8.201","1.164","2.205","7","8","2024","17","45","1","900"
"15c3514861c64e61251d7914ded05415","6382","2024-07-08T17:45:00.000","FM 620 RD / DEERBROOK TRL","WESTBOUND","THRU","true","22","27.636","7.108","1.85","4.824","7","8","2024","17","45","1","900"
"cfd41520a55c04d42688c944fed65f0f","6881","2024-07-08T17:45:00.000","SLAUGHTER LN / LINDSHIRE LN","EASTBOUND","RIGHT TURN","false","21","15.381","13.143","3.1","2.521","7","8","2024","17","45","1","900"
"ad26fd058cb8f77958d726afe00e53a6","6881","2024-07-08T17:45:00.000","SLAUGHTER LN / LINDSHIRE LN","EASTBOUND","THRU","false","350","30.609","8.882","1.51","2.399","7","8","2024","17","45","1","900"
"6b9c0bcde1c6c497fcfbebda86a81cf6","6881","2024-07-08T17:45:00.000","SLAUGHTER LN / LINDSHIRE LN","EASTBOUND","THRU","true","2","25.0","1.414","0.25","0.354","7","8","2024","17","45","1","900"
"e51c4b3c4370517a2fbb689dbe8123f1","6881","2024-07-08T17:45:00.000","SLAUGHTER LN / LINDSHIRE LN","NORTHBOUND","LEFT TURN","false","11","8.909","3.27","0.164","0.388","7","8","2024","17","45","1","900"
"ca4956acc15ad718621e55808fd866a3","6881","2024-07-08T17:45:00.000","SLAUGHTER LN / LINDSHIRE LN","NORTHBOUND","RIGHT TURN","false","2","6.0","1.414","2.05","2.899","7","8","2024","17","45","1","900"
"81f7fd7c9a55bbe90bce98bcf2406195","6881","2024-07-08T17:45:00.000","SLAUGHTER LN / LINDSHIRE LN","NORTHBOUND","THRU","false","2","7.0","7.071","0.6","0.707","7","8","2024","17","45","1","900"
"4efcf6bbc1ba06af39604617f3708b0e","6881","2024-07-08T17:45:00.000","SLAUGHTER LN / LINDSHIRE LN","SOUTHBOUND","THRU","false","1","7.0","0.0","8.7","0.0","7","8","2024","17","45","1","900"
"1892289ee108e13b1a3a1cac14a75258","6881","2024-07-08T17:45:00.000","SLAUGHTER LN / LINDSHIRE LN","WESTBOUND","LEFT TURN","false","1","5.0","0.0","57.3","0.0","7","8","2024","17","45","1","900"
"d230f81461636e1a033739e9a799d301","6881","2024-07-08T17:45:00.000","SLAUGHTER LN / LINDSHIRE LN","WESTBOUND","THRU","false","211","29.455","6.016","1.344","2.357","7","8","2024","17","45","1","900"
"de288f845b3663725082be88b4a899b6","6881","2024-07-08T17:45:00.000","SLAUGHTER LN / LINDSHIRE LN","WESTBOUND","THRU","true","5","29.2","4.087","0.82","0.618","7","8","2024","17","45","1","900"
"1bac929707b5025e1b9f6c0fbe3fde5a","6808","2024-07-08T17:45:00.000","OLTORF ST / 4TH ST","EASTBOUND","LEFT TURN","false","7","11.571","24.061","36.471","51.899","7","8","2024","17","45","1","900"
"f99660d5c4abd6c12d91bbcd6da5f882","6808","2024-07-08T17:45:00.000","OLTORF ST / 4TH ST","EASTBOUND","RIGHT TURN","false","13","7.923","13.955","1.277","0.736","7","8","2024","17","45","1","900"
"327f09e9dee466fd43c425441676efd4","6808","2024-07-08T17:45:00.000","OLTORF ST / 4TH ST","EASTBOUND","THRU","false","39","7.462","3.612","9.164","28.16","7","8","2024","17","45","1","900"
"fbad4f0415abbb62b4d2574c0be4be13","6808","2024-07-08T17:45:00.000","OLTORF ST / 4TH ST","EASTBOUND","THRU","true","2","4.5","6.364","31.25","41.649","7","8","2024","17","45","1","900"
"310180be27059f9945950c0b8bfe94cd","6808","2024-07-08T17:45:00.000","OLTORF ST / 4TH ST","NORTHBOUND","LEFT TURN","false","10","3.8","2.44","11.18","34.303","7","8","2024","17","45","1","900"
"7d919b00b0987fde8b35d3120f258785","6808","2024-07-08T17:45:00.000","OLTORF ST / 4TH ST","NORTHBOUND","RIGHT TURN","false","9","4.556","1.236","9.211","19.553","7","8","2024","17","45","1","900"
"c6c5d9e47ed5cae55da5cbc39ea42f99","6808","2024-07-08T17:45:00.000","OLTORF ST / 4TH ST","NORTHBOUND","THRU","false","66","11.061","14.64","5.585","16.493","7","8","2024","17","45","1","900"
"91940bddfefc59171d617a6b22ec7b00","6808","2024-07-08T17:45:00.000","OLTORF ST / 4TH ST","SOUTHBOUND","LEFT TURN","false","25","8.16","3.923","13.096","33.24","7","8","2024","17","45","1","900"
"ab41009dc42b1c4cd3063e564448201a","6808","2024-07-08T17:45:00.000","OLTORF ST / 4TH ST","SOUTHBOUND","LEFT TURN","true","1","14.0","0.0","1.7","0.0","7","8","2024","17","45","1","900"
"39d8580b3d5d9ebadbd29961a25d2da3","6808","2024-07-08T17:45:00.000","OLTORF ST / 4TH ST","SOUTHBOUND","RIGHT TURN","false","9","6.444","0.726","2.844","0.548","7","8","2024","17","45","1","900"
"bf6bb267c7e0afa8cc1c30b97416bddc","6808","2024-07-08T17:45:00.000","OLTORF ST / 4TH ST","SOUTHBOUND","THRU","false","104","12.981","11.739","3.89","11.885","7","8","2024","17","45","1","900"
"db43517c38c27add6b4bba226c137631","6808","2024-07-08T17:45:00.000","OLTORF ST / 4TH ST","SOUTHBOUND","THRU","true","2","11.5","3.536","29.0","39.315","7","8","2024","17","45","1","900"
"46bec2568f2c3f5122d2a1641cf3346c","6808","2024-07-08T17:45:00.000","OLTORF ST / 4TH ST","SOUTHBOUND","U-TURN","false","1","5.0","0.0","50.4","0.0","7","8","2024","17","45","1","900"
"c8c7e0f2bdee115626d276c2deec61bc","6808","2024-07-08T17:45:00.000","OLTORF ST / 4TH ST","WESTBOUND","LEFT TURN","false","10","6.7","1.889","1.34","2.2","7","8","2024","17","45","1","900"
"5536df22580a5ce9478d588cdabe3f61","6808","2024-07-08T17:45:00.000","OLTORF ST / 4TH ST","WESTBOUND","RIGHT TURN","false","8","5.875","1.126","5.925","9.265","7","8","2024","17","45","1","900"
"8986eedfeffc32cde2dfcd2d7e62cde4","6808","2024-07-08T17:45:00.000","OLTORF ST / 4TH ST","WESTBOUND","THRU","false","53","9.491","3.017","17.46","33.668","7","8","2024","17","45","1","900"
"4c39dfb483da73d1abab40f41c5c1c16","6808","2024-07-08T17:45:00.000","OLTORF ST / 4TH ST","WESTBOUND","THRU","true","1","15.0","0.0","2.2","0.0","7","8","2024","17","45","1","900"
"a9b8c659f9a27d9349f360278b9aee4c","6808","2024-07-08T17:45:00.000","OLTORF ST / 4TH ST","WESTBOUND","U-TURN","false","1","4.0","0.0","0.1","0.0","7","8","2024","17","45","1","900"
"a5ef4b2d7154ef166a1e334a4f5d9dc1","6653","2024-07-08T17:30:00.000","38TH ST / MEDICAL PKWY","EASTBOUND","LEFT TURN","false","19","11.316","4.435","18.032","22.795","7","8","2024","17","30","1","900"
"8792f5d51e8b5e3d65a18af106cf5eb2","6653","2024-07-08T17:30:00.000","38TH ST / MEDICAL PKWY","EASTBOUND","LEFT TURN","true","5","13.2","3.033","20.04","22.836","7","8","2024","17","30","1","900"
"5c57109fdd69c4ee6cf4589c7fd9dac9","6653","2024-07-08T17:30:00.000","38TH ST / MEDICAL PKWY","EASTBOUND","RIGHT TURN","false","7","9.571","3.359","1.114","0.573","7","8","2024","17","30","1","900"
"c26155f76a5545749bc17aab69e24a43","6653","2024-07-08T17:30:00.000","38TH ST / MEDICAL PKWY","EASTBOUND","THRU","false","121","17.826","5.825","17.472","32.893","7","8","2024","17","30","1","900"
"026be8a6f37cf01aa7c22a2bf2998acc","6653","2024-07-08T17:30:00.000","38TH ST / MEDICAL PKWY","EASTBOUND","THRU","true","24","17.25","5.636","28.558","43.861","7","8","2024","17","30","1","900"
"c691f74a411e9aab88d572c5f680ecf1","6653","2024-07-08T17:30:00.000","38TH ST / MEDICAL PKWY","EASTBOUND","U-TURN","false","1","14.0","0.0","1.1","0.0","7","8","2024","17","30","1","900"
"75130e093c170da1bdb5fb40b928ca39","6653","2024-07-08T17:30:00.000","38TH ST / MEDICAL PKWY","NORTHBOUND","LEFT TURN","false","10","10.1","7.078","42.22","51.698","7","8","2024","17","30","1","900"
"d64a6c3da32c9952b7ca0d29ccd77d1e","6653","2024-07-08T17:30:00.000","38TH ST / MEDICAL PKWY","NORTHBOUND","LEFT TURN","true","3","14.333","3.786","70.4","61.052","7","8","2024","17","30","1","900"
"82706e40cdd12d879177bf7e2575411d","6653","2024-07-08T17:30:00.000","38TH ST / MEDICAL PKWY","NORTHBOUND","RIGHT TURN","false","15","6.8","5.685","20.733","37.983","7","8","2024","17","30","1","900"
"a27c09ef9181b660df68d68e7fcd4b8f","6653","2024-07-08T17:30:00.000","38TH ST / MEDICAL PKWY","NORTHBOUND","RIGHT TURN","true","5","8.0","4.528","17.52","29.022","7","8","2024","17","30","1","900"
"e62b3f1bcf1f4ef78519a5a3ef534a7d","6653","2024-07-08T17:30:00.000","38TH ST / MEDICAL PKWY","NORTHBOUND","THRU","false","3","19.333","3.512","2.033","0.833","7","8","2024","17","30","1","900"
"96de84678066026ca24252948edbf3c2","6653","2024-07-08T17:30:00.000","38TH ST / MEDICAL PKWY","SOUTHBOUND","LEFT TURN","false","15","16.133","4.941","28.26","32.729","7","8","2024","17","30","1","900"
"239ca81ae5e6da33e68aa58c208903d2","6653","2024-07-08T17:30:00.000","38TH ST / MEDICAL PKWY","SOUTHBOUND","RIGHT TURN","false","2","10.5","3.536","7.8","2.263","7","8","2024","17","30","1","900"
"d105b0ab12d288a6dadfe513de1dc442","6653","2024-07-08T17:30:00.000","38TH ST / MEDICAL PKWY","SOUTHBOUND","RIGHT TURN","true","8","9.625","3.852","19.425","24.606","7","8","2024","17","30","1","900"
"c7fe71e5b949571db6b5a4d5a06531f2","6653","2024-07-08T17:30:00.000","38TH ST / MEDICAL PKWY","SOUTHBOUND","THRU","false","5","11.4","3.362","40.48","33.145","7","8","2024","17","30","1","900"
"05f31a854d61e81a62bf88effb385b8b","6653","2024-07-08T17:30:00.000","38TH ST / MEDICAL PKWY","WESTBOUND","LEFT TURN","false","10","7.1","3.695","28.44","33.283","7","8","2024","17","30","1","900"
"b337f328ed33a9ba70742ccee45c3c75","6653","2024-07-08T17:30:00.000","38TH ST / MEDICAL PKWY","WESTBOUND","RIGHT TURN","false","6","11.667","3.724","4.183","3.006","7","8","2024","17","30","1","900"
"116002aeda4d067efe97152c4c42fdb8","6653","2024-07-08T17:30:00.000","38TH ST / MEDICAL PKWY","WESTBOUND","RIGHT TURN","true","11","14.455","2.067","2.009","1.627","7","8","2024","17","30","1","900"
"9a9aec366a3cb109668510d21d29ca85","6653","2024-07-08T17:30:00.000","38TH ST / MEDICAL PKWY","WESTBOUND","THRU","false","102","23.784","8.654","6.11","16.402","7","8","2024","17","30","1","900"
"94af7598d0b8fc3a7cbe89d0ea826a33","6653","2024-07-08T17:30:00.000","38TH ST / MEDICAL PKWY","WESTBOUND","THRU","true","72","22.736","7.682","2.981","11.343","7","8","2024","17","30","1","900"
"b6bf2a9bbac2f657eede7e45cab4ba95","6882","2024-07-08T17:30:00.000","AIRPORT BLVD / 51ST ST","EASTBOUND","LEFT TURN","false","18","11.278","3.675","15.856","32.703","7","8","2024","17","30","1","900"
"5f3a575cd7fe64350efb9f4c90292ddf","6882","2024-07-08T17:30:00.000","AIRPORT BLVD / 51ST ST","EASTBOUND","LEFT TURN","true","4","13.75","4.272","17.05","30.901","7","8","2024","17","30","1","900"
"e11ed01462e36383c9be954b2080e66b","6882","2024-07-08T17:30:00.000","AIRPORT BLVD / 51ST ST","EASTBOUND","RIGHT TURN","false","37","13.243","4.609","6.078","14.493","7","8","2024","17","30","1","900"
"8a9eb20c51a048d81951cc53f9e427c9","6882","2024-07-08T17:30:00.000","AIRPORT BLVD / 51ST ST","EASTBOUND","RIGHT TURN","true","6","21.0","8.0","9.483","20.311","7","8","2024","17","30","1","900"
"a12b3ead7149342754ff7d577541c5b2","6882","2024-07-08T17:30:00.000","AIRPORT BLVD / 51ST ST","EASTBOUND","THRU","false","120","16.608","8.632","4.289","13.527","7","8","2024","17","30","1","900"
"56d54657e0929a37521c2cc41e342c44","6882","2024-07-08T17:30:00.000","AIRPORT BLVD / 51ST ST","EASTBOUND","THRU","true","6","13.167","5.913","3.183","3.144","7","8","2024","17","30","1","900"
"0c120898258a3392b3f2d73623937890","6882","2024-07-08T17:30:00.000","AIRPORT BLVD / 51ST ST","NORTHBOUND","LEFT TURN","false","10","8.2","4.417","13.52","39.028","7","8","2024","17","30","1","900"
"3b5359dd3d4bcf99ff7f1b176c83cf87","6882","2024-07-08T17:30:00.000","AIRPORT BLVD / 51ST ST","NORTHBOUND","LEFT TURN","true","1","8.0","0.0","3.1","0.0","7","8","2024","17","30","1","900"
"c39b9beb66fb0247f9bdcabd39ad86d2","6882","2024-07-08T17:30:00.000","AIRPORT BLVD / 51ST ST","SOUTHBOUND","RIGHT TURN","false","4","13.0","2.582","4.725","2.696","7","8","2024","17","30","1","900"
"1fa944606230694c9ab045594d5d558f","6882","2024-07-08T17:30:00.000","AIRPORT BLVD / 51ST ST","SOUTHBOUND","THRU","false","109","29.404","13.41","9.872","21.172","7","8","2024","17","30","1","900"
"826b17dd19b5f8d10443d399b42079fa","6882","2024-07-08T17:30:00.000","AIRPORT BLVD / 51ST ST","SOUTHBOUND","THRU","true","5","26.6","5.32","3.1","0.943","7","8","2024","17","30","1","900"
"7e8411215a71446f86dff2cc6fffca4e","6882","2024-07-08T17:30:00.000","AIRPORT BLVD / 51ST ST","WESTBOUND","LEFT TURN","false","6","3.333","3.777","48.167","82.184","7","8","2024","17","30","1","900"
"379123b0b96e1c50a75e75b401df4f0e","6882","2024-07-08T17:30:00.000","AIRPORT BLVD / 51ST ST","WESTBOUND","RIGHT TURN","false","31","6.226","6.781","12.019","36.576","7","8","2024","17","30","1","900"
"34c40b73cef5e2c5b0db7c10908baecd","6882","2024-07-08T17:30:00.000","AIRPORT BLVD / 51ST ST","WESTBOUND","RIGHT TURN","true","2","6.5","2.121","28.8","28.991","7","8","2024","17","30","1","900"
"e12a342d23af29a971607b40fe20c7d6","6882","2024-07-08T17:30:00.000","AIRPORT BLVD / 51ST ST","WESTBOUND","THRU","false","32","9.375","8.53","15.344","39.472","7","8","2024","17","30","1","900"
"ead29aba204f58772d8f6e3a18df30bf","6882","2024-07-08T17:30:00.000","AIRPORT BLVD / 51ST ST","WESTBOUND","THRU","true","4","7.5","7.141","43.375","47.084","7","8","2024","17","30","1","900"
"806c88217809af1e085bb1465ba5fd16","7038","2024-07-08T17:30:00.000","ANDERSON LN / SHOAL CREEK BLVD","EASTBOUND","LEFT TURN","false","16","13.062","4.878","0.0","0.0","7","8","2024","17","30","1","900"
"83c5f4c70bc6bc823be0fda9e57560ec","7038","2024-07-08T17:30:00.000","ANDERSON LN / SHOAL CREEK BLVD","EASTBOUND","RIGHT TURN","false","35","12.429","3.099","0.0","0.0","7","8","2024","17","30","1","900"
"aa9bccb140a4e6d31b74b1bc67feea02","7038","2024-07-08T17:30:00.000","ANDERSON LN / SHOAL CREEK BLVD","EASTBOUND","THRU","false","176","27.21","9.044","-0.023","0.149","7","8","2024","17","30","1","900"
"7a1a546d8b4ebd55f6971720f803c877","7038","2024-07-08T17:30:00.000","ANDERSON LN / SHOAL CREEK BLVD","EASTBOUND","THRU","true","3","30.667","8.083","0.0","0.0","7","8","2024","17","30","1","900"
"0f9c9e994b367017ccf8d7d3395f3e62","7038","2024-07-08T17:30:00.000","ANDERSON LN / SHOAL CREEK BLVD","NORTHBOUND","LEFT TURN","false","59","12.373","4.842","-0.085","0.281","7","8","2024","17","30","1","900"
"530b1ab119a0caca58d1f27e7f158725","7038","2024-07-08T17:30:00.000","ANDERSON LN / SHOAL CREEK BLVD","NORTHBOUND","LEFT TURN","true","1","1.0","0.0","0.0","0.0","7","8","2024","17","30","1","900"
"1a498b3892d3580bb4af0e8391e9d48a","7038","2024-07-08T17:30:00.000","ANDERSON LN / SHOAL CREEK BLVD","NORTHBOUND","RIGHT TURN","false","9","7.111","4.485","0.0","0.0","7","8","2024","17","30","1","900"
"cc1e900f4ed05891ebeb46715c347532","7038","2024-07-08T17:30:00.000","ANDERSON LN / SHOAL CREEK BLVD","NORTHBOUND","RIGHT TURN","true","1","4.0","0.0","0.0","0.0","7","8","2024","17","30","1","900"
"8f5662fbc9cd256625f392792c610717","7038","2024-07-08T17:30:00.000","ANDERSON LN / SHOAL CREEK BLVD","NORTHBOUND","THRU","false","31","13.355","5.289","-0.097","0.301","7","8","2024","17","30","1","900"
"64feaef025285896f16b2836e8f05c22","7038","2024-07-08T17:30:00.000","ANDERSON LN / SHOAL CREEK BLVD","SOUTHBOUND","LEFT TURN","false","21","10.476","4.535","-0.048","0.218","7","8","2024","17","30","1","900"
"b0ed4ec03baab6fec7ea2a5377d5c2bf","7038","2024-07-08T17:30:00.000","ANDERSON LN / SHOAL CREEK BLVD","SOUTHBOUND","RIGHT TURN","false","24","7.375","4.052","0.0","0.0","7","8","2024","17","30","1","900"
"da2ebcf1b9d19f7ad4b528bfd6006131","7038","2024-07-08T17:30:00.000","ANDERSON LN / SHOAL CREEK BLVD","SOUTHBOUND","RIGHT TURN","true","1","8.0","0.0","0.0","0.0","7","8","2024","17","30","1","900"
"511705e61bd148f8a46251cc5a17733c","7038","2024-07-08T17:30:00.000","ANDERSON LN / SHOAL CREEK BLVD","SOUTHBOUND","THRU","false","29","12.897","4.701","-0.069","0.258","7","8","2024","17","30","1","900"
"55bcc0b0aaebac85551e00eae223956b","7038","2024-07-08T17:30:00.000","ANDERSON LN / SHOAL CREEK BLVD","SOUTHBOUND","THRU","true","1","12.0","0.0","0.0","0.0","7","8","2024","17","30","1","900"
"283e7ab09c09f20d8fb12f96547101e6","7038","2024-07-08T17:30:00.000","ANDERSON LN / SHOAL CREEK BLVD","WESTBOUND","LEFT TURN","false","4","3.5","4.509","-0.25","0.5","7","8","2024","17","30","1","900"
"6573d9ef8be207ecd9e2146bf249f796","7038","2024-07-08T17:30:00.000","ANDERSON LN / SHOAL CREEK BLVD","WESTBOUND","RIGHT TURN","false","1","14.0","0.0","-1.0","0.0","7","8","2024","17","30","1","900"
"4b0129ed42737a8e0f1ea1e2131ea17e","7038","2024-07-08T17:30:00.000","ANDERSON LN / SHOAL CREEK BLVD","WESTBOUND","THRU","false","161","20.82","6.758","-0.509","0.501","7","8","2024","17","30","1","900"
"bbe2976dd4b99b0204a55e553759b750","7038","2024-07-08T17:30:00.000","ANDERSON LN / SHOAL CREEK BLVD","WESTBOUND","THRU","true","16","17.875","4.365","-0.25","0.447","7","8","2024","17","30","1","900"
"982c0330b451ea9a09a3206055248916","7343","2024-07-08T17:30:00.000","RIVERSIDE DR / BURTON DR","EASTBOUND","LEFT TURN","false","26","13.577","3.679","13.75","34.787","7","8","2024","17","30","1","900"
"dcaf365b91f764e8b2caafba6216dd97","7343","2024-07-08T17:30:00.000","RIVERSIDE DR / BURTON DR","EASTBOUND","LEFT TURN","true","3","16.333","5.774","36.833","63.278","7","8","2024","17","30","1","900"
"f74ace8fd6404f2bb48426a3319a7bc7","7343","2024-07-08T17:30:00.000","RIVERSIDE DR / BURTON DR","EASTBOUND","THRU","false","80","30.912","8.937","5.281","16.89","7","8","2024","17","30","1","900"
"5665ed2e191bba1817d3f143f6c149f2","7343","2024-07-08T17:30:00.000","RIVERSIDE DR / BURTON DR","EASTBOUND","THRU","true","198","30.535","10.691","5.585","17.065","7","8","2024","17","30","1","900"
"c8e3ad7706097b0a68d646d6514122a2","7343","2024-07-08T17:30:00.000","RIVERSIDE DR / BURTON DR","EASTBOUND","U-TURN","false","1","9.0","0.0","2.1","0.0","7","8","2024","17","30","1","900"
"996354294190f4438a2f248ad3b65948","7343","2024-07-08T17:30:00.000","RIVERSIDE DR / BURTON DR","NORTHBOUND","LEFT TURN","false","11","24.818","7.6","6.382","19.886","7","8","2024","17","30","1","900"
"f97e6915d55cec678306f326c6ffa7fb","7343","2024-07-08T17:30:00.000","RIVERSIDE DR / BURTON DR","NORTHBOUND","RIGHT TURN","false","4","16.75","4.031","0.825","0.465","7","8","2024","17","30","1","900"
"c196dcc4f3cc3265759667064bd95e2d","7343","2024-07-08T17:30:00.000","RIVERSIDE DR / BURTON DR","NORTHBOUND","RIGHT TURN","true","2","17.5","2.121","4.3","1.697","7","8","2024","17","30","1","900"
"d73a8117f43817aaba3dadf88c73fc09","7343","2024-07-08T17:30:00.000","RIVERSIDE DR / BURTON DR","NORTHBOUND","THRU","false","13","17.231","9.901","6.423","20.232","7","8","2024","17","30","1","900"
"9c85055ef64f10ec9875f3d26ff37fc1","7343","2024-07-08T17:30:00.000","RIVERSIDE DR / BURTON DR","NORTHBOUND","THRU","true","4","17.0","11.747","19.05","37.434","7","8","2024","17","30","1","900"
"48e1294b94e62253c41382bf07350d18","7343","2024-07-08T17:30:00.000","RIVERSIDE DR / BURTON DR","SOUTHBOUND","LEFT TURN","false","8","15.75","3.012","33.175","56.779","7","8","2024","17","30","1","900"
"1bfd94c8530fa9a94bcd9677e36c0ec7","7343","2024-07-08T17:30:00.000","RIVERSIDE DR / BURTON DR","SOUTHBOUND","LEFT TURN","true","1","13.0","0.0","115.7","0.0","7","8","2024","17","30","1","900"
"3cb76d5e3f28b2b88b477540975e1df2","7343","2024-07-08T17:30:00.000","RIVERSIDE DR / BURTON DR","SOUTHBOUND","RIGHT TURN","false","14","9.5","3.156","5.464","4.155","7","8","2024","17","30","1","900"
"8082a7e2663ce9d2ec4df574832fefdb","7343","2024-07-08T17:30:00.000","RIVERSIDE DR / BURTON DR","SOUTHBOUND","RIGHT TURN","true","3","12.0","6.928","8.567","14.665","7","8","2024","17","30","1","900"
"0f48df5168c0a364635a184b77755859","7343","2024-07-08T17:30:00.000","RIVERSIDE DR / BURTON DR","SOUTHBOUND","THRU","false","10","17.0","3.528","37.95","63.112","7","8","2024","17","30","1","900"
"e38948e7467b7196d9ebf3b853f20e54","7343","2024-07-08T17:30:00.000","RIVERSIDE DR / BURTON DR","SOUTHBOUND","THRU","true","16","18.688","6.75","36.831","47.451","7","8","2024","17","30","1","900"
"29b04d4dac16b28e0de1616b082c4663","7343","2024-07-08T17:30:00.000","RIVERSIDE DR / BURTON DR","WESTBOUND","LEFT TURN","false","12","12.583","4.776","3.408","8.945","7","8","2024","17","30","1","900"
"f73a2901a51c3a406af816ef0a00fcd3","7343","2024-07-08T17:30:00.000","RIVERSIDE DR / BURTON DR","WESTBOUND","LEFT TURN","true","5","22.8","26.119","18.58","37.408","7","8","2024","17","30","1","900"
"8f0cb1055ff97f7f57fca988016d19ca","7343","2024-07-08T17:30:00.000","RIVERSIDE DR / BURTON DR","WESTBOUND","RIGHT TURN","false","10","6.9","11.58","5.91","11.029","7","8","2024","17","30","1","900"
"0f15ca7644544dcdbe744c9935ad0958","7343","2024-07-08T17:30:00.000","RIVERSIDE DR / BURTON DR","WESTBOUND","THRU","false","164","30.646","18.458","5.291","14.57","7","8","2024","17","30","1","900"
"d079005f25e5c220df5537fc22d4b2ca","7343","2024-07-08T17:30:00.000","RIVERSIDE DR / BURTON DR","WESTBOUND","THRU","true","23","38.391","22.016","0.983","1.22","7","8","2024","17","30","1","900"
"11428ba0b4ea280d0f67daf7e2bc8d01","6382","2024-07-08T17:30:00.000","FM 620 RD / DEERBROOK TRL","EASTBOUND","LEFT TURN","true","1","62.0","0.0","0.3","0.0","7","8","2024","17","30","1","900"
"a81708c9a10058a600b76a1023677591","6382","2024-07-08T17:30:00.000","FM 620 RD / DEERBROOK TRL","EASTBOUND","RIGHT TURN","false","5","14.0","11.136","6.08","11.327","7","8","2024","17","30","1","900"
"c2563de93607851952f0ccbdcc7936d7","6382","2024-07-08T17:30:00.000","FM 620 RD / DEERBROOK TRL","EASTBOUND","RIGHT TURN","true","1","48.0","0.0","0.4","0.0","7","8","2024","17","30","1","900"
"8d83ee1588cea6973f79bca10282a260","6382","2024-07-08T17:30:00.000","FM 620 RD / DEERBROOK TRL","EASTBOUND","THRU","false","359","30.245","9.175","1.623","4.591","7","8","2024","17","30","1","900"
"79f28f7945a25f393ec5722bc270c373","6382","2024-07-08T17:30:00.000","FM 620 RD / DEERBROOK TRL","EASTBOUND","THRU","true","21","31.0","6.641","1.024","0.763","7","8","2024","17","30","1","900"
"9280ab58b893249f05704ed8df49ba05","6382","2024-07-08T17:30:00.000","FM 620 RD / DEERBROOK TRL","NORTHBOUND","LEFT TURN","false","1","3.0","0.0","140.9","0.0","7","8","2024","17","30","1","900"
"b784c93ebd53370ff562ad4c09be1440","6382","2024-07-08T17:30:00.000","FM 620 RD / DEERBROOK TRL","NORTHBOUND","LEFT TURN","true","1","4.0","0.0","0.2","0.0","7","8","2024","17","30","1","900"
"05886b58b69a5f7693490a8dea143802","6382","2024-07-08T17:30:00.000","FM 620 RD / DEERBROOK TRL","NORTHBOUND","RIGHT TURN","false","21","4.143","2.22","7.433","20.765","7","8","2024","17","30","1","900"
"40eb9f6db87a7ae20127e9e6ca54f8a3","6382","2024-07-08T17:30:00.000","FM 620 RD / DEERBROOK TRL","NORTHBOUND","THRU","false","1","18.0","0.0","63.1","0.0","7","8","2024","17","30","1","900"
"0df553f3da351c9fdc1b7da51734b31e","6382","2024-07-08T17:30:00.000","FM 620 RD / DEERBROOK TRL","SOUTHBOUND","RIGHT TURN","false","1","27.0","0.0","33.8","0.0","7","8","2024","17","30","1","900"
"cb6ccfc96dcb8b7fc2f92520bf3ef1df","6382","2024-07-08T17:30:00.000","FM 620 RD / DEERBROOK TRL","SOUTHBOUND","THRU","false","1","9.0","0.0","299.7","0.0","7","8","2024","17","30","1","900"
"e881f160ff8c287c5c7b6a065a46533f","6382","2024-07-08T17:30:00.000","FM 620 RD / DEERBROOK TRL","WESTBOUND","LEFT TURN","false","26","13.269","8.374","16.046","31.22","7","8","2024","17","30","1","900"
"57b7172fb2967167674d361dcf67e792","6382","2024-07-08T17:30:00.000","FM 620 RD / DEERBROOK TRL","WESTBOUND","LEFT TURN","true","2","8.5","6.364","1.3","1.838","7","8","2024","17","30","1","900"
"2ee7e63a193d0e8121142fe9587c134a","6382","2024-07-08T17:30:00.000","FM 620 RD / DEERBROOK TRL","WESTBOUND","THRU","false","384","30.198","9.223","1.467","4.03","7","8","2024","17","30","1","900"
"6a5b93a065ee957276859dc682db961b","6382","2024-07-08T17:30:00.000","FM 620 RD / DEERBROOK TRL","WESTBOUND","THRU","true","17","33.765","20.095","1.147","0.777","7","8","2024","17","30","1","900"
"4586fc2c8c38a0ec2dfa2c85903966ea","6881","2024-07-08T17:30:00.000","SLAUGHTER LN / LINDSHIRE LN","EASTBOUND","LEFT TURN","false","1","29.0","0.0","1.7","0.0","7","8","2024","17","30","1","900"
"72553bfb7c3960e36762c4911ac5c04f","6881","2024-07-08T17:30:00.000","SLAUGHTER LN / LINDSHIRE LN","EASTBOUND","RIGHT TURN","false","13","10.846","5.178","4.454","3.372","7","8","2024","17","30","1","900"
"4ba458dd4316495109e74b3488a6600f","6881","2024-07-08T17:30:00.000","SLAUGHTER LN / LINDSHIRE LN","EASTBOUND","THRU","false","335","29.639","9.246","2.005","4.628","7","8","2024","17","30","1","900"
"35b4768f1f12313b299e5f50e9590180","6881","2024-07-08T17:30:00.000","SLAUGHTER LN / LINDSHIRE LN","EASTBOUND","THRU","true","6","29.167","3.869","1.083","0.768","7","8","2024","17","30","1","900"
"b6f18c2b87044e3db67bc0f090f680d6","6881","2024-07-08T17:30:00.000","SLAUGHTER LN / LINDSHIRE LN","NORTHBOUND","LEFT TURN","false","18","7.5","5.021","23.528","43.972","7","8","2024","17","30","1","900"
"e940403190af841feb8c08db912bb94d","6881","2024-07-08T17:30:00.000","SLAUGHTER LN / LINDSHIRE LN","NORTHBOUND","LEFT TURN","true","1","11.0","0.0","0.1","0.0","7","8","2024","17","30","1","900"
"4dd15b1ee19140cebcd69e61cc54b1b8","6881","2024-07-08T17:30:00.000","SLAUGHTER LN / LINDSHIRE LN","NORTHBOUND","RIGHT TURN","false","4","0.5","0.577","1.825","2.128","7","8","2024","17","30","1","900"
"5371f650e55cf1680d58c27fa4d847a4","6881","2024-07-08T17:30:00.000","SLAUGHTER LN / LINDSHIRE LN","NORTHBOUND","RIGHT TURN","true","1","0.0","0.0","0.1","0.0","7","8","2024","17","30","1","900"
"e63c95effdc5e690227b2e09a3e48317","6881","2024-07-08T17:30:00.000","SLAUGHTER LN / LINDSHIRE LN","NORTHBOUND","THRU","false","1","38.0","0.0","15.0","0.0","7","8","2024","17","30","1","900"
"7696ed960dc5101471bfe1de11187e58","6881","2024-07-08T17:30:00.000","SLAUGHTER LN / LINDSHIRE LN","SOUTHBOUND","LEFT TURN","false","1","7.0","0.0","5.7","0.0","7","8","2024","17","30","1","900"
"78fee918815509dfe38e81a76f3ed517","6881","2024-07-08T17:30:00.000","SLAUGHTER LN / LINDSHIRE LN","SOUTHBOUND","RIGHT TURN","false","1","10.0","0.0","0.0","0.0","7","8","2024","17","30","1","900"
"b74a80544b0589aa37e9ffb478dcd50e","6881","2024-07-08T17:30:00.000","SLAUGHTER LN / LINDSHIRE LN","SOUTHBOUND","THRU","false","1","8.0","0.0","1.6","0.0","7","8","2024","17","30","1","900"
"bc027be89c0c2f08a0c857d875bf7ed8","6881","2024-07-08T17:30:00.000","SLAUGHTER LN / LINDSHIRE LN","WESTBOUND","LEFT TURN","false","6","8.5","1.378","24.633","29.822","7","8","2024","17","30","1","900"
"0b462579028e8f3d6817cc44789f2d11","6881","2024-07-08T17:30:00.000","SLAUGHTER LN / LINDSHIRE LN","WESTBOUND","THRU","false","186","28.317","6.779","1.344","2.072","7","8","2024","17","30","1","900"
"7a1c7a5e15216f6e8fe40f525e8b33e8","6881","2024-07-08T17:30:00.000","SLAUGHTER LN / LINDSHIRE LN","WESTBOUND","THRU","true","14","22.643","11.48","1.279","0.982","7","8","2024","17","30","1","900"
"97327fe89f5d3c9291f6c3ff501fb741","6808","2024-07-08T17:30:00.000","OLTORF ST / 4TH ST","EASTBOUND","LEFT TURN","false","6","4.833","2.563","19.367","46.362","7","8","2024","17","30","1","900"
"08368263acd89010fbccedae3dc9db05","6808","2024-07-08T17:30:00.000","OLTORF ST / 4TH ST","EASTBOUND","RIGHT TURN","false","11","12.091","24.292","11.2","32.352","7","8","2024","17","30","1","900"
"7640e6240e8ff50ad29e46e9ede0687b","6808","2024-07-08T17:30:00.000","OLTORF ST / 4TH ST","EASTBOUND","THRU","false","47","12.979","17.374","7.715","26.422","7","8","2024","17","30","1","900"
"f367d5d0cc487b263f28a8c9cfe31479","6808","2024-07-08T17:30:00.000","OLTORF ST / 4TH ST","EASTBOUND","THRU","true","1","10.0","0.0","0.8","0.0","7","8","2024","17","30","1","900"
"093ad7a6069efc79f534f0679db6bfaf","6808","2024-07-08T17:30:00.000","OLTORF ST / 4TH ST","NORTHBOUND","LEFT TURN","false","10","18.7","20.753","4.79","14.271","7","8","2024","17","30","1","900"
"ccbce9562e8e55ffd8e93d495623351c","6808","2024-07-08T17:30:00.000","OLTORF ST / 4TH ST","NORTHBOUND","LEFT TURN","true","1","6.0","0.0","3.5","0.0","7","8","2024","17","30","1","900"
"8f567c3db5037b4f462a50dfbb0b1466","6808","2024-07-08T17:30:00.000","OLTORF ST / 4TH ST","NORTHBOUND","RIGHT TURN","false","13","4.308","1.316","2.385","1.766","7","8","2024","17","30","1","900"
"ec4fdec3e156d3a027ac1895a8353d8f","6808","2024-07-08T17:30:00.000","OLTORF ST / 4TH ST","NORTHBOUND","THRU","false","55","9.273","14.433","10.22","23.826","7","8","2024","17","30","1","900"
"6a22996ae45fabee9fdcf930f8d6c40f","6808","2024-07-08T17:30:00.000","OLTORF ST / 4TH ST","NORTHBOUND","THRU","true","3","5.0","2.646","2.967","1.966","7","8","2024","17","30","1","900"
"d9c7a3619588884bad89334e33cb876d","6808","2024-07-08T17:30:00.000","OLTORF ST / 4TH ST","SOUTHBOUND","LEFT TURN","false","33","7.455","2.705","7.097","21.366","7","8","2024","17","30","1","900"
"4bea68a701010da90b2fca2567632f64","6808","2024-07-08T17:30:00.000","OLTORF ST / 4TH ST","SOUTHBOUND","RIGHT TURN","false","7","6.286","1.704","2.914","0.441","7","8","2024","17","30","1","900"
"5229cd9c124c2083a58b2a9b5266b53a","6808","2024-07-08T17:30:00.000","OLTORF ST / 4TH ST","SOUTHBOUND","THRU","false","109","11.908","5.841","6.671","18.408","7","8","2024","17","30","1","900"
"be5e8102ee18b7e1b5fdc800605e104a","6808","2024-07-08T17:30:00.000","OLTORF ST / 4TH ST","SOUTHBOUND","U-TURN","false","1","8.0","0.0","0.1","0.0","7","8","2024","17","30","1","900"
"061a49b535df47ac2516fd63352d7cf1","6808","2024-07-08T17:30:00.000","OLTORF ST / 4TH ST","WESTBOUND","LEFT TURN","false","11","5.909","1.578","0.327","0.22","7","8","2024","17","30","1","900"
"bcf2036f6daa0dced0a50b6407bbff63","6808","2024-07-08T17:30:00.000","OLTORF ST / 4TH ST","WESTBOUND","RIGHT TURN","false","14","6.143","0.77","5.486","8.868","7","8","2024","17","30","1","900"
"83b364476dd1c17d5f96d90405ec7612","6808","2024-07-08T17:30:00.000","OLTORF ST / 4TH ST","WESTBOUND","THRU","false","63","9.619","3.433","18.44","35.225","7","8","2024","17","30","1","900"
"9eb1d0eee26caae338213abc881cc3e1","6808","2024-07-08T17:30:00.000","OLTORF ST / 4TH ST","WESTBOUND","U-TURN","false","2","9.5","2.121","2.15","2.899","7","8","2024","17","30","1","900"
"7a946a3b653b57b823cf5f7fb6240270","6653","2024-07-08T17:15:00.000","38TH ST / MEDICAL PKWY","EASTBOUND","LEFT TURN","false","23","11.391","3.539","39.461","36.899","7","8","2024","17","15","1","900"
"3865f2b5bb196173794f93bd73f0e4d3","6653","2024-07-08T17:15:00.000","38TH ST / MEDICAL PKWY","EASTBOUND","LEFT TURN","true","12","11.333","4.942","16.017","33.4","7","8","2024","17","15","1","900"
"50362340a151622dbf90144df1f41c1f","6653","2024-07-08T17:15:00.000","38TH ST / MEDICAL PKWY","EASTBOUND","RIGHT TURN","false","9","6.444","4.902","1.433","1.281","7","8","2024","17","15","1","900"
"51a2215cd8608f6d1600305877229615","6653","2024-07-08T17:15:00.000","38TH ST / MEDICAL PKWY","EASTBOUND","THRU","false","137","16.095","5.107","15.592","35.402","7","8","2024","17","15","1","900"
"6f61bfca3cfc4eefc9696f3673e2c94f","6653","2024-07-08T17:15:00.000","38TH ST / MEDICAL PKWY","EASTBOUND","THRU","true","21","17.238","7.148","26.805","40.028","7","8","2024","17","15","1","900"
"08ed4921d9eac5ffef2ed79269340afa","6653","2024-07-08T17:15:00.000","38TH ST / MEDICAL PKWY","NORTHBOUND","LEFT TURN","false","9","8.222","6.888","20.778","34.855","7","8","2024","17","15","1","900"
"74614f1ad572b62d4463a6aa22aff092","6653","2024-07-08T17:15:00.000","38TH ST / MEDICAL PKWY","NORTHBOUND","LEFT TURN","true","1","0.0","0.0","122.0","0.0","7","8","2024","17","15","1","900"
"764eca0beabe283a5c52a790015e9a17","6653","2024-07-08T17:15:00.000","38TH ST / MEDICAL PKWY","NORTHBOUND","RIGHT TURN","false","14","7.643","8.082","18.779","28.955","7","8","2024","17","15","1","900"
"978fb5279d7b6254317e6f8a8f6e8be9","6653","2024-07-08T17:15:00.000","38TH ST / MEDICAL PKWY","NORTHBOUND","RIGHT TURN","true","5","6.0","4.416","15.0","18.883","7","8","2024","17","15","1","900"
"37766d04e3dc795c74aaecc28749f1ab","6653","2024-07-08T17:15:00.000","38TH ST / MEDICAL PKWY","NORTHBOUND","THRU","false","11","14.818","8.807","48.718","66.937","7","8","2024","17","15","1","900"
"1e4def320543bc9d75f3fd65296e493b","6653","2024-07-08T17:15:00.000","38TH ST / MEDICAL PKWY","NORTHBOUND","THRU","true","1","19.0","0.0","0.7","0.0","7","8","2024","17","15","1","900"
"c5036d1adc561020c6a0596869f41109","6653","2024-07-08T17:15:00.000","38TH ST / MEDICAL PKWY","SOUTHBOUND","LEFT TURN","false","19","13.474","3.747","27.242","35.4","7","8","2024","17","15","1","900"
"0efb9eaf784749228588c6f95b18e899","6653","2024-07-08T17:15:00.000","38TH ST / MEDICAL PKWY","SOUTHBOUND","LEFT TURN","true","2","18.5","3.536","1.5","2.121","7","8","2024","17","15","1","900"
"7d25f36ba5d7b432b8cfb7291b0ce51d","6653","2024-07-08T17:15:00.000","38TH ST / MEDICAL PKWY","SOUTHBOUND","RIGHT TURN","false","1","17.0","0.0","13.9","0.0","7","8","2024","17","15","1","900"
"f0002beff555bbe2ce8d6d65a926cf45","6653","2024-07-08T17:15:00.000","38TH ST / MEDICAL PKWY","SOUTHBOUND","RIGHT TURN","true","8","14.5","1.195","20.45","32.906","7","8","2024","17","15","1","900"
"58bbcca0a25040d23fa9877da48c9404","6653","2024-07-08T17:15:00.000","38TH ST / MEDICAL PKWY","SOUTHBOUND","THRU","false","14","15.0","6.563","26.45","38.91","7","8","2024","17","15","1","900"
"8ef742b80a13bfb865950fe8f30e9558","6653","2024-07-08T17:15:00.000","38TH ST / MEDICAL PKWY","SOUTHBOUND","THRU","true","5","12.6","3.715","67.72","40.276","7","8","2024","17","15","1","900"
"396c580cdb4d3f4da92503f0ac35f7ba","6653","2024-07-08T17:15:00.000","38TH ST / MEDICAL PKWY","WESTBOUND","LEFT TURN","false","10","18.3","19.276","6.29","6.648","7","8","2024","17","15","1","900"
"190e9f7c5b164b71c2477ee882ed9164","6653","2024-07-08T17:15:00.000","38TH ST / MEDICAL PKWY","WESTBOUND","RIGHT TURN","false","3","7.0","6.0","21.533","35.651","7","8","2024","17","15","1","900"
"5dfd422d7139651759d2a02f091620ac","6653","2024-07-08T17:15:00.000","38TH ST / MEDICAL PKWY","WESTBOUND","RIGHT TURN","true","6","12.667","3.445","11.383","25.975","7","8","2024","17","15","1","900"
"58abd5216e79c1f2128f661fa0fdc6d1","6653","2024-07-08T17:15:00.000","38TH ST / MEDICAL PKWY","WESTBOUND","THRU","false","136","23.397","6.324","3.547","11.748","7","8","2024","17","15","1","900"
"a712bbd96caca10ba84ed1b53563b97c","6653","2024-07-08T17:15:00.000","38TH ST / MEDICAL PKWY","WESTBOUND","THRU","true","67","21.731","6.905","5.225","19.509","7","8","2024","17","15","1","900"
"49a3266c75caa178639230a23878d2d1","6882","2024-07-08T17:15:00.000","AIRPORT BLVD / 51ST ST","EASTBOUND","LEFT TURN","false","8","7.75","4.528","12.487","21.414","7","8","2024","17","15","1","900"
"445663f62373e06a5cb429a4611d2f9f","6882","2024-07-08T17:15:00.000","AIRPORT BLVD / 51ST ST","EASTBOUND","RIGHT TURN","false","49","12.0","5.657","4.047","6.669","7","8","2024","17","15","1","900"
"112ac216e040c56f6218fec889cf2d4f","6882","2024-07-08T17:15:00.000","AIRPORT BLVD / 51ST ST","EASTBOUND","RIGHT TURN","true","1","18.0","0.0","0.1","0.0","7","8","2024","17","15","1","900"
"f29ff28d6df9ef7a09111549e4d5e793","6882","2024-07-08T17:15:00.000","AIRPORT BLVD / 51ST ST","EASTBOUND","THRU","false","100","16.34","6.112","2.571","6.715","7","8","2024","17","15","1","900"
"cccb524dd709f27ef5a78db25cd39b59","6882","2024-07-08T17:15:00.000","AIRPORT BLVD / 51ST ST","EASTBOUND","THRU","true","6","20.333","6.653","2.833","5.038","7","8","2024","17","15","1","900"
"957bb736acec3a9919be8a6d850b1d5e","6882","2024-07-08T17:15:00.000","AIRPORT BLVD / 51ST ST","NORTHBOUND","LEFT TURN","false","12","11.75","9.275","13.108","39.41","7","8","2024","17","15","1","900"
"aa03434027cb579b37dfead7cd8ce4eb","6882","2024-07-08T17:15:00.000","AIRPORT BLVD / 51ST ST","NORTHBOUND","LEFT TURN","true","6","9.167","6.369","0.983","0.993","7","8","2024","17","15","1","900"
"374c3acd114875aa02687fec16df461a","6882","2024-07-08T17:15:00.000","AIRPORT BLVD / 51ST ST","NORTHBOUND","THRU","true","1","9.0","0.0","4.0","0.0","7","8","2024","17","15","1","900"
"4afebbbc077035ef7cae052942303932","6882","2024-07-08T17:15:00.000","AIRPORT BLVD / 51ST ST","SOUTHBOUND","LEFT TURN","false","2","15.5","9.192","1.9","1.697","7","8","2024","17","15","1","900"
"56107d93feb20d14c6555ffbe7c988e1","6882","2024-07-08T17:15:00.000","AIRPORT BLVD / 51ST ST","SOUTHBOUND","RIGHT TURN","false","4","9.75","1.258","14.3","14.845","7","8","2024","17","15","1","900"
"dcf98bfc29880dd9080bc3a0a189b4fa","6882","2024-07-08T17:15:00.000","AIRPORT BLVD / 51ST ST","SOUTHBOUND","THRU","false","122","29.107","10.609","10.832","24.504","7","8","2024","17","15","1","900"
"6b93842d3279d5e851a9a647b8811543","6882","2024-07-08T17:15:00.000","AIRPORT BLVD / 51ST ST","SOUTHBOUND","THRU","true","12","25.083","13.433","19.492","26.988","7","8","2024","17","15","1","900"
"e279647d2f5f08979b27ebd943dfd2b3","6882","2024-07-08T17:15:00.000","AIRPORT BLVD / 51ST ST","WESTBOUND","LEFT TURN","false","4","7.0","5.228","0.1","0.141","7","8","2024","17","15","1","900"
"aa057068510db4387392af6e75539181","6882","2024-07-08T17:15:00.000","AIRPORT BLVD / 51ST ST","WESTBOUND","RIGHT TURN","false","19","7.474","6.266","19.216","52.867","7","8","2024","17","15","1","900"
"5fdb5f28522eb9bb7a2fbc6c3fd367a3","6882","2024-07-08T17:15:00.000","AIRPORT BLVD / 51ST ST","WESTBOUND","RIGHT TURN","true","1","3.0","0.0","0.1","0.0","7","8","2024","17","15","1","900"
"c30a380c9f05d2a3eaecfe5ef8cc8f7d","6882","2024-07-08T17:15:00.000","AIRPORT BLVD / 51ST ST","WESTBOUND","THRU","false","41","9.512","4.578","25.234","62.155","7","8","2024","17","15","1","900"
"b57ecfdfed2809e0214d3ccb3ab9da26","6882","2024-07-08T17:15:00.000","AIRPORT BLVD / 51ST ST","WESTBOUND","THRU","true","4","7.25","5.5","0.8","0.698","7","8","2024","17","15","1","900"
"3451c61d4e31eb3ab5dbdf4f0ce84acb","7038","2024-07-08T17:15:00.000","ANDERSON LN / SHOAL CREEK BLVD","EASTBOUND","LEFT TURN","false","13","11.077","3.303","0.0","0.0","7","8","2024","17","15","1","900"
"bf8f53fbf2932eb8f3ca5b66dddad1b6","7038","2024-07-08T17:15:00.000","ANDERSON LN / SHOAL CREEK BLVD","EASTBOUND","LEFT TURN","true","1","14.0","0.0","0.0","0.0","7","8","2024","17","15","1","900"
"85deaaa6ec4ef150c44cbbfb7f310bc6","7038","2024-07-08T17:15:00.000","ANDERSON LN / SHOAL CREEK BLVD","EASTBOUND","RIGHT TURN","false","38","11.842","3.665","0.0","0.0","7","8","2024","17","15","1","900"
"350d79e3e694a88137873548288993bf","7038","2024-07-08T17:15:00.000","ANDERSON LN / SHOAL CREEK BLVD","EASTBOUND","RIGHT TURN","true","3","8.667","4.509","0.0","0.0","7","8","2024","17","15","1","900"
"05a219b223c161da2175f7bdd08c480f","7038","2024-07-08T17:15:00.000","ANDERSON LN / SHOAL CREEK BLVD","EASTBOUND","THRU","false","187","26.128","9.701","-0.005","0.073","7","8","2024","17","15","1","900"
"6e02277d32719647eb206e12b6539e17","7038","2024-07-08T17:15:00.000","ANDERSON LN / SHOAL CREEK BLVD","EASTBOUND","THRU","true","1","16.0","0.0","0.0","0.0","7","8","2024","17","15","1","900"
"2037ff4a76adeb0e9c19a3b3071ee42e","7038","2024-07-08T17:15:00.000","ANDERSON LN / SHOAL CREEK BLVD","NORTHBOUND","LEFT TURN","false","54","12.074","5.453","-0.111","0.317","7","8","2024","17","15","1","900"
"9018a00b13a2db8a24c38cf8c00dda60","7038","2024-07-08T17:15:00.000","ANDERSON LN / SHOAL CREEK BLVD","NORTHBOUND","LEFT TURN","true","4","15.0","4.69","0.0","0.0","7","8","2024","17","15","1","900"
"37b8eb8ab0896a3f60b7083846ca3d82","7038","2024-07-08T17:15:00.000","ANDERSON LN / SHOAL CREEK BLVD","NORTHBOUND","RIGHT TURN","false","7","9.0","7.937","0.0","0.0","7","8","2024","17","15","1","900"
"721d672462106b71ae6b0b500a0cd0f9","7038","2024-07-08T17:15:00.000","ANDERSON LN / SHOAL CREEK BLVD","NORTHBOUND","THRU","false","26","13.308","5.57","-0.192","0.402","7","8","2024","17","15","1","900"
"345774132db8149aa66193f35cd7603a","7038","2024-07-08T17:15:00.000","ANDERSON LN / SHOAL CREEK BLVD","NORTHBOUND","THRU","true","1","8.0","0.0","0.0","0.0","7","8","2024","17","15","1","900"
"ed07a19c67fe09ca51a1c16d22fb26a3","7038","2024-07-08T17:15:00.000","ANDERSON LN / SHOAL CREEK BLVD","SOUTHBOUND","LEFT TURN","false","26","10.385","3.163","-0.154","0.368","7","8","2024","17","15","1","900"
"ae3a5e4f8c7c3de41411a37a9558e1c3","7038","2024-07-08T17:15:00.000","ANDERSON LN / SHOAL CREEK BLVD","SOUTHBOUND","LEFT TURN","true","2","11.5","0.707","0.0","0.0","7","8","2024","17","15","1","900"
"d268036a7fe91d87da2ddb06cf858089","7038","2024-07-08T17:15:00.000","ANDERSON LN / SHOAL CREEK BLVD","SOUTHBOUND","RIGHT TURN","false","27","6.815","2.338","0.0","0.0","7","8","2024","17","15","1","900"
"0f8e783240d599482fae06c957992756","7038","2024-07-08T17:15:00.000","ANDERSON LN / SHOAL CREEK BLVD","SOUTHBOUND","THRU","false","22","12.591","3.838","-0.182","0.395","7","8","2024","17","15","1","900"
"b839133ed8e9a859dd8d7d70100e2664","7038","2024-07-08T17:15:00.000","ANDERSON LN / SHOAL CREEK BLVD","SOUTHBOUND","THRU","true","4","13.25","6.85","0.0","0.0","7","8","2024","17","15","1","900"
"c285bf59e466c5b71b81138d97f171c7","7038","2024-07-08T17:15:00.000","ANDERSON LN / SHOAL CREEK BLVD","SOUTHBOUND","U-TURN","false","1","18.0","0.0","0.0","0.0","7","8","2024","17","15","1","900"
"58e94c4b9c13ba085cdcda631fdad52e","7038","2024-07-08T17:15:00.000","ANDERSON LN / SHOAL CREEK BLVD","WESTBOUND","LEFT TURN","false","8","8.125","6.128","-0.375","0.518","7","8","2024","17","15","1","900"
"153f97b95ec1d60dfb9c450af0775426","7038","2024-07-08T17:15:00.000","ANDERSON LN / SHOAL CREEK BLVD","WESTBOUND","LEFT TURN","true","1","6.0","0.0","0.0","0.0","7","8","2024","17","15","1","900"
"736dd852e640ae0a3934b24bb107dd47","7038","2024-07-08T17:15:00.000","ANDERSON LN / SHOAL CREEK BLVD","WESTBOUND","THRU","false","174","20.31","6.288","-0.563","0.497","7","8","2024","17","15","1","900"
"80c7856e18a0a477cdb6fb0770da2f0b","7038","2024-07-08T17:15:00.000","ANDERSON LN / SHOAL CREEK BLVD","WESTBOUND","THRU","true","8","18.0","6.414","-0.125","0.354","7","8","2024","17","15","1","900"
"2d99727622f272bf7f98a29780bf3897","7343","2024-07-08T17:15:00.000","RIVERSIDE DR / BURTON DR","EASTBOUND","LEFT TURN","false","33","14.848","5.357","21.63","44.445","7","8","2024","17","15","1","900"
"35d104835a9655b32e6e2701475785a4","7343","2024-07-08T17:15:00.000","RIVERSIDE DR / BURTON DR","EASTBOUND","LEFT TURN","true","3","13.333","2.082","2.133","1.686","7","8","2024","17","15","1","900"
"fb0f8cc05d91d713d6069328abd88e5b","7343","2024-07-08T17:15:00.000","RIVERSIDE DR / BURTON DR","EASTBOUND","THRU","false","149","31.02","9.187","1.937","3.772","7","8","2024","17","15","1","900"
"15df0fa20f4921d2adc12dfcb442df1c","7343","2024-07-08T17:15:00.000","RIVERSIDE DR / BURTON DR","EASTBOUND","THRU","true","143","29.993","9.719","4.745","13.152","7","8","2024","17","15","1","900"
"63cd80f2efb88f3397483c6f42f3f0ae","7343","2024-07-08T17:15:00.000","RIVERSIDE DR / BURTON DR","EASTBOUND","U-TURN","false","1","10.0","0.0","4.2","0.0","7","8","2024","17","15","1","900"
"099d806b30ae1917c158ce3bdd9df05a","7343","2024-07-08T17:15:00.000","RIVERSIDE DR / BURTON DR","NORTHBOUND","LEFT TURN","false","7","28.0","18.019","40.357","46.406","7","8","2024","17","15","1","900"
"2ab1ee368a0b15a45e0b7447a4025315","7343","2024-07-08T17:15:00.000","RIVERSIDE DR / BURTON DR","NORTHBOUND","RIGHT TURN","false","1","3.0","0.0","1.6","0.0","7","8","2024","17","15","1","900"
"884452d558cbbbe79fe94fc23a09b50e","7343","2024-07-08T17:15:00.000","RIVERSIDE DR / BURTON DR","NORTHBOUND","RIGHT TURN","true","1","24.0","0.0","0.2","0.0","7","8","2024","17","15","1","900"
"6972a7d99e4657c127d154360e0fd07d","7343","2024-07-08T17:15:00.000","RIVERSIDE DR / BURTON DR","NORTHBOUND","THRU","false","10","16.9","11.464","1.72","2.712","7","8","2024","17","15","1","900"
"231fb28d6dc88e9b04395f58b60f48ac","7343","2024-07-08T17:15:00.000","RIVERSIDE DR / BURTON DR","NORTHBOUND","THRU","true","2","23.0","9.899","36.2","51.053","7","8","2024","17","15","1","900"
"08f030e3ef29a37b88e0035a8d0025f6","7343","2024-07-08T17:15:00.000","RIVERSIDE DR / BURTON DR","SOUTHBOUND","LEFT TURN","false","17","20.412","11.848","22.641","46.9","7","8","2024","17","15","1","900"
"745c5b851eaa5e3ff4142d80b5c166cf","7343","2024-07-08T17:15:00.000","RIVERSIDE DR / BURTON DR","SOUTHBOUND","LEFT TURN","true","3","14.667","1.155","32.467","47.661","7","8","2024","17","15","1","900"
"8ae3fb2504b3e3ed4bab72079b4441ba","7343","2024-07-08T17:15:00.000","RIVERSIDE DR / BURTON DR","SOUTHBOUND","RIGHT TURN","false","18","9.5","2.282","13.694","20.059","7","8","2024","17","15","1","900"
"4da5e2baeac00f04170000d261c9a9b3","7343","2024-07-08T17:15:00.000","RIVERSIDE DR / BURTON DR","SOUTHBOUND","THRU","false","15","16.133","5.514","22.273","33.716","7","8","2024","17","15","1","900"
"48f536c42e5c73b66d42b0a06c0bbac1","7343","2024-07-08T17:15:00.000","RIVERSIDE DR / BURTON DR","SOUTHBOUND","THRU","true","6","18.333","5.75","10.933","13.169","7","8","2024","17","15","1","900"
"aa49366e91d0dac6736fedeef6dca766","7343","2024-07-08T17:15:00.000","RIVERSIDE DR / BURTON DR","WESTBOUND","LEFT TURN","false","16","11.562","3.829","26.519","45.324","7","8","2024","17","15","1","900"
"21045f37778d5a3f47d4da430b7c6774","7343","2024-07-08T17:15:00.000","RIVERSIDE DR / BURTON DR","WESTBOUND","RIGHT TURN","false","7","1.286","1.604","2.229","0.894","7","8","2024","17","15","1","900"
"710f287913bc29f5af07466457ea344a","7343","2024-07-08T17:15:00.000","RIVERSIDE DR / BURTON DR","WESTBOUND","THRU","false","168","35.452","18.016","3.408","11.868","7","8","2024","17","15","1","900"
"f9b0f290c7e8b237abc9cd8bbb36bd18","7343","2024-07-08T17:15:00.000","RIVERSIDE DR / BURTON DR","WESTBOUND","THRU","true","18","27.833","15.935","5.667","18.499","7","8","2024","17","15","1","900"
"515b9b79bfaedcf9c0be8ab1179be6ae","6382","2024-07-08T17:15:00.000","FM 620 RD / DEERBROOK TRL","EASTBOUND","LEFT TURN","false","2","23.5","4.95","2.7","3.677","7","8","2024","17","15","1","900"
"9ab7b548a649f970d2299b9944a9b891","6382","2024-07-08T17:15:00.000","FM 620 RD / DEERBROOK TRL","EASTBOUND","RIGHT TURN","false","4","15.75","4.573","2.075","0.714","7","8","2024","17","15","1","900"
"6ff97173153d777cf65b0bcd9c992f5f","6382","2024-07-08T17:15:00.000","FM 620 RD / DEERBROOK TRL","EASTBOUND","RIGHT TURN","true","1","15.0","0.0","0.9","0.0","7","8","2024","17","15","1","900"
"7e34f2e83c4bb0aae1fea5e8a629a569","6382","2024-07-08T17:15:00.000","FM 620 RD / DEERBROOK TRL","EASTBOUND","THRU","false","370","33.889","10.264","1.696","4.146","7","8","2024","17","15","1","900"
"717c7470c5e095dc8b38929940b461e6","6382","2024-07-08T17:15:00.000","FM 620 RD / DEERBROOK TRL","EASTBOUND","THRU","true","17","26.235","11.492","4.212","7.331","7","8","2024","17","15","1","900"
"b47b2454054b57a4a90483e56d360dd8","6382","2024-07-08T17:15:00.000","FM 620 RD / DEERBROOK TRL","NORTHBOUND","LEFT TURN","false","6","7.5","2.665","27.917","44.005","7","8","2024","17","15","1","900"
"d1e23e62264a367858c0bbf1cb99e846","6382","2024-07-08T17:15:00.000","FM 620 RD / DEERBROOK TRL","NORTHBOUND","RIGHT TURN","false","27","4.593","3.202","17.33","29.264","7","8","2024","17","15","1","900"
"4219bb965efc5bcde672d775f7e19edc","6382","2024-07-08T17:15:00.000","FM 620 RD / DEERBROOK TRL","NORTHBOUND","THRU","false","2","7.0","8.485","18.15","15.486","7","8","2024","17","15","1","900"
"2baa16fa2ee9c68e0b32a06fa10c9f07","6382","2024-07-08T17:15:00.000","FM 620 RD / DEERBROOK TRL","SOUTHBOUND","RIGHT TURN","false","1","44.0","0.0","0.1","0.0","7","8","2024","17","15","1","900"
"8a7ec0f6d8cd1f66f7905b67846576bb","6382","2024-07-08T17:15:00.000","FM 620 RD / DEERBROOK TRL","WESTBOUND","LEFT TURN","false","21","12.476","4.445","17.948","41.241","7","8","2024","17","15","1","900"
"f118d2e5e29bdd53742a0eb3aa9cf3a3","6382","2024-07-08T17:15:00.000","FM 620 RD / DEERBROOK TRL","WESTBOUND","LEFT TURN","true","1","13.0","0.0","0.0","0.0","7","8","2024","17","15","1","900"
"63672c0da61aba2e58f8d04ef635b88f","6382","2024-07-08T17:15:00.000","FM 620 RD / DEERBROOK TRL","WESTBOUND","THRU","false","444","29.581","8.478","1.308","2.682","7","8","2024","17","15","1","900"
"610c7bc24db84c0e019e96a349169962","6382","2024-07-08T17:15:00.000","FM 620 RD / DEERBROOK TRL","WESTBOUND","THRU","true","20","28.15","11.08","2.02","4.137","7","8","2024","17","15","1","900"
"1dbe1d17994c57311572a96ad0953440","6881","2024-07-08T17:15:00.000","SLAUGHTER LN / LINDSHIRE LN","EASTBOUND","RIGHT TURN","false","13","12.0","6.311","3.623","2.534","7","8","2024","17","15","1","900"
"62c9a81efb23333224a815b4ecf3322f","6881","2024-07-08T17:15:00.000","SLAUGHTER LN / LINDSHIRE LN","EASTBOUND","RIGHT TURN","true","1","36.0","0.0","0.6","0.0","7","8","2024","17","15","1","900"
"321e9047e6ba3ef3a194d02a6440b96a","6881","2024-07-08T17:15:00.000","SLAUGHTER LN / LINDSHIRE LN","EASTBOUND","THRU","false","354","29.107","9.027","2.071","4.397","7","8","2024","17","15","1","900"
"257dcd8d14ab375ab4479ef866fb3ab9","6881","2024-07-08T17:15:00.000","SLAUGHTER LN / LINDSHIRE LN","EASTBOUND","THRU","true","5","32.0","3.674","1.36","0.971","7","8","2024","17","15","1","900"
"5ff6be91152a4691904abc8a1bab5459","6881","2024-07-08T17:15:00.000","SLAUGHTER LN / LINDSHIRE LN","NORTHBOUND","LEFT TURN","false","26","8.154","5.612","24.827","41.876","7","8","2024","17","15","1","900"
"0b03581531c47410fd93ea84bcb1a38d","6881","2024-07-08T17:15:00.000","SLAUGHTER LN / LINDSHIRE LN","NORTHBOUND","LEFT TURN","true","1","4.0","0.0","0.7","0.0","7","8","2024","17","15","1","900"
"7869155e0670ce1f3a6e7ac11122660d","6881","2024-07-08T17:15:00.000","SLAUGHTER LN / LINDSHIRE LN","NORTHBOUND","RIGHT TURN","false","5","1.8","2.49","31.36","41.092","7","8","2024","17","15","1","900"
"26245383b046a1482002def8a2445571","6881","2024-07-08T17:15:00.000","SLAUGHTER LN / LINDSHIRE LN","NORTHBOUND","THRU","false","1","97.0","0.0","6.4","0.0","7","8","2024","17","15","1","900"
"3ca6d6e45bd8286febfe417abbd5e9b9","6881","2024-07-08T17:15:00.000","SLAUGHTER LN / LINDSHIRE LN","NORTHBOUND","THRU","true","1","13.0","0.0","0.2","0.0","7","8","2024","17","15","1","900"
"32cae8521209590af49b1992144d6a6f","6881","2024-07-08T17:15:00.000","SLAUGHTER LN / LINDSHIRE LN","SOUTHBOUND","THRU","false","2","6.0","1.414","56.95","80.539","7","8","2024","17","15","1","900"
"d869e68da89f954bab027fa5c538c50e","6881","2024-07-08T17:15:00.000","SLAUGHTER LN / LINDSHIRE LN","WESTBOUND","LEFT TURN","false","3","8.0","0.0","33.4","29.029","7","8","2024","17","15","1","900"
"404cf389b266221ffd977305bf96ad19","6881","2024-07-08T17:15:00.000","SLAUGHTER LN / LINDSHIRE LN","WESTBOUND","THRU","false","237","28.958","7.938","1.248","1.532","7","8","2024","17","15","1","900"
"f16a8392bec7822e00ff0514e974b3e7","6881","2024-07-08T17:15:00.000","SLAUGHTER LN / LINDSHIRE LN","WESTBOUND","THRU","true","8","29.875","3.044","0.975","0.711","7","8","2024","17","15","1","900"
"c18a8ad3ea2e6f78b9afe75bc1484ffd","6808","2024-07-08T17:15:00.000","OLTORF ST / 4TH ST","EASTBOUND","LEFT TURN","false","6","5.333","1.751","17.8","42.673","7","8","2024","17","15","1","900"
"8840e400ba725eab49c2e56d062a408c","6808","2024-07-08T17:15:00.000","OLTORF ST / 4TH ST","EASTBOUND","RIGHT TURN","false","12","4.583","0.996","24.45","40.359","7","8","2024","17","15","1","900"
"a7acdd14d5c18f8b1e04c2c9f601e725","6808","2024-07-08T17:15:00.000","OLTORF ST / 4TH ST","EASTBOUND","THRU","false","52","9.077","7.493","7.158","24.772","7","8","2024","17","15","1","900"
"73315d92daa0f0806f34e69a2d6ad0fb","6808","2024-07-08T17:15:00.000","OLTORF ST / 4TH ST","EASTBOUND","THRU","true","1","5.0","0.0","109.2","0.0","7","8","2024","17","15","1","900"
"27db61088cc65bbdb484b066ec86de1a","6808","2024-07-08T17:15:00.000","OLTORF ST / 4TH ST","NORTHBOUND","LEFT TURN","false","18","8.222","9.447","9.878","26.138","7","8","2024","17","15","1","900"
"af8b1a2adde2e4c3cc195ec85f623bbe","6808","2024-07-08T17:15:00.000","OLTORF ST / 4TH ST","NORTHBOUND","RIGHT TURN","false","9","4.778","1.394","1.611","1.462","7","8","2024","17","15","1","900"
"6e342272a1be1f72e13603041e3ca3b0","6808","2024-07-08T17:15:00.000","OLTORF ST / 4TH ST","NORTHBOUND","THRU","false","65","10.308","13.374","4.911","15.3","7","8","2024","17","15","1","900"
"d53f7dff0edd9bbb319b7e4e4121f421","6808","2024-07-08T17:15:00.000","OLTORF ST / 4TH ST","NORTHBOUND","THRU","true","2","6.5","0.707","5.2","2.687","7","8","2024","17","15","1","900"
"379c5daab458bbe01c33456c208be4a2","6808","2024-07-08T17:15:00.000","OLTORF ST / 4TH ST","SOUTHBOUND","LEFT TURN","false","33","7.879","2.987","2.615","4.287","7","8","2024","17","15","1","900"
"214079cab8e6f45010965449a2935edb","6808","2024-07-08T17:15:00.000","OLTORF ST / 4TH ST","SOUTHBOUND","RIGHT TURN","false","5","7.0","1.732","16.14","30.669","7","8","2024","17","15","1","900"
"83395c5ae8da5946fa32ed1f8d93e45f","6808","2024-07-08T17:15:00.000","OLTORF ST / 4TH ST","SOUTHBOUND","THRU","false","122","11.689","6.413","7.061","19.098","7","8","2024","17","15","1","900"
"2c978d979e7b3d447869f3e2bffd0781","6808","2024-07-08T17:15:00.000","OLTORF ST / 4TH ST","SOUTHBOUND","THRU","true","3","8.667","3.786","28.2","45.034","7","8","2024","17","15","1","900"
"b64e86418678cb007ddfaf7a30ef8944","6808","2024-07-08T17:15:00.000","OLTORF ST / 4TH ST","SOUTHBOUND","U-TURN","false","2","5.5","2.121","1.75","1.061","7","8","2024","17","15","1","900"
"f86f5e4bf45c81b59964c9c7d08ab482","6808","2024-07-08T17:15:00.000","OLTORF ST / 4TH ST","WESTBOUND","LEFT TURN","false","14","6.643","1.737","7.907","25.381","7","8","2024","17","15","1","900"
"95c614d23bcf3b07ee0c390724395c86","6808","2024-07-08T17:15:00.000","OLTORF ST / 4TH ST","WESTBOUND","RIGHT TURN","false","9","6.222","0.972","3.278","0.58","7","8","2024","17","15","1","900"
"c1ebd8be792be562eeab03ec81e1fdce","6808","2024-07-08T17:15:00.000","OLTORF ST / 4TH ST","WESTBOUND","THRU","false","68","9.971","2.574","13.337","31.784","7","8","2024","17","15","1","900"
"0dc9b8cde2d214f2163f3627e6cd80bf","6808","2024-07-08T17:15:00.000","OLTORF ST / 4TH ST","WESTBOUND","U-TURN","false","1","6.0","0.0","0.3","0.0","7","8","2024","17","15","1","900"
"5bc0ebab9611ad4cfeb9707d1da96ab4","6653","2024-07-08T17:00:00.000","38TH ST / MEDICAL PKWY","EASTBOUND","LEFT TURN","false","30","12.067","4.518","14.463","26.513","7","8","2024","17","0","1","900"
"57245c1a7fee1cf8b2f92b9ee42caf4e","6653","2024-07-08T17:00:00.000","38TH ST / MEDICAL PKWY","EASTBOUND","LEFT TURN","true","12","14.0","4.824","12.1","24.668","7","8","2024","17","0","1","900"
"9725706bf57f5f295814c1e482e54862","6653","2024-07-08T17:00:00.000","38TH ST / MEDICAL PKWY","EASTBOUND","RIGHT TURN","false","9","10.667","4.213","1.178","1.751","7","8","2024","17","0","1","900"
"c338f2f6fbf14c5cd74aff3ee69debaa","6653","2024-07-08T17:00:00.000","38TH ST / MEDICAL PKWY","EASTBOUND","THRU","false","123","16.569","6.814","17.98","34.722","7","8","2024","17","0","1","900"
"bf48dadd9f5aa70e8d36a516404166f4","6653","2024-07-08T17:00:00.000","38TH ST / MEDICAL PKWY","EASTBOUND","THRU","true","25","15.88","5.57","44.42","52.442","7","8","2024","17","0","1","900"
"c413b5c260b10acb7ec0bed77880df0a","6653","2024-07-08T17:00:00.000","38TH ST / MEDICAL PKWY","NORTHBOUND","LEFT TURN","false","15","9.4","6.069","38.96","42.804","7","8","2024","17","0","1","900"
"d2b68b1c411261d67aa210c7be5aa5ea","6653","2024-07-08T17:00:00.000","38TH ST / MEDICAL PKWY","NORTHBOUND","LEFT TURN","true","7","11.714","7.631","38.557","50.034","7","8","2024","17","0","1","900"
"aba0a96c8ca843e85a14e70d8cd0acbe","6653","2024-07-08T17:00:00.000","38TH ST / MEDICAL PKWY","NORTHBOUND","RIGHT TURN","false","19","6.632","5.346","36.811","46.084","7","8","2024","17","0","1","900"
"b6eb82b2a7d69ecda68ad4935b814c90","6653","2024-07-08T17:00:00.000","38TH ST / MEDICAL PKWY","NORTHBOUND","RIGHT TURN","true","6","4.0","4.0","14.217","20.595","7","8","2024","17","0","1","900"
"089fe1d49581dd928d044b1f506a9b1e","6653","2024-07-08T17:00:00.000","38TH ST / MEDICAL PKWY","NORTHBOUND","THRU","false","11","23.909","35.543","10.836","19.373","7","8","2024","17","0","1","900"
"67019d26d9a49d1d161d47602c9a8fa6","6653","2024-07-08T17:00:00.000","38TH ST / MEDICAL PKWY","SOUTHBOUND","LEFT TURN","false","24","13.958","4.713","23.717","39.941","7","8","2024","17","0","1","900"
"ca38249d316c38eb81c62c5c00b96818","6653","2024-07-08T17:00:00.000","38TH ST / MEDICAL PKWY","SOUTHBOUND","LEFT TURN","true","3","13.667","1.155","57.367","27.158","7","8","2024","17","0","1","900"
"6005b843fcd4fc46de093bb246313302","6653","2024-07-08T17:00:00.000","38TH ST / MEDICAL PKWY","SOUTHBOUND","RIGHT TURN","false","6","12.667","2.875","20.35","41.394","7","8","2024","17","0","1","900"
"55ace8b672dbd9b701f5589295ff1252","6653","2024-07-08T17:00:00.000","38TH ST / MEDICAL PKWY","SOUTHBOUND","RIGHT TURN","true","10","9.6","3.688","13.21","19.181","7","8","2024","17","0","1","900"
"52b6989f10d32ddfa6a83bae37016cbd","6653","2024-07-08T17:00:00.000","38TH ST / MEDICAL PKWY","SOUTHBOUND","THRU","false","16","15.438","4.926","26.95","39.166","7","8","2024","17","0","1","900"
"73b29d17dcba587c7efaf84843e0b42b","6653","2024-07-08T17:00:00.000","38TH ST / MEDICAL PKWY","SOUTHBOUND","THRU","true","5","14.6","4.506","59.02","40.775","7","8","2024","17","0","1","900"
"4e8cd7f36fc6bfe0eb091d701fdafdf8","6653","2024-07-08T17:00:00.000","38TH ST / MEDICAL PKWY","SOUTHBOUND","U-TURN","false","1","14.0","0.0","1.0","0.0","7","8","2024","17","0","1","900"
"f58a96ad8274f0558cb3f728826b35cb","6653","2024-07-08T17:00:00.000","38TH ST / MEDICAL PKWY","WESTBOUND","LEFT TURN","false","3","61.0","30.116","0.233","0.115","7","8","2024","17","0","1","900"
"a1a37d811e4fd73da93d96256ece29a6","6653","2024-07-08T17:00:00.000","38TH ST / MEDICAL PKWY","WESTBOUND","LEFT TURN","true","2","9.5","3.536","28.3","2.687","7","8","2024","17","0","1","900"
"30dd926b0df92b0d91ffdd6903add60b","6653","2024-07-08T17:00:00.000","38TH ST / MEDICAL PKWY","WESTBOUND","RIGHT TURN","false","5","14.8","7.918","8.44","16.811","7","8","2024","17","0","1","900"
"bbe18d86c05e043e4855909aef31e246","6653","2024-07-08T17:00:00.000","38TH ST / MEDICAL PKWY","WESTBOUND","RIGHT TURN","true","6","10.5","5.718","1.483","0.911","7","8","2024","17","0","1","900"
"c11efe8ada5ded50d00250287497a5b5","6653","2024-07-08T17:00:00.000","38TH ST / MEDICAL PKWY","WESTBOUND","THRU","false","128","22.688","8.614","4.614","13.944","7","8","2024","17","0","1","900"
"dc2cffeef94b2f1936b78b832d3c1c48","6653","2024-07-08T17:00:00.000","38TH ST / MEDICAL PKWY","WESTBOUND","THRU","true","83","24.048","12.519","5.289","16.243","7","8","2024","17","0","1","900"
"297fcb45a6b472b563582dfec26e1d1d","6882","2024-07-08T17:00:00.000","AIRPORT BLVD / 51ST ST","EASTBOUND","LEFT TURN","false","14","10.5","5.893","23.729","42.952","7","8","2024","17","0","1","900"
"6dd10d55940cf2fa7dd95186bc38a284","6882","2024-07-08T17:00:00.000","AIRPORT BLVD / 51ST ST","EASTBOUND","RIGHT TURN","false","37","12.541","5.47","5.97","11.615","7","8","2024","17","0","1","900"
"f2c03274869ebce00b9eefddfcea0b6e","6882","2024-07-08T17:00:00.000","AIRPORT BLVD / 51ST ST","EASTBOUND","RIGHT TURN","true","2","13.5","3.536","1.95","0.636","7","8","2024","17","0","1","900"
"bb53d7dc45138aa59dc7fcfd5c36f868","6882","2024-07-08T17:00:00.000","AIRPORT BLVD / 51ST ST","EASTBOUND","THRU","false","109","16.615","4.8","2.607","8.567","7","8","2024","17","0","1","900"
"dd8585718633b6c16fc17466745895ca","6882","2024-07-08T17:00:00.000","AIRPORT BLVD / 51ST ST","EASTBOUND","THRU","true","9","14.556","4.391","1.911","1.934","7","8","2024","17","0","1","900"
"20240153f5a5dfb8f03a36f019e0bf9f","6882","2024-07-08T17:00:00.000","AIRPORT BLVD / 51ST ST","NORTHBOUND","LEFT TURN","false","25","7.68","4.049","5.756","15.941","7","8","2024","17","0","1","900"
"c7f52b0ee3e264e23067242cfc82bb38","6882","2024-07-08T17:00:00.000","AIRPORT BLVD / 51ST ST","NORTHBOUND","LEFT TURN","true","1","7.0","0.0","2.8","0.0","7","8","2024","17","0","1","900"
"4a17947b4becffc631cc30a7c041548a","6882","2024-07-08T17:00:00.000","AIRPORT BLVD / 51ST ST","NORTHBOUND","RIGHT TURN","false","1","87.0","0.0","0.1","0.0","7","8","2024","17","0","1","900"
"5e9610c05d72204691f91a2320f4971e","6882","2024-07-08T17:00:00.000","AIRPORT BLVD / 51ST ST","NORTHBOUND","THRU","false","1","11.0","0.0","0.0","0.0","7","8","2024","17","0","1","900"
"13c6400c25d226b4cb529ffb7a8acd27","6882","2024-07-08T17:00:00.000","AIRPORT BLVD / 51ST ST","SOUTHBOUND","LEFT TURN","false","2","33.0","25.456","0.15","0.071","7","8","2024","17","0","1","900"
"85e71b8a4941248985c7df1ca5409b17","6882","2024-07-08T17:00:00.000","AIRPORT BLVD / 51ST ST","SOUTHBOUND","RIGHT TURN","false","5","10.2","0.837","4.28","0.769","7","8","2024","17","0","1","900"
"6bebee4f5347a0f1b1539a0377bc3795","6882","2024-07-08T17:00:00.000","AIRPORT BLVD / 51ST ST","SOUTHBOUND","THRU","false","144","27.653","10.585","9.02","21.11","7","8","2024","17","0","1","900"
"92fad32b7c1748aa508871f5c44c62b7","6882","2024-07-08T17:00:00.000","AIRPORT BLVD / 51ST ST","SOUTHBOUND","THRU","true","5","20.4","11.104","30.62","39.166","7","8","2024","17","0","1","900"
"c2ab650c76c3f25dc6a0b9119fac5fa7","6882","2024-07-08T17:00:00.000","AIRPORT BLVD / 51ST ST","WESTBOUND","LEFT TURN","false","11","8.727","7.101","7.545","19.833","7","8","2024","17","0","1","900"
"48f97442efc49fcb21d96783fddd3891","6882","2024-07-08T17:00:00.000","AIRPORT BLVD / 51ST ST","WESTBOUND","LEFT TURN","true","1","0.0","0.0","0.1","0.0","7","8","2024","17","0","1","900"
"7721ce20d94bbfe2982e3a36d972c7c0","6882","2024-07-08T17:00:00.000","AIRPORT BLVD / 51ST ST","WESTBOUND","RIGHT TURN","false","22","4.545","3.937","2.227","2.129","7","8","2024","17","0","1","900"
"c28f11a8a6a91fa7938095357a01e76c","6882","2024-07-08T17:00:00.000","AIRPORT BLVD / 51ST ST","WESTBOUND","RIGHT TURN","true","1","14.0","0.0","1.4","0.0","7","8","2024","17","0","1","900"
"22b0321c703ce956bb09a8053d2b4e71","6882","2024-07-08T17:00:00.000","AIRPORT BLVD / 51ST ST","WESTBOUND","THRU","false","41","9.0","9.693","18.593","33.324","7","8","2024","17","0","1","900"
"5476203b58d337df0379797fd70c0f23","6882","2024-07-08T17:00:00.000","AIRPORT BLVD / 51ST ST","WESTBOUND","THRU","true","4","4.75","5.5","15.55","28.514","7","8","2024","17","0","1","900"
"c98c966086d9bc68c1fcd3bea5a3ec75","6882","2024-07-08T17:00:00.000","AIRPORT BLVD / 51ST ST","WESTBOUND","U-TURN","false","2","3.5","4.95","0.6","0.0","7","8","2024","17","0","1","900"
"96ddf2c4d28584532c7908c0d32fd1c2","7038","2024-07-08T17:00:00.000","ANDERSON LN / SHOAL CREEK BLVD","EASTBOUND","LEFT TURN","false","25","13.44","3.137","0.0","0.0","7","8","2024","17","0","1","900"
"0559e2d205bb6ad6431c3a0633cd5214","7038","2024-07-08T17:00:00.000","ANDERSON LN / SHOAL CREEK BLVD","EASTBOUND","RIGHT TURN","false","27","12.444","3.468","0.0","0.0","7","8","2024","17","0","1","900"
"6f50dca323c5f18b1e3da630a7c41c52","7038","2024-07-08T17:00:00.000","ANDERSON LN / SHOAL CREEK BLVD","EASTBOUND","THRU","false","189","28.963","10.155","-0.016","0.125","7","8","2024","17","0","1","900"
"cc02004720c652f24595dd11e12dd564","7038","2024-07-08T17:00:00.000","ANDERSON LN / SHOAL CREEK BLVD","EASTBOUND","THRU","true","3","15.0","4.583","0.0","0.0","7","8","2024","17","0","1","900"
"8477d578cb511d99c7830523a832c499","7038","2024-07-08T17:00:00.000","ANDERSON LN / SHOAL CREEK BLVD","NORTHBOUND","LEFT TURN","false","64","12.734","4.877","-0.203","0.406","7","8","2024","17","0","1","900"
"e690ab8caa4368fdc0b8cca52a15bf98","7038","2024-07-08T17:00:00.000","ANDERSON LN / SHOAL CREEK BLVD","NORTHBOUND","LEFT TURN","true","2","9.5","4.95","0.0","0.0","7","8","2024","17","0","1","900"
"59ead2455ff480f8e68bfa74ea5432f6","7038","2024-07-08T17:00:00.000","ANDERSON LN / SHOAL CREEK BLVD","NORTHBOUND","RIGHT TURN","false","12","7.333","2.498","-0.167","0.389","7","8","2024","17","0","1","900"
"f2d6d246510aa828f19307cfa75ded43","7038","2024-07-08T17:00:00.000","ANDERSON LN / SHOAL CREEK BLVD","NORTHBOUND","THRU","false","38","13.079","5.514","-0.158","0.37","7","8","2024","17","0","1","900"
"424c32da2ddab082535ff39cd32f999c","7038","2024-07-08T17:00:00.000","ANDERSON LN / SHOAL CREEK BLVD","NORTHBOUND","THRU","true","3","14.667","4.041","0.0","0.0","7","8","2024","17","0","1","900"
"c6e9993ea5a8827b2f1052ae152b0fe6","7038","2024-07-08T17:00:00.000","ANDERSON LN / SHOAL CREEK BLVD","SOUTHBOUND","LEFT TURN","false","40","11.5","4.206","-0.025","0.158","7","8","2024","17","0","1","900"
"d5907db3645182abaa3d225bc0cf8a4f","7038","2024-07-08T17:00:00.000","ANDERSON LN / SHOAL CREEK BLVD","SOUTHBOUND","LEFT TURN","true","2","7.0","4.243","0.0","0.0","7","8","2024","17","0","1","900"
"36b388acc81e4cc35ca960be80f6ccba","7038","2024-07-08T17:00:00.000","ANDERSON LN / SHOAL CREEK BLVD","SOUTHBOUND","RIGHT TURN","false","31","6.742","3.076","0.0","0.0","7","8","2024","17","0","1","900"
"f9039f873099b805282bcc17115d118c","7038","2024-07-08T17:00:00.000","ANDERSON LN / SHOAL CREEK BLVD","SOUTHBOUND","RIGHT TURN","true","1","4.0","0.0","0.0","0.0","7","8","2024","17","0","1","900"
"fb05e7761d4d346a619f8808e3c49900","7038","2024-07-08T17:00:00.000","ANDERSON LN / SHOAL CREEK BLVD","SOUTHBOUND","THRU","false","25","13.24","5.214","-0.04","0.2","7","8","2024","17","0","1","900"
"bedb94ea7e0fe7019d3225f9bed0fb79","7038","2024-07-08T17:00:00.000","ANDERSON LN / SHOAL CREEK BLVD","SOUTHBOUND","THRU","true","3","16.333","3.512","0.0","0.0","7","8","2024","17","0","1","900"
"83a64dbcd741f7e279621fa7a92026fb","7038","2024-07-08T17:00:00.000","ANDERSON LN / SHOAL CREEK BLVD","WESTBOUND","LEFT TURN","false","5","14.2","27.851","-0.4","0.548","7","8","2024","17","0","1","900"
"2ebb9a268d2fbd9f6c1fd0a569e40c53","7038","2024-07-08T17:00:00.000","ANDERSON LN / SHOAL CREEK BLVD","WESTBOUND","RIGHT TURN","false","1","3.0","0.0","0.0","0.0","7","8","2024","17","0","1","900"
"7ab239f26790e1e086a6c7855a123bc5","7038","2024-07-08T17:00:00.000","ANDERSON LN / SHOAL CREEK BLVD","WESTBOUND","THRU","false","187","20.679","7.318","-0.519","0.501","7","8","2024","17","0","1","900"
"6916d9d51d7f71fe0c6a06fda4fa7ad4","7038","2024-07-08T17:00:00.000","ANDERSON LN / SHOAL CREEK BLVD","WESTBOUND","THRU","true","17","18.824","5.79","-0.588","0.507","7","8","2024","17","0","1","900"
"8c21823be476bc8163ca288be8d213d1","7343","2024-07-08T17:00:00.000","RIVERSIDE DR / BURTON DR","EASTBOUND","LEFT TURN","false","22","12.909","3.791","16.673","29.474","7","8","2024","17","0","1","900"
"b57ed588dc143d7724b78b547e7837e1","7343","2024-07-08T17:00:00.000","RIVERSIDE DR / BURTON DR","EASTBOUND","LEFT TURN","true","2","12.5","2.121","61.95","86.762","7","8","2024","17","0","1","900"
"47cfb551c16fa40daa16998dc950fce0","7343","2024-07-08T17:00:00.000","RIVERSIDE DR / BURTON DR","EASTBOUND","THRU","false","128","32.43","10.201","4.134","14.622","7","8","2024","17","0","1","900"
"fcec69fb21b54eea582bad16ea758eaf","7343","2024-07-08T17:00:00.000","RIVERSIDE DR / BURTON DR","EASTBOUND","THRU","true","143","31.175","10.677","4.95","13.739","7","8","2024","17","0","1","900"
"2d569f19b8d779f00c83cc18e42ebdb7","7343","2024-07-08T17:00:00.000","RIVERSIDE DR / BURTON DR","NORTHBOUND","LEFT TURN","false","6","22.0","11.849","11.533","21.725","7","8","2024","17","0","1","900"
"08e883289378c24d2714fbab74833c57","7343","2024-07-08T17:00:00.000","RIVERSIDE DR / BURTON DR","NORTHBOUND","LEFT TURN","true","1","20.0","0.0","4.3","0.0","7","8","2024","17","0","1","900"
"9ffed72004d88489b0f214c8efaffa43","7343","2024-07-08T17:00:00.000","RIVERSIDE DR / BURTON DR","NORTHBOUND","RIGHT TURN","false","2","14.5","13.435","2.0","2.404","7","8","2024","17","0","1","900"
"eb76e0ae9595ed83a8172cf2832d3225","7343","2024-07-08T17:00:00.000","RIVERSIDE DR / BURTON DR","NORTHBOUND","RIGHT TURN","true","2","24.5","16.263","0.2","0.283","7","8","2024","17","0","1","900"
"c25033f608c3da1d0d4b414000877a7e","7343","2024-07-08T17:00:00.000","RIVERSIDE DR / BURTON DR","NORTHBOUND","THRU","false","7","26.571","9.502","6.957","16.487","7","8","2024","17","0","1","900"
"7a35bb7ce02862a2570b5bd174943074","7343","2024-07-08T17:00:00.000","RIVERSIDE DR / BURTON DR","NORTHBOUND","THRU","true","2","45.5","28.991","14.9","19.375","7","8","2024","17","0","1","900"
"6204cb0a4c90754c935b5fc2f73ff935","7343","2024-07-08T17:00:00.000","RIVERSIDE DR / BURTON DR","SOUTHBOUND","LEFT TURN","false","6","14.667","1.862","67.117","72.089","7","8","2024","17","0","1","900"
"8eea4c637a50021c9b71cdd8254e584c","7343","2024-07-08T17:00:00.000","RIVERSIDE DR / BURTON DR","SOUTHBOUND","LEFT TURN","true","3","18.333","2.887","17.067","25.689","7","8","2024","17","0","1","900"
"60b0a1a6e0bda8018b06801fe64be4a4","7343","2024-07-08T17:00:00.000","RIVERSIDE DR / BURTON DR","SOUTHBOUND","RIGHT TURN","false","13","10.0","2.582","11.415","18.956","7","8","2024","17","0","1","900"
"acc51709d2805d9fe5fb41201d39c955","7343","2024-07-08T17:00:00.000","RIVERSIDE DR / BURTON DR","SOUTHBOUND","RIGHT TURN","true","4","9.25","1.5","6.6","8.302","7","8","2024","17","0","1","900"
"7aed2ad1c7f40b5c7f1fa247a198c44d","7343","2024-07-08T17:00:00.000","RIVERSIDE DR / BURTON DR","SOUTHBOUND","THRU","false","22","18.818","8.399","19.859","31.774","7","8","2024","17","0","1","900"
"c1d20c17fc99f79becb777fb8826b6d9","7343","2024-07-08T17:00:00.000","RIVERSIDE DR / BURTON DR","SOUTHBOUND","THRU","true","7","20.571","18.429","37.5","49.221","7","8","2024","17","0","1","900"
"bfb8c5f4c4d07b570e45a4b7bef7b036","7343","2024-07-08T17:00:00.000","RIVERSIDE DR / BURTON DR","WESTBOUND","LEFT TURN","false","19","12.316","4.334","6.326","19.817","7","8","2024","17","0","1","900"
"3a9e266dbc295f4aee93e676400a0bb4","7343","2024-07-08T17:00:00.000","RIVERSIDE DR / BURTON DR","WESTBOUND","LEFT TURN","true","1","18.0","0.0","114.0","0.0","7","8","2024","17","0","1","900"
"2bc993ba0f7bef05ab38fba79d756e54","7343","2024-07-08T17:00:00.000","RIVERSIDE DR / BURTON DR","WESTBOUND","RIGHT TURN","false","7","9.714","17.764","3.457","1.888","7","8","2024","17","0","1","900"
"6104902e4487ec4c0f8eb4a5787d2fed","7343","2024-07-08T17:00:00.000","RIVERSIDE DR / BURTON DR","WESTBOUND","THRU","false","149","36.101","19.75","5.494","16.584","7","8","2024","17","0","1","900"
"fd1caff15147748eb78f82f2f955f80a","7343","2024-07-08T17:00:00.000","RIVERSIDE DR / BURTON DR","WESTBOUND","THRU","true","13","34.308","11.448","1.3","1.217","7","8","2024","17","0","1","900"
"859bb0ff900159f74da26edf60a440fa","6382","2024-07-08T17:00:00.000","FM 620 RD / DEERBROOK TRL","EASTBOUND","LEFT TURN","false","2","42.5","6.364","0.15","0.071","7","8","2024","17","0","1","900"
"6cf14cf6de74b8dad0a14a51d57c4d15","6382","2024-07-08T17:00:00.000","FM 620 RD / DEERBROOK TRL","EASTBOUND","RIGHT TURN","false","1","28.0","0.0","1.3","0.0","7","8","2024","17","0","1","900"
"69d5646a9837eb94bb8ac8337eec5e70","6382","2024-07-08T17:00:00.000","FM 620 RD / DEERBROOK TRL","EASTBOUND","THRU","false","361","32.679","10.875","2.026","6.818","7","8","2024","17","0","1","900"
"6c39a0fb2a376e0c18b111987f23e88a","6382","2024-07-08T17:00:00.000","FM 620 RD / DEERBROOK TRL","EASTBOUND","THRU","true","19","27.474","10.041","1.005","0.871","7","8","2024","17","0","1","900"
"121e67bd889f94f7aeac1646b4fdfaf0","6382","2024-07-08T17:00:00.000","FM 620 RD / DEERBROOK TRL","NORTHBOUND","LEFT TURN","false","8","9.375","5.528","42.213","60.408","7","8","2024","17","0","1","900"
"5728c9a819166fa7da448f0312ee9508","6382","2024-07-08T17:00:00.000","FM 620 RD / DEERBROOK TRL","NORTHBOUND","RIGHT TURN","false","20","4.9","2.634","13.105","22.281","7","8","2024","17","0","1","900"
"ab71a0d3d040928cbdc8554a15601b4f","6382","2024-07-08T17:00:00.000","FM 620 RD / DEERBROOK TRL","NORTHBOUND","RIGHT TURN","true","2","6.0","0.0","6.95","9.829","7","8","2024","17","0","1","900"
"05cefdddbb8465cea35b625ecb24b9cc","6382","2024-07-08T17:00:00.000","FM 620 RD / DEERBROOK TRL","NORTHBOUND","THRU","false","1","4.0","0.0","0.1","0.0","7","8","2024","17","0","1","900"
"065cba4f0618c9575971544ba3988510","6382","2024-07-08T17:00:00.000","FM 620 RD / DEERBROOK TRL","SOUTHBOUND","RIGHT TURN","true","1","45.0","0.0","11.7","0.0","7","8","2024","17","0","1","900"
"416178bfd2fdb821cd34d1752a6b5da0","6382","2024-07-08T17:00:00.000","FM 620 RD / DEERBROOK TRL","WESTBOUND","LEFT TURN","false","26","10.192","4.481","10.119","22.423","7","8","2024","17","0","1","900"
"ddbb1eba3a876c7bc566d6890f51d97d","6382","2024-07-08T17:00:00.000","FM 620 RD / DEERBROOK TRL","WESTBOUND","LEFT TURN","true","4","11.0","4.967","0.85","0.87","7","8","2024","17","0","1","900"
"76206c3dad215aac0515fd2d0dd93e40","6382","2024-07-08T17:00:00.000","FM 620 RD / DEERBROOK TRL","WESTBOUND","THRU","false","409","28.623","7.605","1.668","4.505","7","8","2024","17","0","1","900"
"5ef998823b1c41ff6f3bd15cfa9b20d8","6382","2024-07-08T17:00:00.000","FM 620 RD / DEERBROOK TRL","WESTBOUND","THRU","true","24","28.208","7.466","1.313","0.767","7","8","2024","17","0","1","900"
"d8d87fef87a1e9f04feb8404afded773","6881","2024-07-08T17:00:00.000","SLAUGHTER LN / LINDSHIRE LN","EASTBOUND","RIGHT TURN","false","13","13.462","7.623","2.854","1.041","7","8","2024","17","0","1","900"
"5cc50fe2a88d23c7d8b277653251517c","6881","2024-07-08T17:00:00.000","SLAUGHTER LN / LINDSHIRE LN","EASTBOUND","THRU","false","350","28.506","8.739","2.01","3.947","7","8","2024","17","0","1","900"
"b35f03b825c09e71a82a2a837c716f73","6881","2024-07-08T17:00:00.000","SLAUGHTER LN / LINDSHIRE LN","EASTBOUND","THRU","true","6","38.5","15.592","1.333","0.709","7","8","2024","17","0","1","900"
"8c322edef60f0dd940578cac797f9888","6881","2024-07-08T17:00:00.000","SLAUGHTER LN / LINDSHIRE LN","NORTHBOUND","LEFT TURN","false","26","6.615","5.013","24.377","35.125","7","8","2024","17","0","1","900"
"58f5738bea9a77c6a0324e9c5a8d334b","6881","2024-07-08T17:00:00.000","SLAUGHTER LN / LINDSHIRE LN","NORTHBOUND","LEFT TURN","true","1","11.0","0.0","3.6","0.0","7","8","2024","17","0","1","900"
"88c978c6b03d08370d4699ca1ce48725","6881","2024-07-08T17:00:00.000","SLAUGHTER LN / LINDSHIRE LN","NORTHBOUND","RIGHT TURN","false","3","17.0","15.716","0.167","0.058","7","8","2024","17","0","1","900"
"4bbedeaee2ed60f9b43db2b413f1cf5b","6881","2024-07-08T17:00:00.000","SLAUGHTER LN / LINDSHIRE LN","NORTHBOUND","THRU","false","4","8.25","2.63","4.825","9.517","7","8","2024","17","0","1","900"
"49f3e448199b262b7bc8837c74c57876","6881","2024-07-08T17:00:00.000","SLAUGHTER LN / LINDSHIRE LN","SOUTHBOUND","THRU","false","1","14.0","0.0","7.0","0.0","7","8","2024","17","0","1","900"
"a853c50b9a393438edee9b60c838b663","6881","2024-07-08T17:00:00.000","SLAUGHTER LN / LINDSHIRE LN","WESTBOUND","LEFT TURN","false","6","13.5","11.185","27.167","28.814","7","8","2024","17","0","1","900"
"f063491769394d1d142147a6f1d03c33","6881","2024-07-08T17:00:00.000","SLAUGHTER LN / LINDSHIRE LN","WESTBOUND","THRU","false","213","27.751","6.572","1.743","3.887","7","8","2024","17","0","1","900"
"59b1eace4a31905194cc879e2792cb8e","6881","2024-07-08T17:00:00.000","SLAUGHTER LN / LINDSHIRE LN","WESTBOUND","THRU","true","7","29.429","1.902","0.857","0.707","7","8","2024","17","0","1","900"
"668dbf97d09a8554fb08a45abd907311","6808","2024-07-08T17:00:00.000","OLTORF ST / 4TH ST","EASTBOUND","LEFT TURN","false","5","9.6","10.455","0.8","1.512","7","8","2024","17","0","1","900"
"930adf8e24bd19162dfad397b6881b5b","6808","2024-07-08T17:00:00.000","OLTORF ST / 4TH ST","EASTBOUND","RIGHT TURN","false","11","11.091","20.241","1.182","1.178","7","8","2024","17","0","1","900"
"4938ef4603c9bdc532acb018e64f0dbf","6808","2024-07-08T17:00:00.000","OLTORF ST / 4TH ST","EASTBOUND","RIGHT TURN","true","1","5.0","0.0","15.2","0.0","7","8","2024","17","0","1","900"
"f3724ed77e671cff22fca352007ddf9d","6808","2024-07-08T17:00:00.000","OLTORF ST / 4TH ST","EASTBOUND","THRU","false","45","9.4","12.035","3.804","16.928","7","8","2024","17","0","1","900"
"4515e7641c458eab8feb44b652b66a8d","6808","2024-07-08T17:00:00.000","OLTORF ST / 4TH ST","EASTBOUND","THRU","true","1","10.0","0.0","0.0","0.0","7","8","2024","17","0","1","900"
"a459843e64d58ebf87b3d9c867c56cf9","6808","2024-07-08T17:00:00.000","OLTORF ST / 4TH ST","NORTHBOUND","LEFT TURN","false","17","11.0","12.268","11.459","25.619","7","8","2024","17","0","1","900"
"988f8ae2e136406148f7d376dab81e01","6808","2024-07-08T17:00:00.000","OLTORF ST / 4TH ST","NORTHBOUND","LEFT TURN","true","1","5.0","0.0","0.1","0.0","7","8","2024","17","0","1","900"
"f844f91a4b47a519458c67f99c73b4bb","6808","2024-07-08T17:00:00.000","OLTORF ST / 4TH ST","NORTHBOUND","RIGHT TURN","false","10","5.2","1.932","9.48","23.338","7","8","2024","17","0","1","900"
"02f98dc80f75d5b2a73bdee00ab1f66c","6808","2024-07-08T17:00:00.000","OLTORF ST / 4TH ST","NORTHBOUND","THRU","false","75","10.027","11.908","2.212","7.523","7","8","2024","17","0","1","900"
"fb42f3940196a0356518f79a37c9a482","6808","2024-07-08T17:00:00.000","OLTORF ST / 4TH ST","NORTHBOUND","THRU","true","1","7.0","0.0","5.6","0.0","7","8","2024","17","0","1","900"
"812acf8f46691f141178aebe0aca996a","6808","2024-07-08T17:00:00.000","OLTORF ST / 4TH ST","SOUTHBOUND","LEFT TURN","false","29","7.517","2.694","12.324","29.776","7","8","2024","17","0","1","900"
"41c21256ca9993787404a404c0e268e5","6808","2024-07-08T17:00:00.000","OLTORF ST / 4TH ST","SOUTHBOUND","RIGHT TURN","false","7","6.429","0.976","2.571","1.036","7","8","2024","17","0","1","900"
"fa984735b2b8f035c01c1875f6553a57","6808","2024-07-08T17:00:00.000","OLTORF ST / 4TH ST","SOUTHBOUND","THRU","false","97","12.165","3.381","7.236","19.144","7","8","2024","17","0","1","900"
"82fc61f4bccdf5e2e717a78ae2a538e5","6808","2024-07-08T17:00:00.000","OLTORF ST / 4TH ST","SOUTHBOUND","THRU","true","1","20.0","0.0","117.7","0.0","7","8","2024","17","0","1","900"
"79616e31132bcd94d248a83d150cf987","6808","2024-07-08T17:00:00.000","OLTORF ST / 4TH ST","WESTBOUND","LEFT TURN","false","13","6.769","2.166","20.169","45.983","7","8","2024","17","0","1","900"
"0c1262a6c0611e23504c8afde46678ec","6808","2024-07-08T17:00:00.000","OLTORF ST / 4TH ST","WESTBOUND","RIGHT TURN","false","10","6.1","0.738","3.21","1.178","7","8","2024","17","0","1","900"
"b56fd53b4b8c86d17355ba64ed626fc2","6808","2024-07-08T17:00:00.000","OLTORF ST / 4TH ST","WESTBOUND","THRU","false","59","9.305","2.507","16.105","34.462","7","8","2024","17","0","1","900"
"1b3c72999a6773b97fe0210588740f8f","6808","2024-07-08T17:00:00.000","OLTORF ST / 4TH ST","WESTBOUND","THRU","true","1","8.0","0.0","112.5","0.0","7","8","2024","17","0","1","900"
"8cd63f048a068ba3975665b165afde45","6653","2024-07-08T16:45:00.000","38TH ST / MEDICAL PKWY","EASTBOUND","LEFT TURN","false","27","13.741","5.985","23.681","38.471","7","8","2024","16","45","1","900"
"236f519b8c1d6367a52964573414cd04","6653","2024-07-08T16:45:00.000","38TH ST / MEDICAL PKWY","EASTBOUND","LEFT TURN","true","10","11.9","3.281","7.87","15.369","7","8","2024","16","45","1","900"
"c0dc9216af1dff77f7cd8c5c84f7056f","6653","2024-07-08T16:45:00.000","38TH ST / MEDICAL PKWY","EASTBOUND","RIGHT TURN","false","6","9.333","3.266","1.3","1.331","7","8","2024","16","45","1","900"
"e0ee5c80508857e74a95dea61d255c8e","6653","2024-07-08T16:45:00.000","38TH ST / MEDICAL PKWY","EASTBOUND","RIGHT TURN","true","2","23.5","16.263","0.45","0.495","7","8","2024","16","45","1","900"
"a471c8f3c4c6f27ac326071e7131fa1e","6653","2024-07-08T16:45:00.000","38TH ST / MEDICAL PKWY","EASTBOUND","THRU","false","131","14.779","5.068","18.321","35.54","7","8","2024","16","45","1","900"
"b629b18c097e74d9d0cb40012c782a8b","6653","2024-07-08T16:45:00.000","38TH ST / MEDICAL PKWY","EASTBOUND","THRU","true","22","16.5","4.16","24.059","42.386","7","8","2024","16","45","1","900"
"4f07ebba4ab8f05dc3786368bb15dc02","6653","2024-07-08T16:45:00.000","38TH ST / MEDICAL PKWY","NORTHBOUND","LEFT TURN","false","10","10.5","5.169","14.75","18.156","7","8","2024","16","45","1","900"
"56af011b711fb3a2e00c99a90f9e640b","6653","2024-07-08T16:45:00.000","38TH ST / MEDICAL PKWY","NORTHBOUND","LEFT TURN","true","2","12.5","0.707","106.9","10.182","7","8","2024","16","45","1","900"
"1e289929d8e7d6562581f2f81f268ab6","6653","2024-07-08T16:45:00.000","38TH ST / MEDICAL PKWY","NORTHBOUND","RIGHT TURN","false","15","8.267","6.573","9.313","8.471","7","8","2024","16","45","1","900"
"a7c88c90c71f25c63c09018795614cd4","6653","2024-07-08T16:45:00.000","38TH ST / MEDICAL PKWY","NORTHBOUND","RIGHT TURN","true","2","9.0","12.728","21.4","4.808","7","8","2024","16","45","1","900"
"1c93fe261744129f5e675c9bc58b4f5f","6653","2024-07-08T16:45:00.000","38TH ST / MEDICAL PKWY","NORTHBOUND","THRU","false","8","13.5","8.177","32.65","38.416","7","8","2024","16","45","1","900"
"fbafe4265537a0527324ead8682f08e0","6653","2024-07-08T16:45:00.000","38TH ST / MEDICAL PKWY","SOUTHBOUND","LEFT TURN","false","19","14.684","5.001","26.726","38.887","7","8","2024","16","45","1","900"
"09ebeb333e8ff97920a8be0069557de8","6653","2024-07-08T16:45:00.000","38TH ST / MEDICAL PKWY","SOUTHBOUND","RIGHT TURN","false","2","13.5","0.707","10.6","8.202","7","8","2024","16","45","1","900"
"fceb866874183e19e8e689befc971ce9","6653","2024-07-08T16:45:00.000","38TH ST / MEDICAL PKWY","SOUTHBOUND","RIGHT TURN","true","8","10.875","8.919","10.813","15.571","7","8","2024","16","45","1","900"
"4d999e01787a9db0bd7c6d376929ca4b","6653","2024-07-08T16:45:00.000","38TH ST / MEDICAL PKWY","SOUTHBOUND","THRU","false","10","14.5","4.143","32.34","31.398","7","8","2024","16","45","1","900"
"868f8504f8c36355f59b09161b090acc","6653","2024-07-08T16:45:00.000","38TH ST / MEDICAL PKWY","SOUTHBOUND","THRU","true","6","11.667","2.733","41.15","44.82","7","8","2024","16","45","1","900"
"68148057b5df2adcefee27234bdf7364","6653","2024-07-08T16:45:00.000","38TH ST / MEDICAL PKWY","WESTBOUND","LEFT TURN","false","6","11.167","8.085","19.333","23.612","7","8","2024","16","45","1","900"
"2990519619a6c9e8f496490dc0f82cbe","6653","2024-07-08T16:45:00.000","38TH ST / MEDICAL PKWY","WESTBOUND","LEFT TURN","true","1","19.0","0.0","1.1","0.0","7","8","2024","16","45","1","900"
"fc3d423fe42a20561c0654e29f340e8b","6653","2024-07-08T16:45:00.000","38TH ST / MEDICAL PKWY","WESTBOUND","RIGHT TURN","false","4","9.5","5.0","2.425","1.75","7","8","2024","16","45","1","900"
"6103af7c5487796af101c517fce84a66","6653","2024-07-08T16:45:00.000","38TH ST / MEDICAL PKWY","WESTBOUND","RIGHT TURN","true","5","13.0","9.083","4.08","2.668","7","8","2024","16","45","1","900"
"249533576a527599eef8f6f85145f283","6653","2024-07-08T16:45:00.000","38TH ST / MEDICAL PKWY","WESTBOUND","THRU","false","133","22.85","7.318","5.467","16.391","7","8","2024","16","45","1","900"
"f55737394c8b0fef76f26b17d5d1ce8c","6653","2024-07-08T16:45:00.000","38TH ST / MEDICAL PKWY","WESTBOUND","THRU","true","68","21.618","7.022","6.776","17.507","7","8","2024","16","45","1","900"
"744e9803ae777ec953ec9b8ab5b79252","6882","2024-07-08T16:45:00.000","AIRPORT BLVD / 51ST ST","EASTBOUND","LEFT TURN","false","10","11.1","3.929","11.73","33.098","7","8","2024","16","45","1","900"
"0831ae06fbdf557994840debe7650128","6882","2024-07-08T16:45:00.000","AIRPORT BLVD / 51ST ST","EASTBOUND","RIGHT TURN","false","39","12.615","5.901","5.085","8.012","7","8","2024","16","45","1","900"
"00c68a5654dbb7fb57d0e7c4cb0cd3d4","6882","2024-07-08T16:45:00.000","AIRPORT BLVD / 51ST ST","EASTBOUND","THRU","false","101","16.525","5.924","4.817","15.085","7","8","2024","16","45","1","900"
"d01928a0224c40ac5f654674dec9819a","6882","2024-07-08T16:45:00.000","AIRPORT BLVD / 51ST ST","EASTBOUND","THRU","true","5","19.2","3.564","1.36","0.709","7","8","2024","16","45","1","900"
"37b1e26bbe95a5bc55d2e6a25661b056","6882","2024-07-08T16:45:00.000","AIRPORT BLVD / 51ST ST","NORTHBOUND","LEFT TURN","false","8","8.875","7.338","10.975","27.056","7","8","2024","16","45","1","900"
"60abf99e14effb3550de296e9762a306","6882","2024-07-08T16:45:00.000","AIRPORT BLVD / 51ST ST","NORTHBOUND","LEFT TURN","true","3","8.0","7.0","1.267","0.404","7","8","2024","16","45","1","900"
"17c9584a28226b283cfce97828dc7f49","6882","2024-07-08T16:45:00.000","AIRPORT BLVD / 51ST ST","NORTHBOUND","THRU","true","1","12.0","0.0","0.0","0.0","7","8","2024","16","45","1","900"
"82ca19596de5d2feb6fcc2e7734f63a6","6882","2024-07-08T16:45:00.000","AIRPORT BLVD / 51ST ST","SOUTHBOUND","LEFT TURN","false","3","22.0","12.288","1.033","0.666","7","8","2024","16","45","1","900"
"c7e7d1c10193f82e8053bc9e0c5665a0","6882","2024-07-08T16:45:00.000","AIRPORT BLVD / 51ST ST","SOUTHBOUND","RIGHT TURN","false","3","14.333","1.528","3.233","0.551","7","8","2024","16","45","1","900"
"e2884f333390d5a3c8ca866aa739cc29","6882","2024-07-08T16:45:00.000","AIRPORT BLVD / 51ST ST","SOUTHBOUND","THRU","false","104","29.49","11.495","9.725","18.366","7","8","2024","16","45","1","900"
"260a9c8b1538cd19abdfcfa592f4de88","6882","2024-07-08T16:45:00.000","AIRPORT BLVD / 51ST ST","SOUTHBOUND","THRU","true","5","18.2","13.008","53.38","33.602","7","8","2024","16","45","1","900"
"c0810ad79f112513c54c8e51be8c9b0f","6882","2024-07-08T16:45:00.000","AIRPORT BLVD / 51ST ST","WESTBOUND","LEFT TURN","false","5","6.6","5.079","18.28","29.821","7","8","2024","16","45","1","900"
"73cf375c5140210222c4ce8233207aba","6882","2024-07-08T16:45:00.000","AIRPORT BLVD / 51ST ST","WESTBOUND","RIGHT TURN","false","19","4.263","3.709","9.968","25.028","7","8","2024","16","45","1","900"
"2dd0d8081e7d07c26de9fbaff60d56bc","6882","2024-07-08T16:45:00.000","AIRPORT BLVD / 51ST ST","WESTBOUND","THRU","false","33","6.485","5.019","19.388","34.346","7","8","2024","16","45","1","900"
"e29163817aa2fbcb426adbb23d5acd91","6882","2024-07-08T16:45:00.000","AIRPORT BLVD / 51ST ST","WESTBOUND","THRU","true","14","7.286","5.81","21.35","35.878","7","8","2024","16","45","1","900"
"a0f02a8f0614563a06bc2e41ea9e5294","6882","2024-07-08T16:45:00.000","AIRPORT BLVD / 51ST ST","WESTBOUND","U-TURN","false","1","6.0","0.0","66.9","0.0","7","8","2024","16","45","1","900"
"9bdb5fb6d0c2cb4b71b74185dcdafa15","7038","2024-07-08T16:45:00.000","ANDERSON LN / SHOAL CREEK BLVD","EASTBOUND","LEFT TURN","false","23","13.478","2.874","-0.043","0.209","7","8","2024","16","45","1","900"
"293dcbc8d3ac2f8ca4af60f9dc2abd63","7038","2024-07-08T16:45:00.000","ANDERSON LN / SHOAL CREEK BLVD","EASTBOUND","RIGHT TURN","false","39","12.718","3.154","0.0","0.0","7","8","2024","16","45","1","900"
"c92ca2773af58efd66059086a9f20b88","7038","2024-07-08T16:45:00.000","ANDERSON LN / SHOAL CREEK BLVD","EASTBOUND","RIGHT TURN","true","5","13.0","0.0","0.0","0.0","7","8","2024","16","45","1","900"
"7551adba46874f0ccb6ed32fe7232cb4","7038","2024-07-08T16:45:00.000","ANDERSON LN / SHOAL CREEK BLVD","EASTBOUND","THRU","false","158","27.677","9.48","-0.006","0.08","7","8","2024","16","45","1","900"
"c2e46563921de95184b03ca6bbb8f19d","7038","2024-07-08T16:45:00.000","ANDERSON LN / SHOAL CREEK BLVD","EASTBOUND","THRU","true","3","16.333","15.308","0.0","0.0","7","8","2024","16","45","1","900"
"a383f51e28439cb334c422be127ee8db","7038","2024-07-08T16:45:00.000","ANDERSON LN / SHOAL CREEK BLVD","NORTHBOUND","LEFT TURN","false","60","13.0","4.419","-0.083","0.279","7","8","2024","16","45","1","900"
"4c88dd8f15fe4ec094f4b8f7e493ed60","7038","2024-07-08T16:45:00.000","ANDERSON LN / SHOAL CREEK BLVD","NORTHBOUND","LEFT TURN","true","2","14.5","3.536","0.0","0.0","7","8","2024","16","45","1","900"
"2d41b9f94a83af17c800b6adc2370c4d","7038","2024-07-08T16:45:00.000","ANDERSON LN / SHOAL CREEK BLVD","NORTHBOUND","RIGHT TURN","false","9","6.444","3.779","0.0","0.0","7","8","2024","16","45","1","900"
"239fe07fd3bf08928458151ae6636d21","7038","2024-07-08T16:45:00.000","ANDERSON LN / SHOAL CREEK BLVD","NORTHBOUND","THRU","false","22","13.545","5.484","-0.091","0.294","7","8","2024","16","45","1","900"
"cba2d6cf7df985fd8d102d1bbf3b176f","7038","2024-07-08T16:45:00.000","ANDERSON LN / SHOAL CREEK BLVD","NORTHBOUND","THRU","true","2","46.5","44.548","-0.5","0.707","7","8","2024","16","45","1","900"
"0b0a03dcbc34385eca2653c316d7b5ac","7038","2024-07-08T16:45:00.000","ANDERSON LN / SHOAL CREEK BLVD","SOUTHBOUND","LEFT TURN","false","27","11.556","3.178","0.0","0.0","7","8","2024","16","45","1","900"
"490dfd04b842bcdf5b92e2b75a9edaf3","7038","2024-07-08T16:45:00.000","ANDERSON LN / SHOAL CREEK BLVD","SOUTHBOUND","LEFT TURN","true","2","12.0","2.828","0.0","0.0","7","8","2024","16","45","1","900"
"de339658e70e7ffcc35b2071e909f18a","7038","2024-07-08T16:45:00.000","ANDERSON LN / SHOAL CREEK BLVD","SOUTHBOUND","RIGHT TURN","false","32","7.281","5.329","0.0","0.0","7","8","2024","16","45","1","900"
"e64a284b6798cfec236f131474feb7d4","7038","2024-07-08T16:45:00.000","ANDERSON LN / SHOAL CREEK BLVD","SOUTHBOUND","RIGHT TURN","true","1","4.0","0.0","0.0","0.0","7","8","2024","16","45","1","900"
"eb50642a8a19ff22ae460224616c1a45","7038","2024-07-08T16:45:00.000","ANDERSON LN / SHOAL CREEK BLVD","SOUTHBOUND","THRU","false","28","11.357","4.684","0.0","0.0","7","8","2024","16","45","1","900"
"e39f07da424f2d36c1c49384ff639d42","7038","2024-07-08T16:45:00.000","ANDERSON LN / SHOAL CREEK BLVD","SOUTHBOUND","THRU","true","1","14.0","0.0","0.0","0.0","7","8","2024","16","45","1","900"
"2d0d52d0f8393f97ff9589104d5bca4a","7038","2024-07-08T16:45:00.000","ANDERSON LN / SHOAL CREEK BLVD","WESTBOUND","LEFT TURN","false","6","23.167","28.52","-0.5","0.548","7","8","2024","16","45","1","900"
"4256478a671b052d3e3f06771751b300","7038","2024-07-08T16:45:00.000","ANDERSON LN / SHOAL CREEK BLVD","WESTBOUND","LEFT TURN","true","1","88.0","0.0","0.0","0.0","7","8","2024","16","45","1","900"
"5e152bf9d3269818756f301a963c53ef","7038","2024-07-08T16:45:00.000","ANDERSON LN / SHOAL CREEK BLVD","WESTBOUND","RIGHT TURN","true","1","6.0","0.0","0.0","0.0","7","8","2024","16","45","1","900"
"16d167dd282e293b1c85986ca59cf2ec","7038","2024-07-08T16:45:00.000","ANDERSON LN / SHOAL CREEK BLVD","WESTBOUND","THRU","false","150","20.06","6.559","-0.627","0.485","7","8","2024","16","45","1","900"
"d793554aa7f803d3aa23fd5d60a5b88e","7038","2024-07-08T16:45:00.000","ANDERSON LN / SHOAL CREEK BLVD","WESTBOUND","THRU","true","10","15.4","7.604","-0.5","0.527","7","8","2024","16","45","1","900"
"0ce598ae21b38065329a2b45c43178d2","7343","2024-07-08T16:45:00.000","RIVERSIDE DR / BURTON DR","EASTBOUND","LEFT TURN","false","24","13.875","3.207","12.021","21.568","7","8","2024","16","45","1","900"
"816e1c4ed0eb82519d83992edfce3922","7343","2024-07-08T16:45:00.000","RIVERSIDE DR / BURTON DR","EASTBOUND","LEFT TURN","true","7","16.857","6.309","3.214","5.121","7","8","2024","16","45","1","900"
"4290af9a8667436038a74fcee127fd25","7343","2024-07-08T16:45:00.000","RIVERSIDE DR / BURTON DR","EASTBOUND","RIGHT TURN","true","2","13.0","2.828","80.7","24.89","7","8","2024","16","45","1","900"
"63255ddb567e4b933266ac01ca0d5267","7343","2024-07-08T16:45:00.000","RIVERSIDE DR / BURTON DR","EASTBOUND","THRU","false","54","30.333","10.635","4.278","10.917","7","8","2024","16","45","1","900"
"01732bb43cb96d5df0979adb066eaac8","7343","2024-07-08T16:45:00.000","RIVERSIDE DR / BURTON DR","EASTBOUND","THRU","true","195","30.015","10.825","4.598","13.398","7","8","2024","16","45","1","900"
"c09a0aac88b1a6bdcd6824ce3f579920","7343","2024-07-08T16:45:00.000","RIVERSIDE DR / BURTON DR","NORTHBOUND","LEFT TURN","false","9","27.667","10.44","13.056","35.317","7","8","2024","16","45","1","900"
"a3a86b8f3964203174adff0a3c55aab4","7343","2024-07-08T16:45:00.000","RIVERSIDE DR / BURTON DR","NORTHBOUND","RIGHT TURN","true","2","23.0","9.899","0.05","0.071","7","8","2024","16","45","1","900"
"5c3d32792e4dbfb4da7d4748f2eb9f26","7343","2024-07-08T16:45:00.000","RIVERSIDE DR / BURTON DR","NORTHBOUND","THRU","false","9","38.667","33.459","0.756","0.857","7","8","2024","16","45","1","900"
"99f98c98a65ae596f695af285a7e82a5","7343","2024-07-08T16:45:00.000","RIVERSIDE DR / BURTON DR","NORTHBOUND","THRU","true","7","21.714","21.869","0.486","0.609","7","8","2024","16","45","1","900"
"3b8a120c41f90e27272b3ad70731179f","7343","2024-07-08T16:45:00.000","RIVERSIDE DR / BURTON DR","SOUTHBOUND","LEFT TURN","false","8","15.0","2.976","18.462","48.225","7","8","2024","16","45","1","900"
"fe378ed6ae712404084ad7b9fa941e68","7343","2024-07-08T16:45:00.000","RIVERSIDE DR / BURTON DR","SOUTHBOUND","LEFT TURN","true","6","16.833","2.041","43.033","54.711","7","8","2024","16","45","1","900"
"7ba353790dcc401384caea50d4644db6","7343","2024-07-08T16:45:00.000","RIVERSIDE DR / BURTON DR","SOUTHBOUND","RIGHT TURN","false","6","9.667","3.011","21.917","37.662","7","8","2024","16","45","1","900"
"ed0a582a1020b1c64804eb366caab787","7343","2024-07-08T16:45:00.000","RIVERSIDE DR / BURTON DR","SOUTHBOUND","THRU","false","14","15.786","4.282","18.521","32.097","7","8","2024","16","45","1","900"
"1cfa9d7767524570919439069c65c9ae","7343","2024-07-08T16:45:00.000","RIVERSIDE DR / BURTON DR","SOUTHBOUND","THRU","true","10","16.4","4.477","19.52","16.518","7","8","2024","16","45","1","900"
"8a22af19f38adcb31d72b4706aa7b0d9","7343","2024-07-08T16:45:00.000","RIVERSIDE DR / BURTON DR","WESTBOUND","LEFT TURN","false","17","14.529","7.349","20.141","43.518","7","8","2024","16","45","1","900"
"a8c9f43d2ba64f76a0569c55321f4989","7343","2024-07-08T16:45:00.000","RIVERSIDE DR / BURTON DR","WESTBOUND","LEFT TURN","true","1","13.0","0.0","3.2","0.0","7","8","2024","16","45","1","900"
"c0f86f695d979a439222f7d1d666beb2","7343","2024-07-08T16:45:00.000","RIVERSIDE DR / BURTON DR","WESTBOUND","RIGHT TURN","false","7","20.0","28.525","2.586","1.983","7","8","2024","16","45","1","900"
"beea2306d9a2136dcd4a5cfb5ae8fd6a","7343","2024-07-08T16:45:00.000","RIVERSIDE DR / BURTON DR","WESTBOUND","THRU","false","176","33.926","17.622","4.956","15.699","7","8","2024","16","45","1","900"
"8b986f41ef5ff670de563d80f6de56f6","7343","2024-07-08T16:45:00.000","RIVERSIDE DR / BURTON DR","WESTBOUND","THRU","true","18","38.278","22.36","5.522","20.545","7","8","2024","16","45","1","900"
"451a601be12521fb12ccbaf54c313a5c","6382","2024-07-08T16:45:00.000","FM 620 RD / DEERBROOK TRL","EASTBOUND","LEFT TURN","false","1","412.0","0.0","0.1","0.0","7","8","2024","16","45","1","900"
"687445d64bf6f46f736a6a0dbd78b804","6382","2024-07-08T16:45:00.000","FM 620 RD / DEERBROOK TRL","EASTBOUND","RIGHT TURN","false","4","16.25","5.188","1.175","0.776","7","8","2024","16","45","1","900"
"d03229578d946b8877894b302f36a257","6382","2024-07-08T16:45:00.000","FM 620 RD / DEERBROOK TRL","EASTBOUND","THRU","false","363","32.992","9.704","1.708","4.219","7","8","2024","16","45","1","900"
"d932459aa2b76c1b1f145dd17021e470","6382","2024-07-08T16:45:00.000","FM 620 RD / DEERBROOK TRL","EASTBOUND","THRU","true","13","32.846","11.29","0.815","0.678","7","8","2024","16","45","1","900"
"08764639dc20eb86683eb379c9eddac4","6382","2024-07-08T16:45:00.000","FM 620 RD / DEERBROOK TRL","NORTHBOUND","LEFT TURN","false","9","10.444","4.693","27.067","48.674","7","8","2024","16","45","1","900"
"19b8ed1010f693b0ce0796d0da9f88b8","6382","2024-07-08T16:45:00.000","FM 620 RD / DEERBROOK TRL","NORTHBOUND","RIGHT TURN","false","24","3.583","3.599","9.867","12.714","7","8","2024","16","45","1","900"
"e62e8ba86e89801efeede4c6bd90786b","6382","2024-07-08T16:45:00.000","FM 620 RD / DEERBROOK TRL","NORTHBOUND","RIGHT TURN","true","3","2.667","1.155","11.9","11.75","7","8","2024","16","45","1","900"
"8c2ee102d0747c2d01676d1041ec805e","6382","2024-07-08T16:45:00.000","FM 620 RD / DEERBROOK TRL","NORTHBOUND","THRU","false","2","11.0","1.414","2.0","1.131","7","8","2024","16","45","1","900"
"dfe70a8a564f7ceeb908cd5fddf0aa74","6382","2024-07-08T16:45:00.000","FM 620 RD / DEERBROOK TRL","SOUTHBOUND","THRU","false","1","7.0","0.0","20.5","0.0","7","8","2024","16","45","1","900"
"f0f787924b156331810e9d2cf5d2ac16","6382","2024-07-08T16:45:00.000","FM 620 RD / DEERBROOK TRL","WESTBOUND","LEFT TURN","false","22","17.545","25.173","2.114","4.79","7","8","2024","16","45","1","900"
"aa17444e243979d670bf2eaa57c32e64","6382","2024-07-08T16:45:00.000","FM 620 RD / DEERBROOK TRL","WESTBOUND","THRU","false","363","31.146","8.255","1.175","1.828","7","8","2024","16","45","1","900"
"6b1f42195f96d572818dcba623bb08c3","6382","2024-07-08T16:45:00.000","FM 620 RD / DEERBROOK TRL","WESTBOUND","THRU","true","21","32.905","11.031","1.567","4.148","7","8","2024","16","45","1","900"
"200e6422fe30652c51ad23d183f42fe3","6881","2024-07-08T16:45:00.000","SLAUGHTER LN / LINDSHIRE LN","EASTBOUND","RIGHT TURN","false","18","13.056","9.359","3.828","2.581","7","8","2024","16","45","1","900"
"53a6869d930c84207e048b3097ac8037","6881","2024-07-08T16:45:00.000","SLAUGHTER LN / LINDSHIRE LN","EASTBOUND","RIGHT TURN","true","1","10.0","0.0","1.2","0.0","7","8","2024","16","45","1","900"
"a7e5464411ac65712341d635dddf4d1b","6881","2024-07-08T16:45:00.000","SLAUGHTER LN / LINDSHIRE LN","EASTBOUND","THRU","false","292","28.976","8.57","2.081","4.35","7","8","2024","16","45","1","900"
"9aa5b33ac3c1258bc844693c65f50b8a","6881","2024-07-08T16:45:00.000","SLAUGHTER LN / LINDSHIRE LN","EASTBOUND","THRU","true","5","27.2","3.701","1.32","1.045","7","8","2024","16","45","1","900"
"89a62005cb8c71fb7e14c049b1c87340","6881","2024-07-08T16:45:00.000","SLAUGHTER LN / LINDSHIRE LN","NORTHBOUND","LEFT TURN","false","25","7.28","5.405","18.14","33.121","7","8","2024","16","45","1","900"
"a388291c04e36005dafe0af4104b0a20","6881","2024-07-08T16:45:00.000","SLAUGHTER LN / LINDSHIRE LN","NORTHBOUND","RIGHT TURN","false","8","3.75","4.166","2.425","3.817","7","8","2024","16","45","1","900"
"11b7969f38fe5515c9d4b252822c2f30","6881","2024-07-08T16:45:00.000","SLAUGHTER LN / LINDSHIRE LN","NORTHBOUND","THRU","false","5","9.0","10.296","3.46","2.653","7","8","2024","16","45","1","900"
"96dc8077a7170b8f9f31f40a44409d93","6881","2024-07-08T16:45:00.000","SLAUGHTER LN / LINDSHIRE LN","SOUTHBOUND","LEFT TURN","false","2","9.0","4.243","22.35","25.527","7","8","2024","16","45","1","900"
"7f97c0668b01c73d1d1514e48fa33ff9","6881","2024-07-08T16:45:00.000","SLAUGHTER LN / LINDSHIRE LN","WESTBOUND","LEFT TURN","false","1","8.0","0.0","53.7","0.0","7","8","2024","16","45","1","900"
"5ebfe41163305f5e9eefcf26e65fef4c","6881","2024-07-08T16:45:00.000","SLAUGHTER LN / LINDSHIRE LN","WESTBOUND","THRU","false","210","28.329","6.718","1.824","5.288","7","8","2024","16","45","1","900"
"2edbf73250645f5b451df66b7a5a35a5","6881","2024-07-08T16:45:00.000","SLAUGHTER LN / LINDSHIRE LN","WESTBOUND","THRU","true","8","28.25","8.582","1.525","0.625","7","8","2024","16","45","1","900"
"e3865cd4471762239eb8c04a2956c776","6808","2024-07-08T16:45:00.000","OLTORF ST / 4TH ST","EASTBOUND","LEFT TURN","false","3","18.0","26.058","0.133","0.058","7","8","2024","16","45","1","900"
"2c13d7a2c3bdc1a11c538fa965aa5ded","6808","2024-07-08T16:45:00.000","OLTORF ST / 4TH ST","EASTBOUND","RIGHT TURN","false","13","4.923","0.862","1.915","1.064","7","8","2024","16","45","1","900"
"f729c069250181b42330c209ac2e3c25","6808","2024-07-08T16:45:00.000","OLTORF ST / 4TH ST","EASTBOUND","RIGHT TURN","true","1","6.0","0.0","2.0","0.0","7","8","2024","16","45","1","900"
"482b7fbe146a666bd22f2bc7e6ffeb7e","6808","2024-07-08T16:45:00.000","OLTORF ST / 4TH ST","EASTBOUND","THRU","false","58","9.603","10.756","8.416","26.071","7","8","2024","16","45","1","900"
"1b415af3d237a490333f06f8c3671dfd","6808","2024-07-08T16:45:00.000","OLTORF ST / 4TH ST","EASTBOUND","THRU","true","3","7.667","1.155","0.667","0.981","7","8","2024","16","45","1","900"
"1c95261fabbdf01218df5a38c840aed8","6808","2024-07-08T16:45:00.000","OLTORF ST / 4TH ST","NORTHBOUND","LEFT TURN","false","16","10.625","11.254","12.175","32.121","7","8","2024","16","45","1","900"
"853a2f1611cdd0f7ec23b3b6a6248dcf","6808","2024-07-08T16:45:00.000","OLTORF ST / 4TH ST","NORTHBOUND","RIGHT TURN","false","8","4.875","1.356","1.738","2.059","7","8","2024","16","45","1","900"
"c20769ca649f51aec02f36ed22b237bd","6808","2024-07-08T16:45:00.000","OLTORF ST / 4TH ST","NORTHBOUND","THRU","false","55","9.345","8.427","8.638","21.663","7","8","2024","16","45","1","900"
"3640052cb5e353e87ef5ed1d59ea3cbf","6808","2024-07-08T16:45:00.000","OLTORF ST / 4TH ST","NORTHBOUND","THRU","true","1","8.0","0.0","3.0","0.0","7","8","2024","16","45","1","900"
"a662df61fa1db0b242bd6c6d9647ce75","6808","2024-07-08T16:45:00.000","OLTORF ST / 4TH ST","SOUTHBOUND","LEFT TURN","false","25","9.4","4.933","11.012","30.502","7","8","2024","16","45","1","900"
"abaa20af6e2982dc6bf15639906c822c","6808","2024-07-08T16:45:00.000","OLTORF ST / 4TH ST","SOUTHBOUND","RIGHT TURN","false","9","6.778","1.302","2.0","1.006","7","8","2024","16","45","1","900"
"90d7e3080a5a20773a2c78004c92e327","6808","2024-07-08T16:45:00.000","OLTORF ST / 4TH ST","SOUTHBOUND","THRU","false","102","12.373","5.295","5.061","13.977","7","8","2024","16","45","1","900"
"5f9bbc7a1e0a3b7947fd8d1c8b9921c5","6808","2024-07-08T16:45:00.000","OLTORF ST / 4TH ST","SOUTHBOUND","THRU","true","3","8.667","3.215","0.267","0.289","7","8","2024","16","45","1","900"
"f65b9c15d440e907447ff207cff627de","6808","2024-07-08T16:45:00.000","OLTORF ST / 4TH ST","WESTBOUND","LEFT TURN","false","10","6.8","2.616","2.91","7.035","7","8","2024","16","45","1","900"
"c5fc566df0114bb07ded2738be922e46","6808","2024-07-08T16:45:00.000","OLTORF ST / 4TH ST","WESTBOUND","RIGHT TURN","false","18","5.944","0.873","23.483","38.67","7","8","2024","16","45","1","900"
"adf97ded1054863236c5845c91165b70","6808","2024-07-08T16:45:00.000","OLTORF ST / 4TH ST","WESTBOUND","THRU","false","57","10.0","3.036","19.844","38.237","7","8","2024","16","45","1","900"
"000f7c34cfce43c7e103c79500da3af3","6808","2024-07-08T16:45:00.000","OLTORF ST / 4TH ST","WESTBOUND","THRU","true","1","10.0","0.0","3.4","0.0","7","8","2024","16","45","1","900"
"22b5cae6c3d9ec003306aa1c6091d9cc","6653","2024-07-08T16:30:00.000","38TH ST / MEDICAL PKWY","EASTBOUND","LEFT TURN","false","21","12.905","5.147","14.005","26.383","7","8","2024","16","30","1","900"
"d9c71bdb71e2749de80a2e3d3165b327","6653","2024-07-08T16:30:00.000","38TH ST / MEDICAL PKWY","EASTBOUND","LEFT TURN","true","7","12.286","2.87","9.029","10.932","7","8","2024","16","30","1","900"
"294af007deef2ea256567631facad33a","6653","2024-07-08T16:30:00.000","38TH ST / MEDICAL PKWY","EASTBOUND","RIGHT TURN","false","5","10.2","7.918","1.66","1.689","7","8","2024","16","30","1","900"
"43af4a8b2454619e25923b77288cca9d","6653","2024-07-08T16:30:00.000","38TH ST / MEDICAL PKWY","EASTBOUND","THRU","false","127","17.591","5.625","17.006","33.949","7","8","2024","16","30","1","900"
"27f690433f22b55731319e49ff2d9364","6653","2024-07-08T16:30:00.000","38TH ST / MEDICAL PKWY","EASTBOUND","THRU","true","30","17.733","5.825","16.383","35.761","7","8","2024","16","30","1","900"
"9ce9f09aa73160acb4b11e32d5ff0ab7","6653","2024-07-08T16:30:00.000","38TH ST / MEDICAL PKWY","NORTHBOUND","LEFT TURN","false","8","8.625","3.583","49.563","51.521","7","8","2024","16","30","1","900"
"4791120bd559fb374fddf078c69e3579","6653","2024-07-08T16:30:00.000","38TH ST / MEDICAL PKWY","NORTHBOUND","LEFT TURN","true","1","9.0","0.0","0.3","0.0","7","8","2024","16","30","1","900"
"055199de686eda8a424a62c7629d5183","6653","2024-07-08T16:30:00.000","38TH ST / MEDICAL PKWY","NORTHBOUND","RIGHT TURN","false","14","8.071","8.004","12.836","22.635","7","8","2024","16","30","1","900"
"c4427fab4f36023f11b6407f45e539cb","6653","2024-07-08T16:30:00.000","38TH ST / MEDICAL PKWY","NORTHBOUND","RIGHT TURN","true","3","8.333","2.517","20.5","28.159","7","8","2024","16","30","1","900"
"3972a418ab6d214e0526fed6214e4227","6653","2024-07-08T16:30:00.000","38TH ST / MEDICAL PKWY","NORTHBOUND","THRU","false","9","23.444","31.069","38.433","41.371","7","8","2024","16","30","1","900"
"ba23b6490bd418dc18cd3ed2642ac3fc","6653","2024-07-08T16:30:00.000","38TH ST / MEDICAL PKWY","NORTHBOUND","THRU","true","1","11.0","0.0","13.2","0.0","7","8","2024","16","30","1","900"
"5ba28b118bf9f26dd1dafaf5cf8c1112","6653","2024-07-08T16:30:00.000","38TH ST / MEDICAL PKWY","SOUTHBOUND","LEFT TURN","false","24","13.792","3.148","11.987","29.439","7","8","2024","16","30","1","900"
"98491c2ad91b312e335b7892bed24cb8","6653","2024-07-08T16:30:00.000","38TH ST / MEDICAL PKWY","SOUTHBOUND","RIGHT TURN","false","2","10.5","3.536","59.15","77.711","7","8","2024","16","30","1","900"
"22f1a3f0c537e05a43b5fc6529585cc8","6653","2024-07-08T16:30:00.000","38TH ST / MEDICAL PKWY","SOUTHBOUND","RIGHT TURN","true","12","12.167","4.529","32.908","40.325","7","8","2024","16","30","1","900"
"b359722e0945a50bf8ac0c8b3f30cdd1","6653","2024-07-08T16:30:00.000","38TH ST / MEDICAL PKWY","SOUTHBOUND","THRU","false","9","14.333","7.858","31.456","45.321","7","8","2024","16","30","1","900"
"6b7739ddcd7c91a74447c956b11e59c0","6653","2024-07-08T16:30:00.000","38TH ST / MEDICAL PKWY","SOUTHBOUND","THRU","true","4","11.75","5.377","47.35","36.406","7","8","2024","16","30","1","900"
"2078718a8a53703b1e58d0702682deaa","6653","2024-07-08T16:30:00.000","38TH ST / MEDICAL PKWY","WESTBOUND","LEFT TURN","false","8","11.5","5.345","21.662","20.567","7","8","2024","16","30","1","900"
"4a1a5d23dc861c07d508b1080e5cf62e","6653","2024-07-08T16:30:00.000","38TH ST / MEDICAL PKWY","WESTBOUND","LEFT TURN","true","2","7.5","3.536","0.05","0.071","7","8","2024","16","30","1","900"
"44d040e1cfd4d0aa01d087296695019b","6653","2024-07-08T16:30:00.000","38TH ST / MEDICAL PKWY","WESTBOUND","RIGHT TURN","false","9","10.778","3.528","3.178","4.677","7","8","2024","16","30","1","900"
"d822a476620f168a67f2ee5f72bfadce","6653","2024-07-08T16:30:00.000","38TH ST / MEDICAL PKWY","WESTBOUND","RIGHT TURN","true","9","13.222","6.685","4.4","4.088","7","8","2024","16","30","1","900"
"eacb3b0666860c0cd83eda6aa85726d0","6653","2024-07-08T16:30:00.000","38TH ST / MEDICAL PKWY","WESTBOUND","THRU","false","139","23.705","6.426","2.366","7.446","7","8","2024","16","30","1","900"
"07f18a8ec1eb2303d65259838103ba33","6653","2024-07-08T16:30:00.000","38TH ST / MEDICAL PKWY","WESTBOUND","THRU","true","72","21.389","7.703","5.069","14.608","7","8","2024","16","30","1","900"
"95ccacf992e8ec3eea4da8107a29708f","6882","2024-07-08T16:30:00.000","AIRPORT BLVD / 51ST ST","EASTBOUND","LEFT TURN","false","4","11.0","4.967","12.25","15.586","7","8","2024","16","30","1","900"
"58f69638b2ed594e353bb24a849943af","6882","2024-07-08T16:30:00.000","AIRPORT BLVD / 51ST ST","EASTBOUND","LEFT TURN","true","4","16.0","6.683","3.925","5.587","7","8","2024","16","30","1","900"
"057a8cf1aef16fa2efd13937261419e5","6882","2024-07-08T16:30:00.000","AIRPORT BLVD / 51ST ST","EASTBOUND","RIGHT TURN","false","41","12.512","5.372","5.873","16.731","7","8","2024","16","30","1","900"
"bf34257daac4b8388cab836dd8aec917","6882","2024-07-08T16:30:00.000","AIRPORT BLVD / 51ST ST","EASTBOUND","RIGHT TURN","true","1","8.0","0.0","8.7","0.0","7","8","2024","16","30","1","900"
"a405cd500137a6be322f7f50823ec68e","6882","2024-07-08T16:30:00.000","AIRPORT BLVD / 51ST ST","EASTBOUND","THRU","false","92","16.25","5.16","3.249","10.204","7","8","2024","16","30","1","900"
"a8e47396b4050220871aa1571378c150","6882","2024-07-08T16:30:00.000","AIRPORT BLVD / 51ST ST","EASTBOUND","THRU","true","3","18.667","7.095","12.5","19.833","7","8","2024","16","30","1","900"
"3dc23d1b2fc6b7e3d8f26558ac03f911","6882","2024-07-08T16:30:00.000","AIRPORT BLVD / 51ST ST","NORTHBOUND","LEFT TURN","false","19","10.684","8.756","1.616","1.123","7","8","2024","16","30","1","900"
"d0edaef8440de3df832c8c402c900267","6882","2024-07-08T16:30:00.000","AIRPORT BLVD / 51ST ST","NORTHBOUND","LEFT TURN","true","1","5.0","0.0","4.5","0.0","7","8","2024","16","30","1","900"
"3b9bb5b7f0f31e16fa847351ce11796e","6882","2024-07-08T16:30:00.000","AIRPORT BLVD / 51ST ST","NORTHBOUND","THRU","false","1","12.0","0.0","0.0","0.0","7","8","2024","16","30","1","900"
"1e2d78a219f34662d3dd6bb8de05c143","6882","2024-07-08T16:30:00.000","AIRPORT BLVD / 51ST ST","NORTHBOUND","THRU","true","2","8.0","2.828","1.3","1.838","7","8","2024","16","30","1","900"
"43fa4d3da312f0bdcf9a81e436781c6d","6882","2024-07-08T16:30:00.000","AIRPORT BLVD / 51ST ST","SOUTHBOUND","LEFT TURN","false","2","14.0","5.657","0.9","0.707","7","8","2024","16","30","1","900"
"37e3637b6007d410648c608e8f5cbc7a","6882","2024-07-08T16:30:00.000","AIRPORT BLVD / 51ST ST","SOUTHBOUND","RIGHT TURN","false","2","10.5","0.707","3.35","0.354","7","8","2024","16","30","1","900"
"21948ce20328a4a5a2781b1972486a2d","6882","2024-07-08T16:30:00.000","AIRPORT BLVD / 51ST ST","SOUTHBOUND","THRU","false","100","28.92","11.961","9.549","21.843","7","8","2024","16","30","1","900"
"ee31718a9e2c3ccd7e61854187f98477","6882","2024-07-08T16:30:00.000","AIRPORT BLVD / 51ST ST","SOUTHBOUND","THRU","true","20","34.45","11.932","5.125","16.56","7","8","2024","16","30","1","900"
"86bb430d537c49c0e8f82ed66b2e1e33","6882","2024-07-08T16:30:00.000","AIRPORT BLVD / 51ST ST","WESTBOUND","LEFT TURN","false","9","6.111","4.256","8.578","18.632","7","8","2024","16","30","1","900"
"31d989db5b1c59b7e5a23c69ed4ccb30","6882","2024-07-08T16:30:00.000","AIRPORT BLVD / 51ST ST","WESTBOUND","LEFT TURN","true","2","7.5","0.707","1.0","1.131","7","8","2024","16","30","1","900"
"43071a4c8166eed958b76f4806588e98","6882","2024-07-08T16:30:00.000","AIRPORT BLVD / 51ST ST","WESTBOUND","RIGHT TURN","false","15","5.4","11.394","20.633","38.706","7","8","2024","16","30","1","900"
"7c3d1c10dcc20df60522879997a0111a","6882","2024-07-08T16:30:00.000","AIRPORT BLVD / 51ST ST","WESTBOUND","THRU","false","36","6.806","5.646","29.706","61.952","7","8","2024","16","30","1","900"
"945df540cb28155b9ee64295013e82cc","6882","2024-07-08T16:30:00.000","AIRPORT BLVD / 51ST ST","WESTBOUND","THRU","true","4","8.0","5.598","2.2","1.889","7","8","2024","16","30","1","900"
"9051ee402f475d953cc23c1d801c1b82","7038","2024-07-08T16:30:00.000","ANDERSON LN / SHOAL CREEK BLVD","EASTBOUND","LEFT TURN","false","14","12.143","3.159","-0.071","0.267","7","8","2024","16","30","1","900"
"cab86ffab176034ee6831d81d4b1569a","7038","2024-07-08T16:30:00.000","ANDERSON LN / SHOAL CREEK BLVD","EASTBOUND","LEFT TURN","true","1","11.0","0.0","0.0","0.0","7","8","2024","16","30","1","900"
"22afdc6cc11de08a37e04bcb80e7f16c","7038","2024-07-08T16:30:00.000","ANDERSON LN / SHOAL CREEK BLVD","EASTBOUND","RIGHT TURN","false","23","11.652","3.651","0.0","0.0","7","8","2024","16","30","1","900"
"57eab4e99dab78e93ae3c0e87bb6d19c","7038","2024-07-08T16:30:00.000","ANDERSON LN / SHOAL CREEK BLVD","EASTBOUND","RIGHT TURN","true","2","12.0","1.414","0.0","0.0","7","8","2024","16","30","1","900"
"bb040b71ba5406e0d22c16b7007617b3","7038","2024-07-08T16:30:00.000","ANDERSON LN / SHOAL CREEK BLVD","EASTBOUND","THRU","false","166","26.373","10.077","-0.036","0.187","7","8","2024","16","30","1","900"
"ece23a04eac7f984018c0833624738ea","7038","2024-07-08T16:30:00.000","ANDERSON LN / SHOAL CREEK BLVD","EASTBOUND","U-TURN","false","1","8.0","0.0","0.0","0.0","7","8","2024","16","30","1","900"
"9c2ff7278c33222cf547ba89f718964f","7038","2024-07-08T16:30:00.000","ANDERSON LN / SHOAL CREEK BLVD","NORTHBOUND","LEFT TURN","false","64","11.859","5.092","-0.172","0.38","7","8","2024","16","30","1","900"
"5df1242059debb96ac6b260eb9e18274","7038","2024-07-08T16:30:00.000","ANDERSON LN / SHOAL CREEK BLVD","NORTHBOUND","LEFT TURN","true","4","12.25","4.272","0.0","0.0","7","8","2024","16","30","1","900"
"56fceb72905d2c39b27d8d9b7216f9ff","7038","2024-07-08T16:30:00.000","ANDERSON LN / SHOAL CREEK BLVD","NORTHBOUND","RIGHT TURN","false","4","5.25","4.573","0.0","0.0","7","8","2024","16","30","1","900"
"cd1c0c5c2cfd70e8496c28c0e26be9fe","7038","2024-07-08T16:30:00.000","ANDERSON LN / SHOAL CREEK BLVD","NORTHBOUND","THRU","false","30","15.6","12.039","-0.167","0.379","7","8","2024","16","30","1","900"
"abcd4f630a0b5fe3792d9fdee13e5e3f","7038","2024-07-08T16:30:00.000","ANDERSON LN / SHOAL CREEK BLVD","SOUTHBOUND","LEFT TURN","false","28","11.214","6.691","-0.107","0.315","7","8","2024","16","30","1","900"
"e855046f5a5ffe5dfeabcf78ed38f925","7038","2024-07-08T16:30:00.000","ANDERSON LN / SHOAL CREEK BLVD","SOUTHBOUND","LEFT TURN","true","5","12.0","2.828","0.0","0.0","7","8","2024","16","30","1","900"
"df5f5e9e8de45c0ff117a18a5f564596","7038","2024-07-08T16:30:00.000","ANDERSON LN / SHOAL CREEK BLVD","SOUTHBOUND","RIGHT TURN","false","20","6.55","3.17","0.0","0.0","7","8","2024","16","30","1","900"
"2ff9e8613f49450164ffc740b3bacf0e","7038","2024-07-08T16:30:00.000","ANDERSON LN / SHOAL CREEK BLVD","SOUTHBOUND","RIGHT TURN","true","1","5.0","0.0","0.0","0.0","7","8","2024","16","30","1","900"
"a7f559ed2272c1a8a78db86102079d97","7038","2024-07-08T16:30:00.000","ANDERSON LN / SHOAL CREEK BLVD","SOUTHBOUND","THRU","false","22","11.727","3.628","-0.136","0.351","7","8","2024","16","30","1","900"
"c80a1c127d82f0b2a97381d0b6441650","7038","2024-07-08T16:30:00.000","ANDERSON LN / SHOAL CREEK BLVD","SOUTHBOUND","THRU","true","2","10.5","3.536","0.0","0.0","7","8","2024","16","30","1","900"
"4f6c6fb3392307eb18b1d28353122943","7038","2024-07-08T16:30:00.000","ANDERSON LN / SHOAL CREEK BLVD","WESTBOUND","LEFT TURN","false","11","15.273","17.036","-0.273","0.467","7","8","2024","16","30","1","900"
"db5cb43e2e963dd1740a00583e85417d","7038","2024-07-08T16:30:00.000","ANDERSON LN / SHOAL CREEK BLVD","WESTBOUND","LEFT TURN","true","1","12.0","0.0","0.0","0.0","7","8","2024","16","30","1","900"
"225cf80ebda220ba412c184fa0250254","7038","2024-07-08T16:30:00.000","ANDERSON LN / SHOAL CREEK BLVD","WESTBOUND","THRU","false","174","19.994","6.606","-0.529","0.501","7","8","2024","16","30","1","900"
"288d9a97c1151494ef9f211e4e7ee378","7038","2024-07-08T16:30:00.000","ANDERSON LN / SHOAL CREEK BLVD","WESTBOUND","THRU","true","15","20.8","4.144","-0.6","0.507","7","8","2024","16","30","1","900"
"b65a1be7a4ee1cf29024b12de9553990","7343","2024-07-08T16:30:00.000","RIVERSIDE DR / BURTON DR","EASTBOUND","LEFT TURN","false","25","14.64","4.932","26.204","38.425","7","8","2024","16","30","1","900"
"32da7ee9ab411d7a57b0fc6faf027d30","7343","2024-07-08T16:30:00.000","RIVERSIDE DR / BURTON DR","EASTBOUND","LEFT TURN","true","2","13.5","0.707","3.05","0.919","7","8","2024","16","30","1","900"
"7e5f5876894265bb8ec2e2a708c989f0","7343","2024-07-08T16:30:00.000","RIVERSIDE DR / BURTON DR","EASTBOUND","THRU","false","44","33.045","8.758","3.207","7.925","7","8","2024","16","30","1","900"
"3e6dd1b9acf2031ccdb48cc1f9714588","7343","2024-07-08T16:30:00.000","RIVERSIDE DR / BURTON DR","EASTBOUND","THRU","true","179","34.637","10.981","3.513","9.958","7","8","2024","16","30","1","900"
"3237cb78a2f53072dc1d6f44aef87d64","7343","2024-07-08T16:30:00.000","RIVERSIDE DR / BURTON DR","EASTBOUND","U-TURN","false","1","14.0","0.0","39.3","0.0","7","8","2024","16","30","1","900"
"ee1ee4e2e2deeb126a65b22b5f45f449","7343","2024-07-08T16:30:00.000","RIVERSIDE DR / BURTON DR","NORTHBOUND","LEFT TURN","false","4","19.25","10.112","27.025","50.665","7","8","2024","16","30","1","900"
"fdef7655e9122b1efcf3d3a83915671b","7343","2024-07-08T16:30:00.000","RIVERSIDE DR / BURTON DR","NORTHBOUND","LEFT TURN","true","2","23.5","2.121","0.25","0.212","7","8","2024","16","30","1","900"
"8b0f600581e3b3be84777cde5c828311","7343","2024-07-08T16:30:00.000","RIVERSIDE DR / BURTON DR","NORTHBOUND","RIGHT TURN","false","2","11.5","16.263","1.1","1.556","7","8","2024","16","30","1","900"
"d33d941544d154d1630eec81c183eaf9","7343","2024-07-08T16:30:00.000","RIVERSIDE DR / BURTON DR","NORTHBOUND","RIGHT TURN","true","1","40.0","0.0","1.6","0.0","7","8","2024","16","30","1","900"
"546dc61a2d8c2a3088aececea7f5ae73","7343","2024-07-08T16:30:00.000","RIVERSIDE DR / BURTON DR","NORTHBOUND","THRU","false","13","30.846","22.36","10.608","33.82","7","8","2024","16","30","1","900"
"65e891a7f097e0f40ede34ec79923c00","7343","2024-07-08T16:30:00.000","RIVERSIDE DR / BURTON DR","NORTHBOUND","THRU","true","3","24.333","15.275","0.867","1.026","7","8","2024","16","30","1","900"
"e9e743b81ab738f6db3d304a8d112715","7343","2024-07-08T16:30:00.000","RIVERSIDE DR / BURTON DR","SOUTHBOUND","LEFT TURN","false","4","27.0","24.739","35.875","67.562","7","8","2024","16","30","1","900"
"95f07e61ac5a14a381d73dbc7d5dc29e","7343","2024-07-08T16:30:00.000","RIVERSIDE DR / BURTON DR","SOUTHBOUND","LEFT TURN","true","6","15.0","3.033","82.95","72.821","7","8","2024","16","30","1","900"
"a0c4f4971def796d9e278b23dbfb20a9","7343","2024-07-08T16:30:00.000","RIVERSIDE DR / BURTON DR","SOUTHBOUND","RIGHT TURN","false","15","9.733","2.463","13.807","26.087","7","8","2024","16","30","1","900"
"e0c94d0e50c1879fb1852e2cf2a53c6a","7343","2024-07-08T16:30:00.000","RIVERSIDE DR / BURTON DR","SOUTHBOUND","RIGHT TURN","true","1","11.0","0.0","0.1","0.0","7","8","2024","16","30","1","900"
"8baae7d9bcb274b8e7619ebb92af9596","7343","2024-07-08T16:30:00.000","RIVERSIDE DR / BURTON DR","SOUTHBOUND","THRU","false","7","14.143","3.388","25.814","38.864","7","8","2024","16","30","1","900"
"3016ee806ec89d2588063e57fbfbd8a1","7343","2024-07-08T16:30:00.000","RIVERSIDE DR / BURTON DR","SOUTHBOUND","THRU","true","5","18.0","8.276","24.96","46.447","7","8","2024","16","30","1","900"
"3527ec0ce477d1fb711b4472065cd058","7343","2024-07-08T16:30:00.000","RIVERSIDE DR / BURTON DR","WESTBOUND","LEFT TURN","false","15","10.4","3.46","22.08","41.798","7","8","2024","16","30","1","900"
"b3482c93923cb06e85bb95bd396e1d4c","7343","2024-07-08T16:30:00.000","RIVERSIDE DR / BURTON DR","WESTBOUND","LEFT TURN","true","2","9.0","1.414","47.9","67.599","7","8","2024","16","30","1","900"
"beab749be84ccf138722c7d81d0fbb30","7343","2024-07-08T16:30:00.000","RIVERSIDE DR / BURTON DR","WESTBOUND","RIGHT TURN","false","7","15.714","20.402","4.786","7.483","7","8","2024","16","30","1","900"
"eb127e8acabcb42c09c55e3d4495ad0d","7343","2024-07-08T16:30:00.000","RIVERSIDE DR / BURTON DR","WESTBOUND","THRU","false","137","37.504","18.19","3.485","10.785","7","8","2024","16","30","1","900"
"8b0f054fd66d47e5c32801376dd4a54b","7343","2024-07-08T16:30:00.000","RIVERSIDE DR / BURTON DR","WESTBOUND","THRU","true","12","33.583","19.19","1.925","4.06","7","8","2024","16","30","1","900"
"346384cf5a48565adf4525068dcc2ef0","6382","2024-07-08T16:30:00.000","FM 620 RD / DEERBROOK TRL","EASTBOUND","RIGHT TURN","false","2","14.5","2.121","1.4","0.283","7","8","2024","16","30","1","900"
"6bd0cc023e4d41a14330c975425619ae","6382","2024-07-08T16:30:00.000","FM 620 RD / DEERBROOK TRL","EASTBOUND","THRU","false","314","32.873","10.75","1.941","5.356","7","8","2024","16","30","1","900"
"0e26c812e24749f9519c2aab3b4bbf4b","6382","2024-07-08T16:30:00.000","FM 620 RD / DEERBROOK TRL","EASTBOUND","THRU","true","16","33.25","9.088","0.944","0.614","7","8","2024","16","30","1","900"
"e524ccc4708df4141885641c0f96f072","6382","2024-07-08T16:30:00.000","FM 620 RD / DEERBROOK TRL","NORTHBOUND","LEFT TURN","false","7","7.571","3.952","17.429","43.693","7","8","2024","16","30","1","900"
"37dd0225132584f9a7ab4ec8b27c4ed5","6382","2024-07-08T16:30:00.000","FM 620 RD / DEERBROOK TRL","NORTHBOUND","RIGHT TURN","false","19","5.158","4.634","13.8","24.309","7","8","2024","16","30","1","900"
"d894fe459c5f9f4e885b35f076227c4b","6382","2024-07-08T16:30:00.000","FM 620 RD / DEERBROOK TRL","NORTHBOUND","THRU","false","1","77.0","0.0","0.1","0.0","7","8","2024","16","30","1","900"
"d2331235b7faf7a717d22d1e818d4d27","6382","2024-07-08T16:30:00.000","FM 620 RD / DEERBROOK TRL","WESTBOUND","LEFT TURN","false","24","9.417","4.18","4.517","8.691","7","8","2024","16","30","1","900"
"5cbc01bcf1d9d8e6940584ef5b9f54f3","6382","2024-07-08T16:30:00.000","FM 620 RD / DEERBROOK TRL","WESTBOUND","THRU","false","363","30.937","8.249","1.135","1.728","7","8","2024","16","30","1","900"
"cea96189fcb63407d31c0f2176baf1a6","6382","2024-07-08T16:30:00.000","FM 620 RD / DEERBROOK TRL","WESTBOUND","THRU","true","24","29.75","11.023","1.883","4.357","7","8","2024","16","30","1","900"
"21a4c9d60f5fce102c28abc53dad2385","6382","2024-07-08T16:30:00.000","FM 620 RD / DEERBROOK TRL","WESTBOUND","U-TURN","false","1","7.0","0.0","0.7","0.0","7","8","2024","16","30","1","900"
"29fad52d0987311881e47d3de410450b","6881","2024-07-08T16:30:00.000","SLAUGHTER LN / LINDSHIRE LN","EASTBOUND","RIGHT TURN","false","13","10.308","4.191","3.708","2.932","7","8","2024","16","30","1","900"
"62b84906c0c0167f0d849642d38795d0","6881","2024-07-08T16:30:00.000","SLAUGHTER LN / LINDSHIRE LN","EASTBOUND","THRU","false","276","29.696","7.864","1.541","2.116","7","8","2024","16","30","1","900"
"ce4d51c2a74241666473e7051a38dabd","6881","2024-07-08T16:30:00.000","SLAUGHTER LN / LINDSHIRE LN","EASTBOUND","THRU","true","3","26.0","7.0","1.3","1.153","7","8","2024","16","30","1","900"
"1d6c950656fd2207d4b119a2f8089804","6881","2024-07-08T16:30:00.000","SLAUGHTER LN / LINDSHIRE LN","EASTBOUND","U-TURN","false","1","9.0","0.0","11.1","0.0","7","8","2024","16","30","1","900"
"6074d85b520bb6ad004e2d151a32a3c2","6881","2024-07-08T16:30:00.000","SLAUGHTER LN / LINDSHIRE LN","NORTHBOUND","LEFT TURN","false","18","6.333","4.814","23.644","41.693","7","8","2024","16","30","1","900"
"38c5ea585474763ecdd88de7b6c87f44","6881","2024-07-08T16:30:00.000","SLAUGHTER LN / LINDSHIRE LN","NORTHBOUND","RIGHT TURN","false","2","0.5","0.707","2.55","3.465","7","8","2024","16","30","1","900"
"2a2d80af8a030e7e6d9e3423cb512d46","6881","2024-07-08T16:30:00.000","SLAUGHTER LN / LINDSHIRE LN","SOUTHBOUND","RIGHT TURN","false","1","5.0","0.0","12.3","0.0","7","8","2024","16","30","1","900"
"c7f76b79bb3e9b632f8b0714d6cbf3c8","6881","2024-07-08T16:30:00.000","SLAUGHTER LN / LINDSHIRE LN","WESTBOUND","LEFT TURN","false","6","7.167","1.722","30.117","27.773","7","8","2024","16","30","1","900"
"d1d528e60afc54e54afcfa67e35dcec5","6881","2024-07-08T16:30:00.000","SLAUGHTER LN / LINDSHIRE LN","WESTBOUND","THRU","false","186","28.548","6.255","1.403","1.088","7","8","2024","16","30","1","900"
"86d2344c7e4b50d13b3f58c96c94e87f","6881","2024-07-08T16:30:00.000","SLAUGHTER LN / LINDSHIRE LN","WESTBOUND","THRU","true","3","18.0","9.539","8.3","12.997","7","8","2024","16","30","1","900"
"a02d5cfea4f5fc5f07d2722b93bee580","6881","2024-07-08T16:30:00.000","SLAUGHTER LN / LINDSHIRE LN","WESTBOUND","U-TURN","false","1","18.0","0.0","0.1","0.0","7","8","2024","16","30","1","900"
"a8de9dc9ef5fa6f552af793512fc3bfe","6808","2024-07-08T16:30:00.000","OLTORF ST / 4TH ST","EASTBOUND","LEFT TURN","false","6","4.833","2.639","17.933","42.999","7","8","2024","16","30","1","900"
"03d8625ac72a615477166dbcc3099a5d","6808","2024-07-08T16:30:00.000","OLTORF ST / 4TH ST","EASTBOUND","RIGHT TURN","false","8","4.625","1.061","3.425","3.083","7","8","2024","16","30","1","900"
"c14bafd2c086916f9fc6608c2d66a088","6808","2024-07-08T16:30:00.000","OLTORF ST / 4TH ST","EASTBOUND","THRU","false","40","9.25","10.195","8.845","28.45","7","8","2024","16","30","1","900"
"3c9053e2eccb3239a701f9750ab74eb0","6808","2024-07-08T16:30:00.000","OLTORF ST / 4TH ST","EASTBOUND","THRU","true","1","7.0","0.0","1.5","0.0","7","8","2024","16","30","1","900"
"c9189fcf92ba41a195b68a9c73fd167c","6808","2024-07-08T16:30:00.000","OLTORF ST / 4TH ST","NORTHBOUND","LEFT TURN","false","17","14.588","18.409","21.806","40.535","7","8","2024","16","30","1","900"
"279b234f0d066d876f4002439f4cc853","6808","2024-07-08T16:30:00.000","OLTORF ST / 4TH ST","NORTHBOUND","RIGHT TURN","false","11","4.727","1.849","2.327","1.805","7","8","2024","16","30","1","900"
"221f5ee1e31dbd6fe00858e59727df63","6808","2024-07-08T16:30:00.000","OLTORF ST / 4TH ST","NORTHBOUND","THRU","false","62","11.677","16.254","3.56","11.124","7","8","2024","16","30","1","900"
"0d3b2bc0827c0e18fbb69d937b94afc2","6808","2024-07-08T16:30:00.000","OLTORF ST / 4TH ST","NORTHBOUND","THRU","true","3","5.0","3.606","22.2","38.365","7","8","2024","16","30","1","900"
"1ac7235535d5672231188f749c4ca823","6808","2024-07-08T16:30:00.000","OLTORF ST / 4TH ST","SOUTHBOUND","LEFT TURN","false","33","8.333","3.461","7.391","23.177","7","8","2024","16","30","1","900"
"33df3d099f4238730160151ed572e5f9","6808","2024-07-08T16:30:00.000","OLTORF ST / 4TH ST","SOUTHBOUND","RIGHT TURN","false","7","6.143","0.69","2.629","0.695","7","8","2024","16","30","1","900"
"164dc73b8283a45dcc305278eb29563f","6808","2024-07-08T16:30:00.000","OLTORF ST / 4TH ST","SOUTHBOUND","THRU","false","133","11.173","3.347","5.911","16.721","7","8","2024","16","30","1","900"
"dcd7ea023450eb0be5689e36ee06e027","6808","2024-07-08T16:30:00.000","OLTORF ST / 4TH ST","WESTBOUND","LEFT TURN","false","9","6.0","1.732","4.767","13.178","7","8","2024","16","30","1","900"
"b8a0ae855a682f89510fadc4c86728a7","6808","2024-07-08T16:30:00.000","OLTORF ST / 4TH ST","WESTBOUND","RIGHT TURN","false","11","6.182","1.25","11.573","22.311","7","8","2024","16","30","1","900"
"aed1181c30fa5ec52fcd7c839a62091b","6808","2024-07-08T16:30:00.000","OLTORF ST / 4TH ST","WESTBOUND","THRU","false","46","9.522","3.139","19.791","36.737","7","8","2024","16","30","1","900"
"fb68ca8cf0ce24802f830e7d1352e793","6653","2024-07-08T16:15:00.000","38TH ST / MEDICAL PKWY","EASTBOUND","LEFT TURN","false","23","11.826","7.451","16.617","30.098","7","8","2024","16","15","1","900"
"9b8705db1e520051203a13b640f9c58a","6653","2024-07-08T16:15:00.000","38TH ST / MEDICAL PKWY","EASTBOUND","LEFT TURN","true","4","11.5","1.915","20.75","39.044","7","8","2024","16","15","1","900"
"8fda20abd6e9f99f039272295dba7369","6653","2024-07-08T16:15:00.000","38TH ST / MEDICAL PKWY","EASTBOUND","RIGHT TURN","false","4","12.5","14.572","0.725","0.78","7","8","2024","16","15","1","900"
"bcc1bae4f5d5e6c8237421e271346bff","6653","2024-07-08T16:15:00.000","38TH ST / MEDICAL PKWY","EASTBOUND","RIGHT TURN","true","2","15.0","7.071","0.6","0.566","7","8","2024","16","15","1","900"
"3ae2ad63c90710ab53517ecddb1d66f3","6653","2024-07-08T16:15:00.000","38TH ST / MEDICAL PKWY","EASTBOUND","THRU","false","126","15.825","5.878","19.805","34.648","7","8","2024","16","15","1","900"
"eaa002deb1a5b713005e7d053435f658","6653","2024-07-08T16:15:00.000","38TH ST / MEDICAL PKWY","EASTBOUND","THRU","true","21","17.857","5.633","11.852","23.844","7","8","2024","16","15","1","900"
"3ad9e8a6e57048e55cf4d77bf6c7f148","6653","2024-07-08T16:15:00.000","38TH ST / MEDICAL PKWY","NORTHBOUND","LEFT TURN","false","12","10.083","6.067","25.358","37.796","7","8","2024","16","15","1","900"
"240b069f5d3d7cb78aa1baebebbc1721","6653","2024-07-08T16:15:00.000","38TH ST / MEDICAL PKWY","NORTHBOUND","LEFT TURN","true","2","10.0","9.899","1.75","2.333","7","8","2024","16","15","1","900"
"8b7e9ec0ae805ec4f51a566b31ac9659","6653","2024-07-08T16:15:00.000","38TH ST / MEDICAL PKWY","NORTHBOUND","RIGHT TURN","false","12","10.75","7.35","19.342","22.681","7","8","2024","16","15","1","900"
"371f5128a1680d41192d2817820f7ed5","6653","2024-07-08T16:15:00.000","38TH ST / MEDICAL PKWY","NORTHBOUND","RIGHT TURN","true","5","6.8","4.919","3.98","1.701","7","8","2024","16","15","1","900"
"ee20b41399672f1cde1ff2667c862fd7","6653","2024-07-08T16:15:00.000","38TH ST / MEDICAL PKWY","NORTHBOUND","THRU","false","10","11.7","9.31","29.85","44.992","7","8","2024","16","15","1","900"
"8ea2c58de668f78c111e771fca86bf83","6653","2024-07-08T16:15:00.000","38TH ST / MEDICAL PKWY","SOUTHBOUND","LEFT TURN","false","16","13.312","4.468","16.944","28.157","7","8","2024","16","15","1","900"
"1dc41e834a4e7c0ab6186166e90ba627","6653","2024-07-08T16:15:00.000","38TH ST / MEDICAL PKWY","SOUTHBOUND","LEFT TURN","true","2","15.5","3.536","41.9","54.589","7","8","2024","16","15","1","900"
"003e3ae7fa9a295c0b800813d61c18f8","6653","2024-07-08T16:15:00.000","38TH ST / MEDICAL PKWY","SOUTHBOUND","RIGHT TURN","false","5","13.4","1.342","23.76","27.734","7","8","2024","16","15","1","900"
"1ebdc7810e916b54eeda0d1982067360","6653","2024-07-08T16:15:00.000","38TH ST / MEDICAL PKWY","SOUTHBOUND","RIGHT TURN","true","12","11.417","4.776","35.408","42.427","7","8","2024","16","15","1","900"
"c206cd3edc5085b2d3937946e8ea76de","6653","2024-07-08T16:15:00.000","38TH ST / MEDICAL PKWY","SOUTHBOUND","THRU","false","16","18.375","8.156","32.181","46.612","7","8","2024","16","15","1","900"
"1dffde5105e21c4e35fdacaa85495584","6653","2024-07-08T16:15:00.000","38TH ST / MEDICAL PKWY","SOUTHBOUND","THRU","true","1","12.0","0.0","98.2","0.0","7","8","2024","16","15","1","900"
"4d18b20393f7f059391804025e7cf230","6653","2024-07-08T16:15:00.000","38TH ST / MEDICAL PKWY","WESTBOUND","LEFT TURN","false","2","7.5","2.121","9.55","8.273","7","8","2024","16","15","1","900"
"b5eee14b0603bd240a69adfa83cb9005","6653","2024-07-08T16:15:00.000","38TH ST / MEDICAL PKWY","WESTBOUND","LEFT TURN","true","1","11.0","0.0","0.3","0.0","7","8","2024","16","15","1","900"
"1a863f277725ddadecbc9fe2d9d932a7","6653","2024-07-08T16:15:00.000","38TH ST / MEDICAL PKWY","WESTBOUND","RIGHT TURN","false","9","13.0","9.0","7.522","16.065","7","8","2024","16","15","1","900"
"49d4679783e461b6bf42c0647f58db8a","6653","2024-07-08T16:15:00.000","38TH ST / MEDICAL PKWY","WESTBOUND","RIGHT TURN","true","3","9.333","6.028","0.567","0.569","7","8","2024","16","15","1","900"
"7e3ecba2db766f547680bf88bcfa0823","6653","2024-07-08T16:15:00.000","38TH ST / MEDICAL PKWY","WESTBOUND","THRU","false","124","23.879","6.747","3.704","12.389","7","8","2024","16","15","1","900"
"33b27f1a4c24382320cd9234d3a99c9f","6653","2024-07-08T16:15:00.000","38TH ST / MEDICAL PKWY","WESTBOUND","THRU","true","57","24.228","7.819","5.418","15.488","7","8","2024","16","15","1","900"
"5c5c7fbf40d9a42341fef6f4ab12cee4","6882","2024-07-08T16:15:00.000","AIRPORT BLVD / 51ST ST","EASTBOUND","LEFT TURN","false","10","13.5","7.472","6.93","17.506","7","8","2024","16","15","1","900"
"cc5797411e8bbcf82fc934c15e683ce9","6882","2024-07-08T16:15:00.000","AIRPORT BLVD / 51ST ST","EASTBOUND","LEFT TURN","true","1","9.0","0.0","0.0","0.0","7","8","2024","16","15","1","900"
"841de074645be0271255b62eb5f20d45","6882","2024-07-08T16:15:00.000","AIRPORT BLVD / 51ST ST","EASTBOUND","RIGHT TURN","false","41","12.707","5.13","4.468","10.811","7","8","2024","16","15","1","900"
"0753cc385814b48aa1a4e0403019ff2c","6882","2024-07-08T16:15:00.000","AIRPORT BLVD / 51ST ST","EASTBOUND","THRU","false","92","16.75","8.798","5.023","15.238","7","8","2024","16","15","1","900"
"8b16354a9e13d80a688f174795aa55dc","6882","2024-07-08T16:15:00.000","AIRPORT BLVD / 51ST ST","EASTBOUND","THRU","true","10","22.0","19.939","3.51","5.738","7","8","2024","16","15","1","900"
"42955d87c78869b51aa50097a3715f5f","6882","2024-07-08T16:15:00.000","AIRPORT BLVD / 51ST ST","NORTHBOUND","LEFT TURN","false","14","6.786","3.556","2.271","1.738","7","8","2024","16","15","1","900"
"6460aabbe26e036e4b36c8be34705802","6882","2024-07-08T16:15:00.000","AIRPORT BLVD / 51ST ST","NORTHBOUND","LEFT TURN","true","2","6.0","8.485","53.45","71.771","7","8","2024","16","15","1","900"
"323e1e2304096bf27c942948f73e677d","6882","2024-07-08T16:15:00.000","AIRPORT BLVD / 51ST ST","NORTHBOUND","THRU","false","1","12.0","0.0","0.0","0.0","7","8","2024","16","15","1","900"
"5a7756a1b1a4c9b168c97d9b04160a00","6882","2024-07-08T16:15:00.000","AIRPORT BLVD / 51ST ST","NORTHBOUND","THRU","true","1","9.0","0.0","16.5","0.0","7","8","2024","16","15","1","900"
"8cd145f388f0d909ef1b66cf0f90d4c6","6882","2024-07-08T16:15:00.000","AIRPORT BLVD / 51ST ST","SOUTHBOUND","RIGHT TURN","false","5","10.8","3.347","15.08","23.056","7","8","2024","16","15","1","900"
"78f470b8d74f3c5794c36d77e1734a04","6882","2024-07-08T16:15:00.000","AIRPORT BLVD / 51ST ST","SOUTHBOUND","THRU","false","107","28.664","14.019","8.968","20.696","7","8","2024","16","15","1","900"
"6f20c1acf06369b94e466399212a0d7a","6882","2024-07-08T16:15:00.000","AIRPORT BLVD / 51ST ST","SOUTHBOUND","THRU","true","11","36.455","25.457","2.7","3.133","7","8","2024","16","15","1","900"
"4c879206d4fc36f09c6505b6be9fcef5","6882","2024-07-08T16:15:00.000","AIRPORT BLVD / 51ST ST","WESTBOUND","LEFT TURN","false","9","6.556","4.475","45.933","56.406","7","8","2024","16","15","1","900"
"7b730d1fe25a879a608a35d52c522fb8","6882","2024-07-08T16:15:00.000","AIRPORT BLVD / 51ST ST","WESTBOUND","LEFT TURN","true","1","12.0","0.0","6.4","0.0","7","8","2024","16","15","1","900"
"4b3a8e81076255184d1b03e61a8ce628","6882","2024-07-08T16:15:00.000","AIRPORT BLVD / 51ST ST","WESTBOUND","RIGHT TURN","false","23","2.696","3.081","13.257","26.693","7","8","2024","16","15","1","900"
"14aeccc5da2323dca6e2c0eb94ba421a","6882","2024-07-08T16:15:00.000","AIRPORT BLVD / 51ST ST","WESTBOUND","RIGHT TURN","true","3","4.333","3.215","2.533","4.215","7","8","2024","16","15","1","900"
"27c0302cb65f9e734336dc2efe795126","6882","2024-07-08T16:15:00.000","AIRPORT BLVD / 51ST ST","WESTBOUND","THRU","false","34","8.294","5.436","24.606","52.458","7","8","2024","16","15","1","900"
"123481194465d2f2d2bbbd938ecd18e4","6882","2024-07-08T16:15:00.000","AIRPORT BLVD / 51ST ST","WESTBOUND","THRU","true","12","7.667","3.42","6.725","13.051","7","8","2024","16","15","1","900"
"0693201f0b250c514c142f6c93d7b945","7038","2024-07-08T16:15:00.000","ANDERSON LN / SHOAL CREEK BLVD","EASTBOUND","LEFT TURN","false","22","12.818","3.924","0.0","0.0","7","8","2024","16","15","1","900"
"93ab7d7cb8da7e7645e1fce1ed66e356","7038","2024-07-08T16:15:00.000","ANDERSON LN / SHOAL CREEK BLVD","EASTBOUND","LEFT TURN","true","1","13.0","0.0","0.0","0.0","7","8","2024","16","15","1","900"
"23886852f52e35528ac1389bfbe60c00","7038","2024-07-08T16:15:00.000","ANDERSON LN / SHOAL CREEK BLVD","EASTBOUND","RIGHT TURN","false","26","11.885","2.455","0.0","0.0","7","8","2024","16","15","1","900"
"2b57852c8fcc0b5521322ea8ff9e9cfe","7038","2024-07-08T16:15:00.000","ANDERSON LN / SHOAL CREEK BLVD","EASTBOUND","RIGHT TURN","true","2","4.5","4.95","0.0","0.0","7","8","2024","16","15","1","900"
"d6614cd8428e58973e4202c1949a4773","7038","2024-07-08T16:15:00.000","ANDERSON LN / SHOAL CREEK BLVD","EASTBOUND","THRU","false","194","25.443","9.375","-0.031","0.174","7","8","2024","16","15","1","900"
"98c6040f2f62111c70e4697e62b5f763","7038","2024-07-08T16:15:00.000","ANDERSON LN / SHOAL CREEK BLVD","EASTBOUND","THRU","true","3","26.0","4.0","0.0","0.0","7","8","2024","16","15","1","900"
"b327b29c48b1f6e48218531b1f6f2ffd","7038","2024-07-08T16:15:00.000","ANDERSON LN / SHOAL CREEK BLVD","NORTHBOUND","LEFT TURN","false","69","11.942","4.814","-0.188","0.394","7","8","2024","16","15","1","900"
"246580fd8b6dd8b227378062e587b2f1","7038","2024-07-08T16:15:00.000","ANDERSON LN / SHOAL CREEK BLVD","NORTHBOUND","LEFT TURN","true","4","13.5","2.38","0.0","0.0","7","8","2024","16","15","1","900"
"98ea1390cdc8cce8334d3c89d690a4b5","7038","2024-07-08T16:15:00.000","ANDERSON LN / SHOAL CREEK BLVD","NORTHBOUND","RIGHT TURN","false","15","5.4","2.261","0.0","0.0","7","8","2024","16","15","1","900"
"de9936f3d9b28f31fa334347b79c0d8d","7038","2024-07-08T16:15:00.000","ANDERSON LN / SHOAL CREEK BLVD","NORTHBOUND","THRU","false","23","18.609","15.859","-0.13","0.344","7","8","2024","16","15","1","900"
"ed2cedaf1f203cbf9440e46101766cd5","7038","2024-07-08T16:15:00.000","ANDERSON LN / SHOAL CREEK BLVD","NORTHBOUND","THRU","true","3","7.667","3.512","0.0","0.0","7","8","2024","16","15","1","900"
"10b11c6a2c23700f22c77cea2d54dea5","7038","2024-07-08T16:15:00.000","ANDERSON LN / SHOAL CREEK BLVD","SOUTHBOUND","LEFT TURN","false","35","12.829","3.626","-0.086","0.284","7","8","2024","16","15","1","900"
"00b1b7ef03e098d3c3f7b8d794da86e9","7038","2024-07-08T16:15:00.000","ANDERSON LN / SHOAL CREEK BLVD","SOUTHBOUND","RIGHT TURN","false","34","6.735","2.55","-0.029","0.171","7","8","2024","16","15","1","900"
"7f505806179fecba21005d7dc746190d","7038","2024-07-08T16:15:00.000","ANDERSON LN / SHOAL CREEK BLVD","SOUTHBOUND","THRU","false","24","12.583","4.662","-0.042","0.204","7","8","2024","16","15","1","900"
"746724ba8c246a68754932c443e815fd","7038","2024-07-08T16:15:00.000","ANDERSON LN / SHOAL CREEK BLVD","SOUTHBOUND","THRU","true","1","6.0","0.0","0.0","0.0","7","8","2024","16","15","1","900"
"1160a4725df1ee3d907f2fd04d53ac87","7038","2024-07-08T16:15:00.000","ANDERSON LN / SHOAL CREEK BLVD","WESTBOUND","LEFT TURN","false","10","14.7","16.971","-0.5","0.527","7","8","2024","16","15","1","900"
"610baaeaffb614606b3744c284763d97","7038","2024-07-08T16:15:00.000","ANDERSON LN / SHOAL CREEK BLVD","WESTBOUND","LEFT TURN","true","1","9.0","0.0","0.0","0.0","7","8","2024","16","15","1","900"
"4a59049a0567994b55ae91ac660a3274","7038","2024-07-08T16:15:00.000","ANDERSON LN / SHOAL CREEK BLVD","WESTBOUND","RIGHT TURN","false","2","14.0","8.485","0.0","0.0","7","8","2024","16","15","1","900"
"22380eda33e40c6b0e6d5860099738bc","7038","2024-07-08T16:15:00.000","ANDERSON LN / SHOAL CREEK BLVD","WESTBOUND","THRU","false","138","20.783","6.496","-0.529","0.501","7","8","2024","16","15","1","900"
"6a75550499fe44f73f6afb1865ea53f3","7038","2024-07-08T16:15:00.000","ANDERSON LN / SHOAL CREEK BLVD","WESTBOUND","THRU","true","12","13.083","6.529","-0.333","0.492","7","8","2024","16","15","1","900"
"fae5ddcedb2f17a8bfd97b3d2fb16b3c","7343","2024-07-08T16:15:00.000","RIVERSIDE DR / BURTON DR","EASTBOUND","LEFT TURN","false","27","13.148","2.583","15.215","30.82","7","8","2024","16","15","1","900"
"9d83eecdb5c83a0eff3d37667233ac1a","7343","2024-07-08T16:15:00.000","RIVERSIDE DR / BURTON DR","EASTBOUND","LEFT TURN","true","2","15.5","6.364","40.95","57.205","7","8","2024","16","15","1","900"
"bd47d7d92c0de05c0f3ac5f7d760722c","7343","2024-07-08T16:15:00.000","RIVERSIDE DR / BURTON DR","EASTBOUND","RIGHT TURN","true","1","30.0","0.0","2.9","0.0","7","8","2024","16","15","1","900"
"86589ba02fa23f82410765e407bc26be","7343","2024-07-08T16:15:00.000","RIVERSIDE DR / BURTON DR","EASTBOUND","THRU","false","53","33.981","9.367","3.902","9.028","7","8","2024","16","15","1","900"
"36be19c9a0a2b460f1157c7b4da6a8b7","7343","2024-07-08T16:15:00.000","RIVERSIDE DR / BURTON DR","EASTBOUND","THRU","true","201","34.667","11.66","4.343","12.804","7","8","2024","16","15","1","900"
"55411e28cb8a4dad113cc17ed1e2e842","7343","2024-07-08T16:15:00.000","RIVERSIDE DR / BURTON DR","EASTBOUND","U-TURN","false","2","6.5","0.707","55.6","71.842","7","8","2024","16","15","1","900"
"618a6961b6e61672c6cb4dc4902b1677","7343","2024-07-08T16:15:00.000","RIVERSIDE DR / BURTON DR","NORTHBOUND","LEFT TURN","false","8","19.25","7.592","21.388","41.077","7","8","2024","16","15","1","900"
"413d093edd792ab5d5a2ecba53e3f496","7343","2024-07-08T16:15:00.000","RIVERSIDE DR / BURTON DR","NORTHBOUND","LEFT TURN","true","1","0.0","0.0","5.1","0.0","7","8","2024","16","15","1","900"
"a71ef80435db80977ac4582d764b457e","7343","2024-07-08T16:15:00.000","RIVERSIDE DR / BURTON DR","NORTHBOUND","RIGHT TURN","false","3","14.0","15.716","0.6","0.781","7","8","2024","16","15","1","900"
"444b9f2ec7f964fd6cbcb8cd91bf85d1","7343","2024-07-08T16:15:00.000","RIVERSIDE DR / BURTON DR","NORTHBOUND","RIGHT TURN","true","4","20.25","6.551","10.725","20.786","7","8","2024","16","15","1","900"
"0a1e4417bddcd21f633b2a08fa320650","7343","2024-07-08T16:15:00.000","RIVERSIDE DR / BURTON DR","NORTHBOUND","THRU","false","12","17.583","11.147","14.5","28.174","7","8","2024","16","15","1","900"
"14a341946f3640ce672aa73fb0be76b9","7343","2024-07-08T16:15:00.000","RIVERSIDE DR / BURTON DR","NORTHBOUND","THRU","true","6","18.667","12.987","0.783","0.728","7","8","2024","16","15","1","900"
"3ebe7616ef3dfe021a1ac641cac4f259","7343","2024-07-08T16:15:00.000","RIVERSIDE DR / BURTON DR","SOUTHBOUND","LEFT TURN","false","4","19.25","2.5","29.4","54.803","7","8","2024","16","15","1","900"
"ae8c525ebd69fd49e99865fb9f50768f","7343","2024-07-08T16:15:00.000","RIVERSIDE DR / BURTON DR","SOUTHBOUND","LEFT TURN","true","5","16.0","3.464","81.7","73.525","7","8","2024","16","15","1","900"
"01d455eb9a71656aa6044761d05d6494","7343","2024-07-08T16:15:00.000","RIVERSIDE DR / BURTON DR","SOUTHBOUND","RIGHT TURN","false","11","9.455","1.635","13.818","17.794","7","8","2024","16","15","1","900"
"df6a1dcfb4aed3fcaa6a8f298ad0963a","7343","2024-07-08T16:15:00.000","RIVERSIDE DR / BURTON DR","SOUTHBOUND","RIGHT TURN","true","1","12.0","0.0","3.6","0.0","7","8","2024","16","15","1","900"
"d32f8cf916c92147f69cbf721197d3fd","7343","2024-07-08T16:15:00.000","RIVERSIDE DR / BURTON DR","SOUTHBOUND","THRU","false","9","16.0","6.0","21.133","28.987","7","8","2024","16","15","1","900"
"471d8b1aca986a04a5d8fd1d80c630db","7343","2024-07-08T16:15:00.000","RIVERSIDE DR / BURTON DR","SOUTHBOUND","THRU","true","14","25.0","17.276","13.057","30.715","7","8","2024","16","15","1","900"
"bfd0e3a432751388ef10fbb051e86b0d","7343","2024-07-08T16:15:00.000","RIVERSIDE DR / BURTON DR","WESTBOUND","LEFT TURN","false","10","18.8","14.943","1.69","1.472","7","8","2024","16","15","1","900"
"468cab54ee61065dc6795cdc7a6299a4","7343","2024-07-08T16:15:00.000","RIVERSIDE DR / BURTON DR","WESTBOUND","LEFT TURN","true","3","14.0","1.732","45.667","75.145","7","8","2024","16","15","1","900"
"a1f6667c2d0c931e06e0b2e02615ac54","7343","2024-07-08T16:15:00.000","RIVERSIDE DR / BURTON DR","WESTBOUND","RIGHT TURN","false","7","1.429","2.507","6.1","4.866","7","8","2024","16","15","1","900"
"1d14fd3cfafa2abed2c53e1fcda371d2","7343","2024-07-08T16:15:00.000","RIVERSIDE DR / BURTON DR","WESTBOUND","RIGHT TURN","true","1","0.0","0.0","4.9","0.0","7","8","2024","16","15","1","900"
"67d38938d28c0a7ed96f983d3d643a56","7343","2024-07-08T16:15:00.000","RIVERSIDE DR / BURTON DR","WESTBOUND","THRU","false","163","38.258","20.62","3.177","11.849","7","8","2024","16","15","1","900"
"481102519742ffbba9da15e8476224fc","7343","2024-07-08T16:15:00.000","RIVERSIDE DR / BURTON DR","WESTBOUND","THRU","true","16","39.375","20.36","5.331","16.248","7","8","2024","16","15","1","900"
"6fc84a858bccf07a387454c549b6ac42","6382","2024-07-08T16:15:00.000","FM 620 RD / DEERBROOK TRL","EASTBOUND","RIGHT TURN","false","3","11.667","1.528","2.2","0.173","7","8","2024","16","15","1","900"
"dbf2db56c85edfe936c40a1d224adaa4","6382","2024-07-08T16:15:00.000","FM 620 RD / DEERBROOK TRL","EASTBOUND","THRU","false","329","32.143","9.549","1.74","4.737","7","8","2024","16","15","1","900"
"b1817fe9e6afb8df4eadae251d60e167","6382","2024-07-08T16:15:00.000","FM 620 RD / DEERBROOK TRL","EASTBOUND","THRU","true","17","32.176","15.641","0.976","0.83","7","8","2024","16","15","1","900"
"783a41892a59568e66ae07d8fc73cae2","6382","2024-07-08T16:15:00.000","FM 620 RD / DEERBROOK TRL","NORTHBOUND","LEFT TURN","false","3","5.0","1.0","1.033","1.531","7","8","2024","16","15","1","900"
"ff77b69c0ea8290634292e8b8d6cf72a","6382","2024-07-08T16:15:00.000","FM 620 RD / DEERBROOK TRL","NORTHBOUND","RIGHT TURN","false","26","5.538","3.397","7.962","13.515","7","8","2024","16","15","1","900"
"925531fbd95575eeba88c542f9483a72","6382","2024-07-08T16:15:00.000","FM 620 RD / DEERBROOK TRL","NORTHBOUND","RIGHT TURN","true","1","0.0","0.0","14.1","0.0","7","8","2024","16","15","1","900"
"e592b92fff9d6a90c4ac253ea747bf02","6382","2024-07-08T16:15:00.000","FM 620 RD / DEERBROOK TRL","NORTHBOUND","THRU","false","1","0.0","0.0","7.2","0.0","7","8","2024","16","15","1","900"
"7b6a08890500397316aa6c43617637e3","6382","2024-07-08T16:15:00.000","FM 620 RD / DEERBROOK TRL","WESTBOUND","LEFT TURN","false","16","10.375","4.38","6.781","18.842","7","8","2024","16","15","1","900"
"9d0f8f584f782d56c77ea81b29e5b3b2","6382","2024-07-08T16:15:00.000","FM 620 RD / DEERBROOK TRL","WESTBOUND","LEFT TURN","true","1","18.0","0.0","1.6","0.0","7","8","2024","16","15","1","900"
"0470180c9f9b72f0f552d745fbf191f2","6382","2024-07-08T16:15:00.000","FM 620 RD / DEERBROOK TRL","WESTBOUND","THRU","false","349","32.261","7.633","1.185","2.394","7","8","2024","16","15","1","900"
"5f77f01e07432bcd7a5eaf82ba0cc895","6382","2024-07-08T16:15:00.000","FM 620 RD / DEERBROOK TRL","WESTBOUND","THRU","true","21","32.381","8.743","0.871","0.527","7","8","2024","16","15","1","900"
"f9dcc071f55b4b628c70e78ab82d10cb","6881","2024-07-08T16:15:00.000","SLAUGHTER LN / LINDSHIRE LN","EASTBOUND","RIGHT TURN","false","12","12.667","7.958","2.833","1.998","7","8","2024","16","15","1","900"
"29e32d9b445ac3e743d36f2a9d345ae5","6881","2024-07-08T16:15:00.000","SLAUGHTER LN / LINDSHIRE LN","EASTBOUND","RIGHT TURN","true","1","14.0","0.0","2.6","0.0","7","8","2024","16","15","1","900"
"c41973306b8631fc1a31009262647678","6881","2024-07-08T16:15:00.000","SLAUGHTER LN / LINDSHIRE LN","EASTBOUND","THRU","false","271","31.941","14.721","1.984","4.325","7","8","2024","16","15","1","900"
"11300c5fe7605a820f484f75513dc27d","6881","2024-07-08T16:15:00.000","SLAUGHTER LN / LINDSHIRE LN","EASTBOUND","THRU","true","7","33.286","8.036","1.271","0.544","7","8","2024","16","15","1","900"
"f37d927f4e7ee86dc3b2186641cc5fbe","6881","2024-07-08T16:15:00.000","SLAUGHTER LN / LINDSHIRE LN","NORTHBOUND","LEFT TURN","false","18","5.722","4.509","14.983","25.383","7","8","2024","16","15","1","900"
"7d4f6567c81dc9f5fdc41e3cf525f5b9","6881","2024-07-08T16:15:00.000","SLAUGHTER LN / LINDSHIRE LN","NORTHBOUND","LEFT TURN","true","3","3.333","4.163","2.9","2.9","7","8","2024","16","15","1","900"
"945c50d8a6ddb07179edb6e95b4c3cdd","6881","2024-07-08T16:15:00.000","SLAUGHTER LN / LINDSHIRE LN","NORTHBOUND","RIGHT TURN","false","4","0.5","1.0","11.05","21.9","7","8","2024","16","15","1","900"
"dd097ce0a390ca7d218daa5c5c488e1f","6881","2024-07-08T16:15:00.000","SLAUGHTER LN / LINDSHIRE LN","WESTBOUND","LEFT TURN","false","3","6.0","1.0","42.167","32.827","7","8","2024","16","15","1","900"
"acf56aba499f399103d91d069be2c50a","6881","2024-07-08T16:15:00.000","SLAUGHTER LN / LINDSHIRE LN","WESTBOUND","RIGHT TURN","false","1","9.0","0.0","2.9","0.0","7","8","2024","16","15","1","900"
"4cf8bee84c6a9cb0027bc0f077cae6ef","6881","2024-07-08T16:15:00.000","SLAUGHTER LN / LINDSHIRE LN","WESTBOUND","THRU","false","193","27.808","6.352","1.664","2.316","7","8","2024","16","15","1","900"
"3280de1e2762d92b494a1fab8e192859","6881","2024-07-08T16:15:00.000","SLAUGHTER LN / LINDSHIRE LN","WESTBOUND","THRU","true","12","37.0","21.57","0.733","0.657","7","8","2024","16","15","1","900"
"80b7057480967f515c168619d859c924","6808","2024-07-08T16:15:00.000","OLTORF ST / 4TH ST","EASTBOUND","LEFT TURN","false","3","6.667","0.577","0.533","0.924","7","8","2024","16","15","1","900"
"ce0fb62b516ce8415c690c6fc736dfba","6808","2024-07-08T16:15:00.000","OLTORF ST / 4TH ST","EASTBOUND","RIGHT TURN","false","14","5.357","1.447","1.65","1.367","7","8","2024","16","15","1","900"
"ce0240f54a962e4dd6ef2e84f7bc0e3f","6808","2024-07-08T16:15:00.000","OLTORF ST / 4TH ST","EASTBOUND","THRU","false","47","11.277","12.25","5.811","23.321","7","8","2024","16","15","1","900"
"e3e9582712f91e14558ecca258761af1","6808","2024-07-08T16:15:00.000","OLTORF ST / 4TH ST","EASTBOUND","THRU","true","3","7.0","1.732","0.767","0.611","7","8","2024","16","15","1","900"
"19d8058d3ff263c7d6c6d2fb1cff9ac9","6808","2024-07-08T16:15:00.000","OLTORF ST / 4TH ST","NORTHBOUND","LEFT TURN","false","13","5.923","4.173","16.538","39.62","7","8","2024","16","15","1","900"
"ec13a3386c3e11aad1eafbf4b39cab6b","6808","2024-07-08T16:15:00.000","OLTORF ST / 4TH ST","NORTHBOUND","RIGHT TURN","false","8","3.625","1.768","2.838","2.241","7","8","2024","16","15","1","900"
"080580e28d9f9c12ae675d7af50534b1","6808","2024-07-08T16:15:00.000","OLTORF ST / 4TH ST","NORTHBOUND","THRU","false","52","10.462","15.368","3.221","12.988","7","8","2024","16","15","1","900"
"d2267275b90ca6fe6f324e287190690f","6808","2024-07-08T16:15:00.000","OLTORF ST / 4TH ST","NORTHBOUND","THRU","true","1","8.0","0.0","0.0","0.0","7","8","2024","16","15","1","900"
"c0e594806a0b83ab215cddaba2fe9ffc","6808","2024-07-08T16:15:00.000","OLTORF ST / 4TH ST","SOUTHBOUND","LEFT TURN","false","17","8.647","4.595","7.906","26.45","7","8","2024","16","15","1","900"
"bd82f53a7c75bd9c8aaea41774f6cc4f","6808","2024-07-08T16:15:00.000","OLTORF ST / 4TH ST","SOUTHBOUND","RIGHT TURN","false","5","7.0","0.707","2.16","1.187","7","8","2024","16","15","1","900"
"3655f3a5430020ffc68194dc5a449c01","6808","2024-07-08T16:15:00.000","OLTORF ST / 4TH ST","SOUTHBOUND","THRU","false","97","12.536","3.518","6.994","19.079","7","8","2024","16","15","1","900"
"d2a11359e2293779fa83d8fafbfedc6a","6808","2024-07-08T16:15:00.000","OLTORF ST / 4TH ST","SOUTHBOUND","THRU","true","1","10.0","0.0","0.4","0.0","7","8","2024","16","15","1","900"
"9e3ddd27c37c68e63b914df4025233b6","6808","2024-07-08T16:15:00.000","OLTORF ST / 4TH ST","WESTBOUND","LEFT TURN","false","14","6.429","2.209","13.807","33.753","7","8","2024","16","15","1","900"
"db986dfa9b6cd01d486bb751820f3c85","6808","2024-07-08T16:15:00.000","OLTORF ST / 4TH ST","WESTBOUND","RIGHT TURN","false","17","6.471","1.179","3.147","1.003","7","8","2024","16","15","1","900"
"22379e9993f152c28ec095df5ac28cc3","6808","2024-07-08T16:15:00.000","OLTORF ST / 4TH ST","WESTBOUND","THRU","false","56","9.018","2.611","18.625","34.616","7","8","2024","16","15","1","900"
"fb5531aa777efd972bb66cac87f2a34d","6808","2024-07-08T16:15:00.000","OLTORF ST / 4TH ST","WESTBOUND","THRU","true","1","10.0","0.0","2.0","0.0","7","8","2024","16","15","1","900"
"b528210d85c84a4c7bd673eae05a2d8b","6653","2024-07-08T16:00:00.000","38TH ST / MEDICAL PKWY","EASTBOUND","LEFT TURN","false","14","10.786","2.914","28.586","26.081","7","8","2024","16","0","1","900"
"d670609df387871587be1ed9b3bf5ec5","6653","2024-07-08T16:00:00.000","38TH ST / MEDICAL PKWY","EASTBOUND","LEFT TURN","true","10","13.8","5.391","12.99","18.651","7","8","2024","16","0","1","900"
"aede43ddd127349155fce37df1e408f8","6653","2024-07-08T16:00:00.000","38TH ST / MEDICAL PKWY","EASTBOUND","RIGHT TURN","false","8","10.875","5.139","0.988","1.196","7","8","2024","16","0","1","900"
"28daad7dd8d7d7565d096744faab5130","6653","2024-07-08T16:00:00.000","38TH ST / MEDICAL PKWY","EASTBOUND","RIGHT TURN","true","1","12.0","0.0","1.0","0.0","7","8","2024","16","0","1","900"
"264842f247958cdad83f8bcb676e2135","6653","2024-07-08T16:00:00.000","38TH ST / MEDICAL PKWY","EASTBOUND","THRU","false","115","17.426","5.959","14.818","26.396","7","8","2024","16","0","1","900"
"82c59930a7a2c8917a2edec56f5196f4","6653","2024-07-08T16:00:00.000","38TH ST / MEDICAL PKWY","EASTBOUND","THRU","true","17","18.824","7.485","13.047","25.438","7","8","2024","16","0","1","900"
"3955ffc76680f5b395a1acc817c087ec","6653","2024-07-08T16:00:00.000","38TH ST / MEDICAL PKWY","NORTHBOUND","LEFT TURN","false","12","12.083","7.179","14.1","21.588","7","8","2024","16","0","1","900"
"4e3a7a6aebe18ed866d51fec3dba7eba","6653","2024-07-08T16:00:00.000","38TH ST / MEDICAL PKWY","NORTHBOUND","LEFT TURN","true","2","8.0","2.828","19.85","26.941","7","8","2024","16","0","1","900"
"c437d25326051fd6373f3566751e0928","6653","2024-07-08T16:00:00.000","38TH ST / MEDICAL PKWY","NORTHBOUND","RIGHT TURN","false","10","7.2","5.203","19.74","49.02","7","8","2024","16","0","1","900"
"85c4a208e76cec16aa3cc11f94e06392","6653","2024-07-08T16:00:00.000","38TH ST / MEDICAL PKWY","NORTHBOUND","RIGHT TURN","true","2","19.0","14.142","0.95","1.202","7","8","2024","16","0","1","900"
"461d26bc0c1cad6da3e9d8de177f30e8","6653","2024-07-08T16:00:00.000","38TH ST / MEDICAL PKWY","NORTHBOUND","THRU","false","6","16.833","29.212","25.883","48.006","7","8","2024","16","0","1","900"
"d0069305f1fa09af5e3d9bce59b55ff9","6653","2024-07-08T16:00:00.000","38TH ST / MEDICAL PKWY","SOUTHBOUND","LEFT TURN","false","18","14.056","5.428","25.006","29.222","7","8","2024","16","0","1","900"
"5d91351dbb6e22555244d65fddeebe45","6653","2024-07-08T16:00:00.000","38TH ST / MEDICAL PKWY","SOUTHBOUND","LEFT TURN","true","2","9.5","6.364","59.85","76.721","7","8","2024","16","0","1","900"
"17232b0707c401bfea60f46abf453b57","6653","2024-07-08T16:00:00.000","38TH ST / MEDICAL PKWY","SOUTHBOUND","RIGHT TURN","false","5","9.6","7.436","25.9","47.595","7","8","2024","16","0","1","900"
"bd4e177be7441570f0bc7efea5291241","6653","2024-07-08T16:00:00.000","38TH ST / MEDICAL PKWY","SOUTHBOUND","RIGHT TURN","true","6","11.667","4.59","19.8","37.55","7","8","2024","16","0","1","900"
"269a2cb5f9a27fb9909e8ec07685eb83","6653","2024-07-08T16:00:00.000","38TH ST / MEDICAL PKWY","SOUTHBOUND","THRU","false","10","16.3","8.486","29.13","43.842","7","8","2024","16","0","1","900"
"3404396040668cc2eb7a7b7ccc63a9ac","6653","2024-07-08T16:00:00.000","38TH ST / MEDICAL PKWY","SOUTHBOUND","THRU","true","1","15.0","0.0","109.3","0.0","7","8","2024","16","0","1","900"
"c379f9df624ada0615ab2d1b51616448","6653","2024-07-08T16:00:00.000","38TH ST / MEDICAL PKWY","WESTBOUND","LEFT TURN","false","4","6.5","5.802","41.2","34.959","7","8","2024","16","0","1","900"
"eea952de136b6183a554ae8c1f3334b8","6653","2024-07-08T16:00:00.000","38TH ST / MEDICAL PKWY","WESTBOUND","RIGHT TURN","false","3","15.333","4.041","1.567","0.153","7","8","2024","16","0","1","900"
"cb3d7a000837b8986f2430ac1393134a","6653","2024-07-08T16:00:00.000","38TH ST / MEDICAL PKWY","WESTBOUND","RIGHT TURN","true","4","8.75","5.852","2.725","2.027","7","8","2024","16","0","1","900"
"fdbf86e9aa5792d4292de2d42fea87cc","6653","2024-07-08T16:00:00.000","38TH ST / MEDICAL PKWY","WESTBOUND","THRU","false","134","24.052","7.405","4.147","13.139","7","8","2024","16","0","1","900"
"a2ee4bfc9640a0b8ebb11c245ded649d","6653","2024-07-08T16:00:00.000","38TH ST / MEDICAL PKWY","WESTBOUND","THRU","true","63","21.397","8.778","5.175","18.57","7","8","2024","16","0","1","900"
"c79e62f58d58de52b7ad6e826da956c1","6882","2024-07-08T16:00:00.000","AIRPORT BLVD / 51ST ST","EASTBOUND","LEFT TURN","false","14","11.643","4.069","1.586","1.561","7","8","2024","16","0","1","900"
"599268d366415ca1e432cf25bacff9bf","6882","2024-07-08T16:00:00.000","AIRPORT BLVD / 51ST ST","EASTBOUND","LEFT TURN","true","2","14.0","2.828","1.75","0.354","7","8","2024","16","0","1","900"
"e349645b8b5fc59f3769b9af9ad39e7f","6882","2024-07-08T16:00:00.000","AIRPORT BLVD / 51ST ST","EASTBOUND","RIGHT TURN","false","26","11.462","5.301","3.954","6.813","7","8","2024","16","0","1","900"
"09b14c50a07c591bb187cf6b34bba260","6882","2024-07-08T16:00:00.000","AIRPORT BLVD / 51ST ST","EASTBOUND","RIGHT TURN","true","3","13.0","3.0","2.2","0.529","7","8","2024","16","0","1","900"
"727354b9d88364ce4cb022078bf64ba9","6882","2024-07-08T16:00:00.000","AIRPORT BLVD / 51ST ST","EASTBOUND","THRU","false","71","15.986","5.932","3.282","10.811","7","8","2024","16","0","1","900"
"d01d0f5e86bc3c5edc75be48890903cf","6882","2024-07-08T16:00:00.000","AIRPORT BLVD / 51ST ST","EASTBOUND","THRU","true","3","14.667","5.859","1.2","0.755","7","8","2024","16","0","1","900"
"9c9dd533bece3cca72422b95c926ba22","6882","2024-07-08T16:00:00.000","AIRPORT BLVD / 51ST ST","NORTHBOUND","LEFT TURN","false","11","5.273","3.259","10.2","26.777","7","8","2024","16","0","1","900"
"800199aa0179254788808b9d84c42088","6882","2024-07-08T16:00:00.000","AIRPORT BLVD / 51ST ST","NORTHBOUND","LEFT TURN","true","2","11.0","4.243","2.2","0.141","7","8","2024","16","0","1","900"
"0277195dd24e5ba011347f28f84ff194","6882","2024-07-08T16:00:00.000","AIRPORT BLVD / 51ST ST","NORTHBOUND","THRU","false","1","11.0","0.0","10.1","0.0","7","8","2024","16","0","1","900"
"488a44960a9988dbd93f93662fa82ee1","6882","2024-07-08T16:00:00.000","AIRPORT BLVD / 51ST ST","NORTHBOUND","THRU","true","3","8.0","4.359","2.3","3.984","7","8","2024","16","0","1","900"
"f43bf3e97a850441f608e480c8727b5f","6882","2024-07-08T16:00:00.000","AIRPORT BLVD / 51ST ST","SOUTHBOUND","LEFT TURN","false","4","21.0","14.213","0.475","0.486","7","8","2024","16","0","1","900"
"db62db31acb0f617f63b6fe493bd6738","6882","2024-07-08T16:00:00.000","AIRPORT BLVD / 51ST ST","SOUTHBOUND","RIGHT TURN","false","4","10.5","3.416","22.05","38.409","7","8","2024","16","0","1","900"
"35db67928eeb1740e3ce5e69a664cc79","6882","2024-07-08T16:00:00.000","AIRPORT BLVD / 51ST ST","SOUTHBOUND","RIGHT TURN","true","1","10.0","0.0","3.9","0.0","7","8","2024","16","0","1","900"
"460b83de6cc099554540b190832b3282","6882","2024-07-08T16:00:00.000","AIRPORT BLVD / 51ST ST","SOUTHBOUND","THRU","false","127","31.441","13.509","10.48","21.897","7","8","2024","16","0","1","900"
"e6fb7861832a2a3c21353d2436f83e92","6882","2024-07-08T16:00:00.000","AIRPORT BLVD / 51ST ST","SOUTHBOUND","THRU","true","17","36.118","9.636","4.641","12.839","7","8","2024","16","0","1","900"
"06ae32654a555f41d956b72b5cbf6c8c","6882","2024-07-08T16:00:00.000","AIRPORT BLVD / 51ST ST","WESTBOUND","LEFT TURN","false","8","8.125","5.41","12.812","35.354","7","8","2024","16","0","1","900"
"1291f30c691e0bbebd8ec7506466c2f1","6882","2024-07-08T16:00:00.000","AIRPORT BLVD / 51ST ST","WESTBOUND","LEFT TURN","true","3","7.333","1.155","1.8","2.234","7","8","2024","16","0","1","900"
"80f4d3112f8c7f487c4a3bdc11f58c0f","6882","2024-07-08T16:00:00.000","AIRPORT BLVD / 51ST ST","WESTBOUND","RIGHT TURN","false","14","4.571","3.589","22.443","50.292","7","8","2024","16","0","1","900"
"254f48a1dac1bad4c7f39dc89d70b3a8","6882","2024-07-08T16:00:00.000","AIRPORT BLVD / 51ST ST","WESTBOUND","RIGHT TURN","true","1","10.0","0.0","0.1","0.0","7","8","2024","16","0","1","900"
"f3b56ee7ffccd43b03c816c13c5d6be4","6882","2024-07-08T16:00:00.000","AIRPORT BLVD / 51ST ST","WESTBOUND","THRU","false","46","9.565","5.683","14.772","37.806","7","8","2024","16","0","1","900"
"75effa1a519dad038febeb923ff639d1","6882","2024-07-08T16:00:00.000","AIRPORT BLVD / 51ST ST","WESTBOUND","THRU","true","2","4.0","2.828","5.8","5.94","7","8","2024","16","0","1","900"
"35f3ff0a98dd85509e9a3037164787c8","7038","2024-07-08T16:00:00.000","ANDERSON LN / SHOAL CREEK BLVD","EASTBOUND","LEFT TURN","false","31","13.226","2.941","0.0","0.0","7","8","2024","16","0","1","900"
"559dd0a7a77a7315ddd359f9b9021462","7038","2024-07-08T16:00:00.000","ANDERSON LN / SHOAL CREEK BLVD","EASTBOUND","LEFT TURN","true","4","15.75","1.258","0.0","0.0","7","8","2024","16","0","1","900"
"813c4b6acbc488b37a61a52e0f9aa092","7038","2024-07-08T16:00:00.000","ANDERSON LN / SHOAL CREEK BLVD","EASTBOUND","RIGHT TURN","false","33","12.364","2.329","0.0","0.0","7","8","2024","16","0","1","900"
"fe5f5114a342b2d6b736901518747500","7038","2024-07-08T16:00:00.000","ANDERSON LN / SHOAL CREEK BLVD","EASTBOUND","RIGHT TURN","true","2","10.5","4.95","0.0","0.0","7","8","2024","16","0","1","900"
"fae98bc8350efbf90977778a4ddaa46f","7038","2024-07-08T16:00:00.000","ANDERSON LN / SHOAL CREEK BLVD","EASTBOUND","THRU","false","177","25.429","9.003","-0.034","0.181","7","8","2024","16","0","1","900"
"a4ad18b88db1593c75943580c58d3431","7038","2024-07-08T16:00:00.000","ANDERSON LN / SHOAL CREEK BLVD","EASTBOUND","THRU","true","3","17.333","3.786","0.0","0.0","7","8","2024","16","0","1","900"
"9f2d42795095c00d8bd05414d2f1ec5d","7038","2024-07-08T16:00:00.000","ANDERSON LN / SHOAL CREEK BLVD","NORTHBOUND","LEFT TURN","false","74","12.892","4.675","-0.243","0.432","7","8","2024","16","0","1","900"
"52589563e7b7381ea4e73ac75a14ac92","7038","2024-07-08T16:00:00.000","ANDERSON LN / SHOAL CREEK BLVD","NORTHBOUND","RIGHT TURN","false","13","6.538","4.255","0.0","0.0","7","8","2024","16","0","1","900"
"e3c657d006d2ec90762747d7c9899133","7038","2024-07-08T16:00:00.000","ANDERSON LN / SHOAL CREEK BLVD","NORTHBOUND","THRU","false","29","14.828","12.089","-0.31","0.471","7","8","2024","16","0","1","900"
"56f752553a2c07af74c011f15d4a066f","7038","2024-07-08T16:00:00.000","ANDERSON LN / SHOAL CREEK BLVD","NORTHBOUND","THRU","true","1","12.0","0.0","0.0","0.0","7","8","2024","16","0","1","900"
"d085c2bdfa9d145c9a748ee904b05f13","7038","2024-07-08T16:00:00.000","ANDERSON LN / SHOAL CREEK BLVD","SOUTHBOUND","LEFT TURN","false","47","12.043","4.374","-0.064","0.247","7","8","2024","16","0","1","900"
"358596d42dfeacd8624a11c735a0b66c","7038","2024-07-08T16:00:00.000","ANDERSON LN / SHOAL CREEK BLVD","SOUTHBOUND","LEFT TURN","true","1","11.0","0.0","-1.0","0.0","7","8","2024","16","0","1","900"
"01da3762e167cac25a3ab20959597458","7038","2024-07-08T16:00:00.000","ANDERSON LN / SHOAL CREEK BLVD","SOUTHBOUND","RIGHT TURN","false","45","5.778","2.522","0.0","0.0","7","8","2024","16","0","1","900"
"1cfba27cfc6c358ce9414f8c51796c48","7038","2024-07-08T16:00:00.000","ANDERSON LN / SHOAL CREEK BLVD","SOUTHBOUND","RIGHT TURN","true","2","6.5","0.707","0.0","0.0","7","8","2024","16","0","1","900"
"f2561842e35b311319ebff4aef660bc0","7038","2024-07-08T16:00:00.000","ANDERSON LN / SHOAL CREEK BLVD","SOUTHBOUND","THRU","false","23","14.783","6.353","0.0","0.0","7","8","2024","16","0","1","900"
"9d0bb5a2266c6d30f8e51d3010c36c73","7038","2024-07-08T16:00:00.000","ANDERSON LN / SHOAL CREEK BLVD","SOUTHBOUND","THRU","true","2","12.0","0.0","0.0","0.0","7","8","2024","16","0","1","900"
"95602690b385596b6313ff7b35137ef0","7038","2024-07-08T16:00:00.000","ANDERSON LN / SHOAL CREEK BLVD","WESTBOUND","LEFT TURN","false","9","9.222","14.881","-0.333","0.5","7","8","2024","16","0","1","900"
"fb5db6056b0315f53623dc4fc9e762e9","7038","2024-07-08T16:00:00.000","ANDERSON LN / SHOAL CREEK BLVD","WESTBOUND","THRU","false","178","20.775","6.719","-0.528","0.501","7","8","2024","16","0","1","900"
"f6092a5e0e100ca05d9323b596727dd3","7038","2024-07-08T16:00:00.000","ANDERSON LN / SHOAL CREEK BLVD","WESTBOUND","THRU","true","14","18.286","6.764","-0.5","0.519","7","8","2024","16","0","1","900"
"e2ce09ce3949bdb64c7ffe6c9b358e9e","7343","2024-07-08T16:00:00.000","RIVERSIDE DR / BURTON DR","EASTBOUND","LEFT TURN","false","14","12.929","3.452","26.314","33.145","7","8","2024","16","0","1","900"
"bf1ad77c543f59fc0bca7950dc9ccad3","7343","2024-07-08T16:00:00.000","RIVERSIDE DR / BURTON DR","EASTBOUND","LEFT TURN","true","5","19.2","14.567","38.28","54.348","7","8","2024","16","0","1","900"
"7a0af7638f575846db5dc0e2b09b5674","7343","2024-07-08T16:00:00.000","RIVERSIDE DR / BURTON DR","EASTBOUND","THRU","false","67","28.403","8.444","4.582","12.797","7","8","2024","16","0","1","900"
"02ecb57380ba870c4f937aaa89653913","7343","2024-07-08T16:00:00.000","RIVERSIDE DR / BURTON DR","EASTBOUND","THRU","true","167","27.892","7.393","5.049","14.684","7","8","2024","16","0","1","900"
"90ddae636950796b2873d415c72c6929","7343","2024-07-08T16:00:00.000","RIVERSIDE DR / BURTON DR","NORTHBOUND","LEFT TURN","false","8","24.5","8.569","2.837","4.562","7","8","2024","16","0","1","900"
"dabbc9104403a9f81a16c87ddbe5a7ba","7343","2024-07-08T16:00:00.000","RIVERSIDE DR / BURTON DR","NORTHBOUND","RIGHT TURN","false","2","9.0","12.728","2.5","3.394","7","8","2024","16","0","1","900"
"3a969f008ca44c4f220253d8c4216522","7343","2024-07-08T16:00:00.000","RIVERSIDE DR / BURTON DR","NORTHBOUND","RIGHT TURN","true","2","19.5","6.364","0.65","0.071","7","8","2024","16","0","1","900"
"637a7e80d7698103ec91555b57eaed02","7343","2024-07-08T16:00:00.000","RIVERSIDE DR / BURTON DR","NORTHBOUND","THRU","false","9","23.444","17.931","16.467","33.372","7","8","2024","16","0","1","900"
"ad469758a88fb2cc6790fef3d2f2ac2c","7343","2024-07-08T16:00:00.000","RIVERSIDE DR / BURTON DR","NORTHBOUND","THRU","true","3","53.667","42.922","0.8","0.4","7","8","2024","16","0","1","900"
"82602a9fd6e21fcbf9547c2fd4016f92","7343","2024-07-08T16:00:00.000","RIVERSIDE DR / BURTON DR","SOUTHBOUND","LEFT TURN","false","6","15.167","1.472","30.483","51.964","7","8","2024","16","0","1","900"
"1f708b00c999e998dd4684e9acccef65","7343","2024-07-08T16:00:00.000","RIVERSIDE DR / BURTON DR","SOUTHBOUND","LEFT TURN","true","3","17.333","3.215","36.567","43.334","7","8","2024","16","0","1","900"
"3bbc9a3ce91836380fd98fbfb14e4423","7343","2024-07-08T16:00:00.000","RIVERSIDE DR / BURTON DR","SOUTHBOUND","RIGHT TURN","false","15","9.333","2.225","13.42","23.38","7","8","2024","16","0","1","900"
"5c2a4dd3c6c54f4a9496b65dd943f47e","7343","2024-07-08T16:00:00.000","RIVERSIDE DR / BURTON DR","SOUTHBOUND","THRU","false","12","14.833","2.98","35.875","48.547","7","8","2024","16","0","1","900"
"278d3f5612b4ceaebe4deca01bb25da5","7343","2024-07-08T16:00:00.000","RIVERSIDE DR / BURTON DR","SOUTHBOUND","THRU","true","7","19.429","4.614","15.486","32.255","7","8","2024","16","0","1","900"
"7ec71596da8b89911fdca7fd40c4d620","7343","2024-07-08T16:00:00.000","RIVERSIDE DR / BURTON DR","WESTBOUND","LEFT TURN","false","17","15.647","16.933","17.224","38.601","7","8","2024","16","0","1","900"
"a6ba0bcf73e1f65920293796e1dba637","7343","2024-07-08T16:00:00.000","RIVERSIDE DR / BURTON DR","WESTBOUND","LEFT TURN","true","2","21.0","1.414","1.4","1.838","7","8","2024","16","0","1","900"
"05186ea2da287bdebd5dbd107444b711","7343","2024-07-08T16:00:00.000","RIVERSIDE DR / BURTON DR","WESTBOUND","RIGHT TURN","false","7","1.714","2.215","3.886","3.501","7","8","2024","16","0","1","900"
"9c19a123ae12e02daba5c3518dfc658f","7343","2024-07-08T16:00:00.000","RIVERSIDE DR / BURTON DR","WESTBOUND","RIGHT TURN","true","1","0.0","0.0","1.8","0.0","7","8","2024","16","0","1","900"
"6ff37cdd68ac8cc8523744b7ddbe4286","7343","2024-07-08T16:00:00.000","RIVERSIDE DR / BURTON DR","WESTBOUND","THRU","false","123","33.317","18.534","3.847","9.614","7","8","2024","16","0","1","900"
"51e4ea422d3723512abac302c258862b","7343","2024-07-08T16:00:00.000","RIVERSIDE DR / BURTON DR","WESTBOUND","THRU","true","9","43.111","25.94","1.811","1.276","7","8","2024","16","0","1","900"
"7c96053aea488cab4ef3a5f340b13815","6382","2024-07-08T16:00:00.000","FM 620 RD / DEERBROOK TRL","EASTBOUND","RIGHT TURN","false","1","33.0","0.0","0.7","0.0","7","8","2024","16","0","1","900"
"8cece26f5d54a0cde639fead27ba42b3","6382","2024-07-08T16:00:00.000","FM 620 RD / DEERBROOK TRL","EASTBOUND","THRU","false","307","34.362","10.409","1.251","1.758","7","8","2024","16","0","1","900"
"0f0743d11b70968659fdb12b29bb438a","6382","2024-07-08T16:00:00.000","FM 620 RD / DEERBROOK TRL","EASTBOUND","THRU","true","15","32.533","11.704","2.7","6.865","7","8","2024","16","0","1","900"
"dd6cd9a241ced78ced679109908488bb","6382","2024-07-08T16:00:00.000","FM 620 RD / DEERBROOK TRL","NORTHBOUND","LEFT TURN","false","5","6.0","2.345","57.84","63.498","7","8","2024","16","0","1","900"
"ff09131c0da5f8408e5a32c878e9993e","6382","2024-07-08T16:00:00.000","FM 620 RD / DEERBROOK TRL","NORTHBOUND","RIGHT TURN","false","15","8.8","20.741","22.1","32.204","7","8","2024","16","0","1","900"
"efd0224e6dffca210891552acf15b74e","6382","2024-07-08T16:00:00.000","FM 620 RD / DEERBROOK TRL","NORTHBOUND","THRU","false","2","32.5","30.406","18.4","25.88","7","8","2024","16","0","1","900"
"d1977f45658cc28f28ae0f46f882b674","6382","2024-07-08T16:00:00.000","FM 620 RD / DEERBROOK TRL","WESTBOUND","LEFT TURN","false","21","9.286","4.734","2.943","7.807","7","8","2024","16","0","1","900"
"7893437bc378b2592910f25b26e450ab","6382","2024-07-08T16:00:00.000","FM 620 RD / DEERBROOK TRL","WESTBOUND","THRU","false","387","32.401","7.758","1.319","2.498","7","8","2024","16","0","1","900"
"651e04e675dd5f403cebc6939ef94c6d","6382","2024-07-08T16:00:00.000","FM 620 RD / DEERBROOK TRL","WESTBOUND","THRU","true","25","34.08","9.037","0.864","0.417","7","8","2024","16","0","1","900"
"3580a93f8275f5c80fe4f924991eedd1","6881","2024-07-08T16:00:00.000","SLAUGHTER LN / LINDSHIRE LN","EASTBOUND","LEFT TURN","false","1","33.0","0.0","1.3","0.0","7","8","2024","16","0","1","900"
"b9027d1f9b5c8a7145aaac88433cee42","6881","2024-07-08T16:00:00.000","SLAUGHTER LN / LINDSHIRE LN","EASTBOUND","RIGHT TURN","false","15","13.4","6.905","2.767","1.091","7","8","2024","16","0","1","900"
"e214f76ed590611a7876aa48109d08ea","6881","2024-07-08T16:00:00.000","SLAUGHTER LN / LINDSHIRE LN","EASTBOUND","RIGHT TURN","true","1","13.0","0.0","2.8","0.0","7","8","2024","16","0","1","900"
"ecce514d30881b5c5fc2abfc0a96e769","6881","2024-07-08T16:00:00.000","SLAUGHTER LN / LINDSHIRE LN","EASTBOUND","THRU","false","260","29.527","8.397","1.913","3.763","7","8","2024","16","0","1","900"
"ac9a075e572c672e0d73440decbda22b","6881","2024-07-08T16:00:00.000","SLAUGHTER LN / LINDSHIRE LN","EASTBOUND","THRU","true","10","53.1","36.51","1.01","0.852","7","8","2024","16","0","1","900"
"f0369e9f7c575d536957c163a70486c1","6881","2024-07-08T16:00:00.000","SLAUGHTER LN / LINDSHIRE LN","NORTHBOUND","LEFT TURN","false","19","7.474","7.834","32.921","38.799","7","8","2024","16","0","1","900"
"69eb85822549ae55ddd84609de92527a","6881","2024-07-08T16:00:00.000","SLAUGHTER LN / LINDSHIRE LN","NORTHBOUND","RIGHT TURN","false","10","9.7","19.143","2.74","2.931","7","8","2024","16","0","1","900"
"dd5231d2926707aed9e39d7d128e19eb","6881","2024-07-08T16:00:00.000","SLAUGHTER LN / LINDSHIRE LN","SOUTHBOUND","LEFT TURN","true","1","45.0","0.0","0.2","0.0","7","8","2024","16","0","1","900"
"3999862483e92c2174c034faf4eefeb3","6881","2024-07-08T16:00:00.000","SLAUGHTER LN / LINDSHIRE LN","WESTBOUND","LEFT TURN","false","8","8.25","1.669","37.3","38.525","7","8","2024","16","0","1","900"
"443c4c5004c52b4f47650aa03c31638b","6881","2024-07-08T16:00:00.000","SLAUGHTER LN / LINDSHIRE LN","WESTBOUND","THRU","false","188","29.468","7.138","1.58","2.65","7","8","2024","16","0","1","900"
"dd3cf4cfa23cbe1f34817607e90321dc","6881","2024-07-08T16:00:00.000","SLAUGHTER LN / LINDSHIRE LN","WESTBOUND","THRU","true","6","46.167","42.808","0.5","0.636","7","8","2024","16","0","1","900"
"c8c99102bb2f552733aa90b07b287016","6808","2024-07-08T16:00:00.000","OLTORF ST / 4TH ST","EASTBOUND","LEFT TURN","false","7","3.571","2.07","17.443","36.078","7","8","2024","16","0","1","900"
"31edd10fd686fb0aa4455fa97151d7e0","6808","2024-07-08T16:00:00.000","OLTORF ST / 4TH ST","EASTBOUND","RIGHT TURN","false","12","5.083","1.311","1.575","0.922","7","8","2024","16","0","1","900"
"43cc85d873ec5a9b24bdf1baeb4e003d","6808","2024-07-08T16:00:00.000","OLTORF ST / 4TH ST","EASTBOUND","THRU","false","36","13.0","22.227","9.539","26.713","7","8","2024","16","0","1","900"
"5b7ef282e9f9f317611bd41ff9e80c78","6808","2024-07-08T16:00:00.000","OLTORF ST / 4TH ST","NORTHBOUND","LEFT TURN","false","13","5.0","2.858","1.0","1.897","7","8","2024","16","0","1","900"
"b99b303d97fff36526ff6e09645644bb","6808","2024-07-08T16:00:00.000","OLTORF ST / 4TH ST","NORTHBOUND","RIGHT TURN","false","13","4.0","1.915","7.808","21.673","7","8","2024","16","0","1","900"
"2163c75f50ef353b6d2dc0805cdfde74","6808","2024-07-08T16:00:00.000","OLTORF ST / 4TH ST","NORTHBOUND","THRU","false","63","10.778","15.945","3.727","14.634","7","8","2024","16","0","1","900"
"b55da6303a0df117db0c74f2d9ef4f82","6808","2024-07-08T16:00:00.000","OLTORF ST / 4TH ST","SOUTHBOUND","LEFT TURN","false","25","8.68","4.589","11.788","30.353","7","8","2024","16","0","1","900"
"165c631b825147c8cc92db5c378ea180","6808","2024-07-08T16:00:00.000","OLTORF ST / 4TH ST","SOUTHBOUND","RIGHT TURN","false","6","6.5","0.548","2.333","1.125","7","8","2024","16","0","1","900"
"4208b77c69d159aa810473189dbda0db","6808","2024-07-08T16:00:00.000","OLTORF ST / 4TH ST","SOUTHBOUND","THRU","false","111","12.198","5.65","4.942","14.797","7","8","2024","16","0","1","900"
"8e510faa0e2685be911bdfadf0544191","6808","2024-07-08T16:00:00.000","OLTORF ST / 4TH ST","SOUTHBOUND","THRU","true","1","13.0","0.0","2.5","0.0","7","8","2024","16","0","1","900"
"60b0cfe27adc86d7c3af540ec0d06e39","6808","2024-07-08T16:00:00.000","OLTORF ST / 4TH ST","WESTBOUND","LEFT TURN","false","12","7.583","6.973","10.992","34.233","7","8","2024","16","0","1","900"
"f0f6f0a3cd553d31851c753c17acca40","6808","2024-07-08T16:00:00.000","OLTORF ST / 4TH ST","WESTBOUND","RIGHT TURN","false","17","5.471","0.8","8.388","16.395","7","8","2024","16","0","1","900"
"10a1f8d06b40ce211573f3e7830982e6","6808","2024-07-08T16:00:00.000","OLTORF ST / 4TH ST","WESTBOUND","THRU","false","56","8.929","2.641","17.414","33.761","7","8","2024","16","0","1","900"
"097bde9340f606ef5d5657dcfc76541e","6808","2024-07-08T16:00:00.000","OLTORF ST / 4TH ST","WESTBOUND","THRU","true","1","8.0","0.0","3.6","0.0","7","8","2024","16","0","1","900"
"7daa3b779ef7bc109ff4706c8a4a0462","6808","2024-07-08T16:00:00.000","OLTORF ST / 4TH ST","WESTBOUND","U-TURN","false","5","4.6","3.13","20.52","44.329","7","8","2024","16","0","1","900"
"5251aa6d24862ea1045cdc0b1c3208d2","6653","2024-07-08T15:45:00.000","38TH ST / MEDICAL PKWY","EASTBOUND","LEFT TURN","false","15","11.933","4.832","7.847","14.127","7","8","2024","15","45","1","900"
"b4479214d753b0b061d3270c13b31550","6653","2024-07-08T15:45:00.000","38TH ST / MEDICAL PKWY","EASTBOUND","LEFT TURN","true","10","16.3","6.447","9.59","19.896","7","8","2024","15","45","1","900"
"9708446766b2648fb9bb3256878941bc","6653","2024-07-08T15:45:00.000","38TH ST / MEDICAL PKWY","EASTBOUND","RIGHT TURN","false","13","8.308","2.84","3.885","8.885","7","8","2024","15","45","1","900"
"25bef62ac4f7546497197c6462b5e72e","6653","2024-07-08T15:45:00.000","38TH ST / MEDICAL PKWY","EASTBOUND","THRU","false","126","15.778","5.705","15.364","33.265","7","8","2024","15","45","1","900"
"9a78e1e92c70de66408b00cac4971c2c","6653","2024-07-08T15:45:00.000","38TH ST / MEDICAL PKWY","EASTBOUND","THRU","true","25","17.28","4.623","24.608","43.691","7","8","2024","15","45","1","900"
"1283f40beb472a491343aa4ab7b0bfcb","6653","2024-07-08T15:45:00.000","38TH ST / MEDICAL PKWY","NORTHBOUND","LEFT TURN","false","4","5.5","7.326","27.75","46.861","7","8","2024","15","45","1","900"
"a4e5dd342ae7d7c0631607423c41020a","6653","2024-07-08T15:45:00.000","38TH ST / MEDICAL PKWY","NORTHBOUND","LEFT TURN","true","3","11.667","2.887","37.967","62.152","7","8","2024","15","45","1","900"
"31e3188079eaa666f4623e2a4a353bb8","6653","2024-07-08T15:45:00.000","38TH ST / MEDICAL PKWY","NORTHBOUND","RIGHT TURN","false","15","7.067","6.871","24.247","38.595","7","8","2024","15","45","1","900"
"786fabf8b4ec89a4adfcc04250a5097f","6653","2024-07-08T15:45:00.000","38TH ST / MEDICAL PKWY","NORTHBOUND","RIGHT TURN","true","3","2.667","4.619","6.167","4.596","7","8","2024","15","45","1","900"
"227889515c99c3db40ad207dfc6ea661","6653","2024-07-08T15:45:00.000","38TH ST / MEDICAL PKWY","NORTHBOUND","THRU","false","3","13.0","9.0","44.667","70.525","7","8","2024","15","45","1","900"
"f9b7b641b2d0651c8a04dc3d20febef0","6653","2024-07-08T15:45:00.000","38TH ST / MEDICAL PKWY","NORTHBOUND","THRU","true","3","15.0","8.185","51.033","84.352","7","8","2024","15","45","1","900"
"cb6caa4e10a8620e4b6a29fc3332609b","6653","2024-07-08T15:45:00.000","38TH ST / MEDICAL PKWY","SOUTHBOUND","LEFT TURN","false","23","14.609","4.774","45.917","47.283","7","8","2024","15","45","1","900"
"f9648d0ea23b332137b129f20a070939","6653","2024-07-08T15:45:00.000","38TH ST / MEDICAL PKWY","SOUTHBOUND","LEFT TURN","true","1","16.0","0.0","35.0","0.0","7","8","2024","15","45","1","900"
"d2c3c64cf8fb270b58cebf1bfc7dc4cd","6653","2024-07-08T15:45:00.000","38TH ST / MEDICAL PKWY","SOUTHBOUND","RIGHT TURN","false","7","8.571","4.117","11.243","12.221","7","8","2024","15","45","1","900"
"fa44c2c04cc7e1b6a67347bb095778d0","6653","2024-07-08T15:45:00.000","38TH ST / MEDICAL PKWY","SOUTHBOUND","RIGHT TURN","true","8","8.625","3.701","24.188","33.863","7","8","2024","15","45","1","900"
"2a57e7f0106a7977d9347ea4bb7a4152","6653","2024-07-08T15:45:00.000","38TH ST / MEDICAL PKWY","SOUTHBOUND","THRU","false","6","13.167","8.134","14.583","19.343","7","8","2024","15","45","1","900"
"9b866e0b71880d02d14517e598d105ae","6653","2024-07-08T15:45:00.000","38TH ST / MEDICAL PKWY","SOUTHBOUND","THRU","true","2","10.0","2.828","2.65","2.758","7","8","2024","15","45","1","900"
"a1dc644edf07fbbfd59a8d1647af3611","6653","2024-07-08T15:45:00.000","38TH ST / MEDICAL PKWY","WESTBOUND","LEFT TURN","false","7","9.143","4.981","22.557","25.887","7","8","2024","15","45","1","900"
"a8abc32e01766e142de364f1dd642bdf","6653","2024-07-08T15:45:00.000","38TH ST / MEDICAL PKWY","WESTBOUND","LEFT TURN","true","1","6.0","0.0","8.9","0.0","7","8","2024","15","45","1","900"
"9eee4d3b104df09446e250c23ef7b926","6653","2024-07-08T15:45:00.000","38TH ST / MEDICAL PKWY","WESTBOUND","RIGHT TURN","false","2","10.0","5.657","0.15","0.071","7","8","2024","15","45","1","900"
"7fc8a8e4072b4dcfb72f3c3a8f111a92","6653","2024-07-08T15:45:00.000","38TH ST / MEDICAL PKWY","WESTBOUND","RIGHT TURN","true","2","8.0","1.414","1.55","1.909","7","8","2024","15","45","1","900"
"e05b05d4518543eed854bc1f00f33f94","6653","2024-07-08T15:45:00.000","38TH ST / MEDICAL PKWY","WESTBOUND","THRU","false","125","22.72","6.771","3.438","11.271","7","8","2024","15","45","1","900"
"de22717068c2ca5cfb5d594b2a86c72b","6653","2024-07-08T15:45:00.000","38TH ST / MEDICAL PKWY","WESTBOUND","THRU","true","71","21.789","6.331","5.101","15.881","7","8","2024","15","45","1","900"
"e2d59f39ce1a02277a89ccb189017304","6882","2024-07-08T15:45:00.000","AIRPORT BLVD / 51ST ST","EASTBOUND","LEFT TURN","false","12","10.083","3.579","21.458","36.65","7","8","2024","15","45","1","900"
"a73dc2a27a82e60ab60ba3709e47f978","6882","2024-07-08T15:45:00.000","AIRPORT BLVD / 51ST ST","EASTBOUND","RIGHT TURN","false","32","10.75","5.542","4.987","7.995","7","8","2024","15","45","1","900"
"ef1427c28cbd48b2ffa3fe0792e63c0a","6882","2024-07-08T15:45:00.000","AIRPORT BLVD / 51ST ST","EASTBOUND","RIGHT TURN","true","3","9.0","4.359","16.133","17.35","7","8","2024","15","45","1","900"
"6299f8685d281b963c8b62a250388f18","6882","2024-07-08T15:45:00.000","AIRPORT BLVD / 51ST ST","EASTBOUND","THRU","false","88","15.932","4.49","4.16","15.146","7","8","2024","15","45","1","900"
"5d46a1a8897b8c0d2df8ac74ab34c97d","6882","2024-07-08T15:45:00.000","AIRPORT BLVD / 51ST ST","EASTBOUND","THRU","true","14","12.929","5.313","10.186","34.135","7","8","2024","15","45","1","900"
"0d97566014d79a12cab90319d2d2c220","6882","2024-07-08T15:45:00.000","AIRPORT BLVD / 51ST ST","NORTHBOUND","LEFT TURN","false","10","8.0","4.447","1.44","1.105","7","8","2024","15","45","1","900"
"983a26bb6ea665e4d6c17b5b7577ae8c","6882","2024-07-08T15:45:00.000","AIRPORT BLVD / 51ST ST","NORTHBOUND","LEFT TURN","true","2","6.0","8.485","6.1","4.95","7","8","2024","15","45","1","900"
"7e61d71ea84615aeaa0374338d08f764","6882","2024-07-08T15:45:00.000","AIRPORT BLVD / 51ST ST","NORTHBOUND","THRU","false","1","0.0","0.0","114.5","0.0","7","8","2024","15","45","1","900"
"64a931ee87bffbdc5bc0a02f3a44254e","6882","2024-07-08T15:45:00.000","AIRPORT BLVD / 51ST ST","NORTHBOUND","THRU","true","1","6.0","0.0","9.0","0.0","7","8","2024","15","45","1","900"
"e5cad6d406d40f609160caa3a3104e63","6882","2024-07-08T15:45:00.000","AIRPORT BLVD / 51ST ST","SOUTHBOUND","LEFT TURN","false","2","15.5","0.707","0.35","0.354","7","8","2024","15","45","1","900"
"7dfc14c1e04d6bfbea4a5c6449b97d00","6882","2024-07-08T15:45:00.000","AIRPORT BLVD / 51ST ST","SOUTHBOUND","RIGHT TURN","false","8","10.0","1.512","9.862","17.038","7","8","2024","15","45","1","900"
"217d47b2a9cfad0258960c09c6cbd51c","6882","2024-07-08T15:45:00.000","AIRPORT BLVD / 51ST ST","SOUTHBOUND","THRU","false","99","30.727","11.774","9.818","20.56","7","8","2024","15","45","1","900"
"5ab09a395a03294367640002df59eef2","6882","2024-07-08T15:45:00.000","AIRPORT BLVD / 51ST ST","SOUTHBOUND","THRU","true","11","33.545","11.553","8.436","23.18","7","8","2024","15","45","1","900"
"5d85361df8c54f507c3f43a6b8afe084","6882","2024-07-08T15:45:00.000","AIRPORT BLVD / 51ST ST","SOUTHBOUND","U-TURN","false","1","17.0","0.0","1.0","0.0","7","8","2024","15","45","1","900"
"4d85beb32e7732b8ab19415881275247","6882","2024-07-08T15:45:00.000","AIRPORT BLVD / 51ST ST","WESTBOUND","LEFT TURN","false","12","6.333","5.726","9.658","22.029","7","8","2024","15","45","1","900"
"6e327774ae6d21f43c8a2b33014a1519","6882","2024-07-08T15:45:00.000","AIRPORT BLVD / 51ST ST","WESTBOUND","RIGHT TURN","false","16","4.25","3.296","3.875","3.394","7","8","2024","15","45","1","900"
"a76d13a2d3c16f1a67683477ba4d1f75","6882","2024-07-08T15:45:00.000","AIRPORT BLVD / 51ST ST","WESTBOUND","RIGHT TURN","true","2","2.5","3.536","7.05","7.142","7","8","2024","15","45","1","900"
"e334ccb619e932efac5d953ede42bff4","6882","2024-07-08T15:45:00.000","AIRPORT BLVD / 51ST ST","WESTBOUND","THRU","false","41","7.854","8.401","11.078","24.167","7","8","2024","15","45","1","900"
"422b09ac1e1f97f4d5ea18512ee3a72e","6882","2024-07-08T15:45:00.000","AIRPORT BLVD / 51ST ST","WESTBOUND","THRU","true","8","7.5","4.781","2.625","2.972","7","8","2024","15","45","1","900"
"79434e6c8deebf9a0b0b96d3c3d367a1","7038","2024-07-08T15:45:00.000","ANDERSON LN / SHOAL CREEK BLVD","EASTBOUND","LEFT TURN","false","45","13.733","2.775","-0.022","0.149","7","8","2024","15","45","1","900"
"6ef8d41162983c8b367815707c217751","7038","2024-07-08T15:45:00.000","ANDERSON LN / SHOAL CREEK BLVD","EASTBOUND","LEFT TURN","true","2","16.5","0.707","0.0","0.0","7","8","2024","15","45","1","900"
"415ed790f3a98bb7376517c16254519f","7038","2024-07-08T15:45:00.000","ANDERSON LN / SHOAL CREEK BLVD","EASTBOUND","RIGHT TURN","false","25","13.84","2.593","-0.04","0.2","7","8","2024","15","45","1","900"
"27010f85e1cc7ef09b6de35d854997c1","7038","2024-07-08T15:45:00.000","ANDERSON LN / SHOAL CREEK BLVD","EASTBOUND","THRU","false","178","27.612","10.19","-0.039","0.195","7","8","2024","15","45","1","900"
"f89268acd6f325d82f3eaec32af6a220","7038","2024-07-08T15:45:00.000","ANDERSON LN / SHOAL CREEK BLVD","EASTBOUND","THRU","true","1","27.0","0.0","0.0","0.0","7","8","2024","15","45","1","900"
"1bd34b8b3e51c029d050a1110b28c508","7038","2024-07-08T15:45:00.000","ANDERSON LN / SHOAL CREEK BLVD","NORTHBOUND","LEFT TURN","false","52","11.962","5.667","-0.212","0.412","7","8","2024","15","45","1","900"
"e994753d05788367335a1e61246542a6","7038","2024-07-08T15:45:00.000","ANDERSON LN / SHOAL CREEK BLVD","NORTHBOUND","LEFT TURN","true","7","12.0","5.508","-0.286","0.488","7","8","2024","15","45","1","900"
"194256f57a734d5e15659216fd00e657","7038","2024-07-08T15:45:00.000","ANDERSON LN / SHOAL CREEK BLVD","NORTHBOUND","RIGHT TURN","false","9","5.333","4.031","0.0","0.0","7","8","2024","15","45","1","900"
"5affd6ddca22c418f4c7181db5cf9b02","7038","2024-07-08T15:45:00.000","ANDERSON LN / SHOAL CREEK BLVD","NORTHBOUND","THRU","false","31","12.097","5.618","-0.258","0.445","7","8","2024","15","45","1","900"
"7f354ec25d5ca7c96a0981c52d35b00e","7038","2024-07-08T15:45:00.000","ANDERSON LN / SHOAL CREEK BLVD","NORTHBOUND","THRU","true","1","13.0","0.0","0.0","0.0","7","8","2024","15","45","1","900"
"8dfb0b299e7fe0952349da8fa7195199","7038","2024-07-08T15:45:00.000","ANDERSON LN / SHOAL CREEK BLVD","SOUTHBOUND","LEFT TURN","false","23","12.87","4.506","-0.13","0.344","7","8","2024","15","45","1","900"
"17f5f15aca4701263a340e811972f5c9","7038","2024-07-08T15:45:00.000","ANDERSON LN / SHOAL CREEK BLVD","SOUTHBOUND","LEFT TURN","true","2","13.5","3.536","0.0","0.0","7","8","2024","15","45","1","900"
"b770f0001a7193ae337d980527a9a5a4","7038","2024-07-08T15:45:00.000","ANDERSON LN / SHOAL CREEK BLVD","SOUTHBOUND","RIGHT TURN","false","28","7.179","3.345","0.0","0.0","7","8","2024","15","45","1","900"
"3b85a8374724ae98a7c79500061cfbeb","7038","2024-07-08T15:45:00.000","ANDERSON LN / SHOAL CREEK BLVD","SOUTHBOUND","RIGHT TURN","true","4","9.0","0.816","-0.25","0.5","7","8","2024","15","45","1","900"
"381f02b60500d2d67feacec9165b1f8f","7038","2024-07-08T15:45:00.000","ANDERSON LN / SHOAL CREEK BLVD","SOUTHBOUND","THRU","false","26","14.5","4.752","-0.077","0.272","7","8","2024","15","45","1","900"
"bae61cdf86d08d1138dc24d068df032e","7038","2024-07-08T15:45:00.000","ANDERSON LN / SHOAL CREEK BLVD","SOUTHBOUND","THRU","true","2","10.0","7.071","0.0","0.0","7","8","2024","15","45","1","900"
"5849dca709f2747cbeb5e27f7ae2e833","7038","2024-07-08T15:45:00.000","ANDERSON LN / SHOAL CREEK BLVD","WESTBOUND","LEFT TURN","false","9","8.333","5.852","-0.111","0.333","7","8","2024","15","45","1","900"
"a747fa25c6a3df57c63613e4cab88338","7038","2024-07-08T15:45:00.000","ANDERSON LN / SHOAL CREEK BLVD","WESTBOUND","THRU","false","163","20.282","6.995","-0.521","0.501","7","8","2024","15","45","1","900"
"ea4d6265f41a75ba3e1bf9beb57f1039","7038","2024-07-08T15:45:00.000","ANDERSON LN / SHOAL CREEK BLVD","WESTBOUND","THRU","true","16","16.5","4.94","-0.438","0.512","7","8","2024","15","45","1","900"
"98ea50be65c51c621cfc396f76310c23","7343","2024-07-08T15:45:00.000","RIVERSIDE DR / BURTON DR","EASTBOUND","LEFT TURN","false","21","13.429","2.42","21.414","35.62","7","8","2024","15","45","1","900"
"825440ff96a70bce24f003650c870076","7343","2024-07-08T15:45:00.000","RIVERSIDE DR / BURTON DR","EASTBOUND","LEFT TURN","true","2","9.5","0.707","65.95","87.752","7","8","2024","15","45","1","900"
"e4dc2d7e164978611509b830a766f640","7343","2024-07-08T15:45:00.000","RIVERSIDE DR / BURTON DR","EASTBOUND","RIGHT TURN","false","1","24.0","0.0","0.9","0.0","7","8","2024","15","45","1","900"
"bd42469deb0d71277fda58906160c91c","7343","2024-07-08T15:45:00.000","RIVERSIDE DR / BURTON DR","EASTBOUND","THRU","false","68","28.838","7.481","3.824","11.481","7","8","2024","15","45","1","900"
"507511d031c62c6d41e2af973a6dfcd1","7343","2024-07-08T15:45:00.000","RIVERSIDE DR / BURTON DR","EASTBOUND","THRU","true","191","29.518","11.688","3.227","8.95","7","8","2024","15","45","1","900"
"6bf0211252fe373bab917259075e11e1","7343","2024-07-08T15:45:00.000","RIVERSIDE DR / BURTON DR","NORTHBOUND","LEFT TURN","false","2","22.5","3.536","75.1","59.538","7","8","2024","15","45","1","900"
"bf500e394e40dd10826c8eb517991827","7343","2024-07-08T15:45:00.000","RIVERSIDE DR / BURTON DR","NORTHBOUND","RIGHT TURN","false","2","12.0","4.243","0.0","0.0","7","8","2024","15","45","1","900"
"f0470b4d776dd0ec7d324d94a323d862","7343","2024-07-08T15:45:00.000","RIVERSIDE DR / BURTON DR","NORTHBOUND","THRU","false","7","20.429","12.621","32.714","54.756","7","8","2024","15","45","1","900"
"f9676a4c904138dd23c804a5d824a3d1","7343","2024-07-08T15:45:00.000","RIVERSIDE DR / BURTON DR","NORTHBOUND","THRU","true","4","28.0","11.195","1.1","1.169","7","8","2024","15","45","1","900"
"de633c4b65ffa3ddd5d5cecb59f65617","7343","2024-07-08T15:45:00.000","RIVERSIDE DR / BURTON DR","SOUTHBOUND","LEFT TURN","false","5","16.0","2.345","38.08","56.165","7","8","2024","15","45","1","900"
"1a889c3a285f3e7db5da3804d6ca00cb","7343","2024-07-08T15:45:00.000","RIVERSIDE DR / BURTON DR","SOUTHBOUND","LEFT TURN","true","5","17.4","3.782","40.84","34.654","7","8","2024","15","45","1","900"
"fcd8cff351fda047a0687bd688208aa0","7343","2024-07-08T15:45:00.000","RIVERSIDE DR / BURTON DR","SOUTHBOUND","RIGHT TURN","false","13","8.538","3.099","16.515","26.191","7","8","2024","15","45","1","900"
"1a290ecd798419f8d05c69f4af8970a4","7343","2024-07-08T15:45:00.000","RIVERSIDE DR / BURTON DR","SOUTHBOUND","THRU","false","11","15.455","4.344","44.091","49.094","7","8","2024","15","45","1","900"
"b0ab54206c8aff2da0fe11929cb6a8ee","7343","2024-07-08T15:45:00.000","RIVERSIDE DR / BURTON DR","SOUTHBOUND","THRU","true","7","16.714","3.039","9.886","14.753","7","8","2024","15","45","1","900"
"1aff4457ea8ffaa59de7c7cda1bfafee","7343","2024-07-08T15:45:00.000","RIVERSIDE DR / BURTON DR","WESTBOUND","LEFT TURN","false","10","10.3","3.683","29.76","47.598","7","8","2024","15","45","1","900"
"adb5b75590fe4af16bcaa90cd807fcbb","7343","2024-07-08T15:45:00.000","RIVERSIDE DR / BURTON DR","WESTBOUND","LEFT TURN","true","3","15.333","7.095","44.733","76.961","7","8","2024","15","45","1","900"
"d9bc9338e70de2d656f4aeb83bf9aae0","7343","2024-07-08T15:45:00.000","RIVERSIDE DR / BURTON DR","WESTBOUND","RIGHT TURN","false","8","10.25","20.776","2.812","2.721","7","8","2024","15","45","1","900"
"f5e26d49d39aa9b02964457857b1ef17","7343","2024-07-08T15:45:00.000","RIVERSIDE DR / BURTON DR","WESTBOUND","THRU","false","160","32.119","18.078","4.505","14.721","7","8","2024","15","45","1","900"
"f18678c803830a0353f8322bf2068f1a","7343","2024-07-08T15:45:00.000","RIVERSIDE DR / BURTON DR","WESTBOUND","THRU","true","20","35.3","21.024","3.315","8.461","7","8","2024","15","45","1","900"
"f9a29cec67fe4abc5cfe68d0b467deda","6382","2024-07-08T15:45:00.000","FM 620 RD / DEERBROOK TRL","EASTBOUND","LEFT TURN","false","1","35.0","0.0","0.7","0.0","7","8","2024","15","45","1","900"
"8d55bf432a2d120591f2eed449ab729d","6382","2024-07-08T15:45:00.000","FM 620 RD / DEERBROOK TRL","EASTBOUND","RIGHT TURN","false","4","12.25","3.096","1.975","0.556","7","8","2024","15","45","1","900"
"550c83c3519954e95bcc9f0f9b5be823","6382","2024-07-08T15:45:00.000","FM 620 RD / DEERBROOK TRL","EASTBOUND","THRU","false","268","35.146","10.121","1.313","3.01","7","8","2024","15","45","1","900"
"25dfee13d5001f40f7d06c8392828233","6382","2024-07-08T15:45:00.000","FM 620 RD / DEERBROOK TRL","EASTBOUND","THRU","true","12","26.5","10.613","0.975","0.959","7","8","2024","15","45","1","900"
"911c6ade71b39d7c141253b15564a714","6382","2024-07-08T15:45:00.000","FM 620 RD / DEERBROOK TRL","NORTHBOUND","LEFT TURN","false","4","7.5","3.786","4.475","7.291","7","8","2024","15","45","1","900"
"fb9ef5b4be1b43a7353eec0e5e800d57","6382","2024-07-08T15:45:00.000","FM 620 RD / DEERBROOK TRL","NORTHBOUND","RIGHT TURN","false","17","3.412","2.763","17.129","26.223","7","8","2024","15","45","1","900"
"863f0a347df15dd22a324e500acc01fc","6382","2024-07-08T15:45:00.000","FM 620 RD / DEERBROOK TRL","NORTHBOUND","RIGHT TURN","true","1","2.0","0.0","3.3","0.0","7","8","2024","15","45","1","900"
"4eb902e5fab8307902c8d5a0a430fe43","6382","2024-07-08T15:45:00.000","FM 620 RD / DEERBROOK TRL","NORTHBOUND","THRU","false","1","0.0","0.0","0.1","0.0","7","8","2024","15","45","1","900"
"5be792d8d6d47714cee2b1a30bd55e10","6382","2024-07-08T15:45:00.000","FM 620 RD / DEERBROOK TRL","WESTBOUND","LEFT TURN","false","19","10.684","4.435","0.695","1.286","7","8","2024","15","45","1","900"
"f2590a4ffc8060b0e3d495783ffdc767","6382","2024-07-08T15:45:00.000","FM 620 RD / DEERBROOK TRL","WESTBOUND","THRU","false","344","32.157","7.894","1.06","1.226","7","8","2024","15","45","1","900"
"0955889e8983e66e7030df3c3f007628","6382","2024-07-08T15:45:00.000","FM 620 RD / DEERBROOK TRL","WESTBOUND","THRU","true","28","31.786","5.852","0.932","0.391","7","8","2024","15","45","1","900"
"cb0c863d2bcab5270e9bf573c0c6f53e","6881","2024-07-08T15:45:00.000","SLAUGHTER LN / LINDSHIRE LN","EASTBOUND","RIGHT TURN","false","11","17.545","10.912","2.545","0.957","7","8","2024","15","45","1","900"
"3a2acfd7f904d353df87a9fdf34da8ad","6881","2024-07-08T15:45:00.000","SLAUGHTER LN / LINDSHIRE LN","EASTBOUND","RIGHT TURN","true","1","9.0","0.0","3.0","0.0","7","8","2024","15","45","1","900"
"36498f2876f04b2265fed1aae64a56ec","6881","2024-07-08T15:45:00.000","SLAUGHTER LN / LINDSHIRE LN","EASTBOUND","THRU","false","292","30.445","8.657","1.707","3.132","7","8","2024","15","45","1","900"
"2a59504ab4071b87fff7477a05694495","6881","2024-07-08T15:45:00.000","SLAUGHTER LN / LINDSHIRE LN","EASTBOUND","THRU","true","7","30.143","6.866","1.9","1.003","7","8","2024","15","45","1","900"
"8ebe8ecd93e37c3b8b11969ed55e31c2","6881","2024-07-08T15:45:00.000","SLAUGHTER LN / LINDSHIRE LN","NORTHBOUND","LEFT TURN","false","26","10.423","15.177","27.342","44.051","7","8","2024","15","45","1","900"
"9ad67cafe3b4e0133a87fa0e299d7c63","6881","2024-07-08T15:45:00.000","SLAUGHTER LN / LINDSHIRE LN","NORTHBOUND","RIGHT TURN","false","5","15.6","23.158","4.2","4.134","7","8","2024","15","45","1","900"
"ba200cc3947bebec78976b2dba883f8b","6881","2024-07-08T15:45:00.000","SLAUGHTER LN / LINDSHIRE LN","NORTHBOUND","RIGHT TURN","true","1","14.0","0.0","0.2","0.0","7","8","2024","15","45","1","900"
"e252626f1a375cced7d3ad99658689ad","6881","2024-07-08T15:45:00.000","SLAUGHTER LN / LINDSHIRE LN","NORTHBOUND","THRU","false","3","7.0","5.292","24.2","41.829","7","8","2024","15","45","1","900"
"7d5084f5476c6b0106b5a187325533c0","6881","2024-07-08T15:45:00.000","SLAUGHTER LN / LINDSHIRE LN","WESTBOUND","LEFT TURN","false","3","15.0","13.0","10.533","16.789","7","8","2024","15","45","1","900"
"753b0c1c9b51b0c32be8fe7b1b276f00","6881","2024-07-08T15:45:00.000","SLAUGHTER LN / LINDSHIRE LN","WESTBOUND","RIGHT TURN","false","1","9.0","0.0","3.7","0.0","7","8","2024","15","45","1","900"
"8cc976ca981195193444afd2b51e4374","6881","2024-07-08T15:45:00.000","SLAUGHTER LN / LINDSHIRE LN","WESTBOUND","THRU","false","197","27.482","7.342","1.62","2.207","7","8","2024","15","45","1","900"
"36d9e947b015fa4cc45789f6b0a42017","6881","2024-07-08T15:45:00.000","SLAUGHTER LN / LINDSHIRE LN","WESTBOUND","THRU","true","5","29.8","5.404","1.04","0.564","7","8","2024","15","45","1","900"
"d793c49ab9124b196a741a49d28298ec","6808","2024-07-08T15:45:00.000","OLTORF ST / 4TH ST","EASTBOUND","LEFT TURN","false","1","5.0","0.0","0.0","0.0","7","8","2024","15","45","1","900"
"5f931718d254db8f66517c7605f167f9","6808","2024-07-08T15:45:00.000","OLTORF ST / 4TH ST","EASTBOUND","RIGHT TURN","false","8","4.5","1.604","8.175","14.193","7","8","2024","15","45","1","900"
"0f8e12bb3b1791731c0d31c85b766e99","6808","2024-07-08T15:45:00.000","OLTORF ST / 4TH ST","EASTBOUND","THRU","false","45","8.733","7.608","7.771","24.552","7","8","2024","15","45","1","900"
"2a37e28022f5c07b5cbe8ebce96b484b","6808","2024-07-08T15:45:00.000","OLTORF ST / 4TH ST","EASTBOUND","THRU","true","5","7.2","1.304","1.5","1.173","7","8","2024","15","45","1","900"
"bf241bb2ea240be40f50b336d349de14","6808","2024-07-08T15:45:00.000","OLTORF ST / 4TH ST","NORTHBOUND","LEFT TURN","false","20","11.95","17.819","6.88","29.287","7","8","2024","15","45","1","900"
"a35699b5f79693ad018adf1c96a13f71","6808","2024-07-08T15:45:00.000","OLTORF ST / 4TH ST","NORTHBOUND","RIGHT TURN","false","12","4.25","1.357","3.567","2.605","7","8","2024","15","45","1","900"
"21f37b782dca3b7f89d9539bcd358939","6808","2024-07-08T15:45:00.000","OLTORF ST / 4TH ST","NORTHBOUND","THRU","false","70","9.829","10.303","4.747","14.927","7","8","2024","15","45","1","900"
"650b5cc51f6ced4ca67a666d8220eb65","6808","2024-07-08T15:45:00.000","OLTORF ST / 4TH ST","NORTHBOUND","THRU","true","2","27.5","30.406","2.2","2.828","7","8","2024","15","45","1","900"
"d5194dcebd35bf6aee7755348f31cd80","6808","2024-07-08T15:45:00.000","OLTORF ST / 4TH ST","SOUTHBOUND","LEFT TURN","false","23","7.435","3.287","14.791","34.089","7","8","2024","15","45","1","900"
"dc76703dfd8e8c7437d5a2fdcdd3ee98","6808","2024-07-08T15:45:00.000","OLTORF ST / 4TH ST","SOUTHBOUND","RIGHT TURN","false","5","6.4","0.894","2.88","0.421","7","8","2024","15","45","1","900"
"334b8a49268219978524fe6084b1d297","6808","2024-07-08T15:45:00.000","OLTORF ST / 4TH ST","SOUTHBOUND","THRU","false","78","11.346","3.108","5.628","15.667","7","8","2024","15","45","1","900"
"d288095c2466b58e40d23ad41e87dddd","6808","2024-07-08T15:45:00.000","OLTORF ST / 4TH ST","SOUTHBOUND","THRU","true","1","9.0","0.0","3.4","0.0","7","8","2024","15","45","1","900"
"f15a2d90149f20b2cf6e58071cf17494","6808","2024-07-08T15:45:00.000","OLTORF ST / 4TH ST","SOUTHBOUND","U-TURN","false","3","5.333","2.082","25.167","38.051","7","8","2024","15","45","1","900"
"dc8a7b32214e61c2a52bab6abb58de37","6808","2024-07-08T15:45:00.000","OLTORF ST / 4TH ST","WESTBOUND","LEFT TURN","false","18","7.611","3.466","21.172","41.074","7","8","2024","15","45","1","900"
"399e4df5eb1d82ba95508db1254269d7","6808","2024-07-08T15:45:00.000","OLTORF ST / 4TH ST","WESTBOUND","RIGHT TURN","false","14","5.714","0.726","16.064","32.651","7","8","2024","15","45","1","900"
"12b9e808ee90b952eba28207a6403e7a","6808","2024-07-08T15:45:00.000","OLTORF ST / 4TH ST","WESTBOUND","THRU","false","50","8.58","2.643","21.082","35.06","7","8","2024","15","45","1","900"
"c1d79e9ebb0012ae7c4b5857ce65aae4","6808","2024-07-08T15:45:00.000","OLTORF ST / 4TH ST","WESTBOUND","THRU","true","2","8.0","2.828","36.3","46.952","7","8","2024","15","45","1","900"
"7854df94739311fd73642806013e316f","6808","2024-07-08T15:45:00.000","OLTORF ST / 4TH ST","WESTBOUND","U-TURN","false","2","8.0","1.414","2.0","2.263","7","8","2024","15","45","1","900"
"118c76e1ddb03e422a6bb42c8cea41ef","6653","2024-07-08T15:30:00.000","38TH ST / MEDICAL PKWY","EASTBOUND","LEFT TURN","false","27","16.296","11.615","18.874","32.081","7","8","2024","15","30","1","900"
"82337b1fa12dfb17fca83050e9ce0c39","6653","2024-07-08T15:30:00.000","38TH ST / MEDICAL PKWY","EASTBOUND","LEFT TURN","true","9","12.667","4.924","11.378","25.838","7","8","2024","15","30","1","900"
"0d1dd9b01d838b921b9649ca4aa412ea","6653","2024-07-08T15:30:00.000","38TH ST / MEDICAL PKWY","EASTBOUND","RIGHT TURN","false","9","7.111","4.014","2.278","2.621","7","8","2024","15","30","1","900"
"c88f20828fef889b49e2adf16cb7f4b4","6653","2024-07-08T15:30:00.000","38TH ST / MEDICAL PKWY","EASTBOUND","RIGHT TURN","true","3","9.667","1.528","2.667","1.662","7","8","2024","15","30","1","900"
"f3758acc0030cf290e007bccc0cff11f","6653","2024-07-08T15:30:00.000","38TH ST / MEDICAL PKWY","EASTBOUND","THRU","false","130","14.362","4.677","25.525","42.16","7","8","2024","15","30","1","900"
"3dc6338ce6b3a9fd72615bc6a8fafc1a","6653","2024-07-08T15:30:00.000","38TH ST / MEDICAL PKWY","EASTBOUND","THRU","true","18","16.667","4.27","21.944","39.622","7","8","2024","15","30","1","900"
"4637df90de6b763927913e9eec07576a","6653","2024-07-08T15:30:00.000","38TH ST / MEDICAL PKWY","NORTHBOUND","LEFT TURN","false","6","7.833","4.535","40.4","32.77","7","8","2024","15","30","1","900"
"402596a12c9417963df02fa8c2de6511","6653","2024-07-08T15:30:00.000","38TH ST / MEDICAL PKWY","NORTHBOUND","LEFT TURN","true","5","12.4","3.362","10.38","7.467","7","8","2024","15","30","1","900"
"3a6574d190cd5a7a6c8a50e0e66b154f","6653","2024-07-08T15:30:00.000","38TH ST / MEDICAL PKWY","NORTHBOUND","RIGHT TURN","false","9","4.0","4.093","26.511","33.056","7","8","2024","15","30","1","900"
"485c2d121421f3f7aa7878f1d4e997c3","6653","2024-07-08T15:30:00.000","38TH ST / MEDICAL PKWY","NORTHBOUND","RIGHT TURN","true","1","19.0","0.0","11.7","0.0","7","8","2024","15","30","1","900"
"d3efa93ff3548c27ff0971ca9c69e36b","6653","2024-07-08T15:30:00.000","38TH ST / MEDICAL PKWY","NORTHBOUND","THRU","false","8","25.875","29.677","6.375","12.442","7","8","2024","15","30","1","900"
"ba7f693e685a32d84660609e8da7564e","6653","2024-07-08T15:30:00.000","38TH ST / MEDICAL PKWY","NORTHBOUND","THRU","true","1","78.0","0.0","1.1","0.0","7","8","2024","15","30","1","900"
"8335d955b0cf325e507031867d663b5f","6653","2024-07-08T15:30:00.000","38TH ST / MEDICAL PKWY","SOUTHBOUND","LEFT TURN","false","13","15.615","3.948","18.638","35.984","7","8","2024","15","30","1","900"
"c7107d2af7407d485d0fb8f7dffc3f0d","6653","2024-07-08T15:30:00.000","38TH ST / MEDICAL PKWY","SOUTHBOUND","RIGHT TURN","false","7","8.0","4.082","13.914","20.93","7","8","2024","15","30","1","900"
"8af256492153bdf7a586a243592d1f3e","6653","2024-07-08T15:30:00.000","38TH ST / MEDICAL PKWY","SOUTHBOUND","RIGHT TURN","true","5","9.6","2.302","37.3","42.818","7","8","2024","15","30","1","900"
"5a108521edc3260f60ec3f937b2779d5","6653","2024-07-08T15:30:00.000","38TH ST / MEDICAL PKWY","SOUTHBOUND","THRU","false","12","13.083","4.055","55.758","44.169","7","8","2024","15","30","1","900"
"0f820029fc9fb72c89c9351556091a09","6653","2024-07-08T15:30:00.000","38TH ST / MEDICAL PKWY","WESTBOUND","LEFT TURN","false","10","10.4","7.531","36.52","19.776","7","8","2024","15","30","1","900"
"c7984de0dc24aec9cc35e013d6749933","6653","2024-07-08T15:30:00.000","38TH ST / MEDICAL PKWY","WESTBOUND","RIGHT TURN","false","4","12.0","3.916","2.5","2.499","7","8","2024","15","30","1","900"
"d6cd267e219da77b5f31615570c7ea15","6653","2024-07-08T15:30:00.000","38TH ST / MEDICAL PKWY","WESTBOUND","RIGHT TURN","true","4","10.75","5.188","1.5","0.898","7","8","2024","15","30","1","900"
"afad6b54c0d3e9386783e4e5029c8924","6653","2024-07-08T15:30:00.000","38TH ST / MEDICAL PKWY","WESTBOUND","THRU","false","117","22.145","7.163","6.338","17.397","7","8","2024","15","30","1","900"
"be15e4229113cb727b7c2fcf897e02c3","6653","2024-07-08T15:30:00.000","38TH ST / MEDICAL PKWY","WESTBOUND","THRU","true","47","21.234","6.966","5.617","15.02","7","8","2024","15","30","1","900"
"800cfa53b63a23771c5aa2da6028fc8e","6882","2024-07-08T15:30:00.000","AIRPORT BLVD / 51ST ST","EASTBOUND","LEFT TURN","false","6","13.5","6.156","1.9","0.899","7","8","2024","15","30","1","900"
"6e583eaf4d7a3c84157ce05ff9de824c","6882","2024-07-08T15:30:00.000","AIRPORT BLVD / 51ST ST","EASTBOUND","LEFT TURN","true","1","19.0","0.0","0.5","0.0","7","8","2024","15","30","1","900"
"973f04a28df2ec9b7835d11386238332","6882","2024-07-08T15:30:00.000","AIRPORT BLVD / 51ST ST","EASTBOUND","RIGHT TURN","false","23","11.783","7.286","4.304","6.849","7","8","2024","15","30","1","900"
"8956c9bf700bebd1e488a97f7e8e9d07","6882","2024-07-08T15:30:00.000","AIRPORT BLVD / 51ST ST","EASTBOUND","THRU","false","82","16.622","5.234","5.924","18.367","7","8","2024","15","30","1","900"
"b95dcd32a3c42d2f4dd5d6e6c2635fa1","6882","2024-07-08T15:30:00.000","AIRPORT BLVD / 51ST ST","EASTBOUND","THRU","true","2","13.0","1.414","0.7","0.99","7","8","2024","15","30","1","900"
"403e313bf6ed287e3e1d8f955f0de0c3","6882","2024-07-08T15:30:00.000","AIRPORT BLVD / 51ST ST","NORTHBOUND","LEFT TURN","false","11","7.091","5.856","39.264","66.932","7","8","2024","15","30","1","900"
"eae358890c32ebdba6afa63d91df3876","6882","2024-07-08T15:30:00.000","AIRPORT BLVD / 51ST ST","NORTHBOUND","LEFT TURN","true","1","12.0","0.0","1.9","0.0","7","8","2024","15","30","1","900"
"7a29a9c2f6d5946c14da7935cd61bd0d","6882","2024-07-08T15:30:00.000","AIRPORT BLVD / 51ST ST","NORTHBOUND","RIGHT TURN","true","1","36.0","0.0","0.7","0.0","7","8","2024","15","30","1","900"
"424db4542b6c91092ddfa0f691c1cfa8","6882","2024-07-08T15:30:00.000","AIRPORT BLVD / 51ST ST","NORTHBOUND","THRU","false","1","47.0","0.0","2.9","0.0","7","8","2024","15","30","1","900"
"2196c6686022a68a9dd2e2e89952f2c9","6882","2024-07-08T15:30:00.000","AIRPORT BLVD / 51ST ST","NORTHBOUND","THRU","true","1","11.0","0.0","0.0","0.0","7","8","2024","15","30","1","900"
"5e962f57f1b58d082f3118783c84109a","6882","2024-07-08T15:30:00.000","AIRPORT BLVD / 51ST ST","SOUTHBOUND","LEFT TURN","false","1","10.0","0.0","0.2","0.0","7","8","2024","15","30","1","900"
"9702d726735ee51f0877c167203829ce","6882","2024-07-08T15:30:00.000","AIRPORT BLVD / 51ST ST","SOUTHBOUND","RIGHT TURN","false","8","10.625","2.134","22.787","35.575","7","8","2024","15","30","1","900"
"2f867fe634e9d6df5f1ccf3f696d7603","6882","2024-07-08T15:30:00.000","AIRPORT BLVD / 51ST ST","SOUTHBOUND","THRU","false","105","27.448","11.572","13.863","26.894","7","8","2024","15","30","1","900"
"4909ddedd8bc069fa09b2be3193d143e","6882","2024-07-08T15:30:00.000","AIRPORT BLVD / 51ST ST","SOUTHBOUND","THRU","true","9","32.0","10.392","10.267","24.306","7","8","2024","15","30","1","900"
"bdf8f55f88f8fb423224dddf16d73a6b","6882","2024-07-08T15:30:00.000","AIRPORT BLVD / 51ST ST","WESTBOUND","LEFT TURN","false","6","10.833","3.488","1.45","1.924","7","8","2024","15","30","1","900"
"8828be80fcfe9a03bba950530a7c7d69","6882","2024-07-08T15:30:00.000","AIRPORT BLVD / 51ST ST","WESTBOUND","LEFT TURN","true","1","5.0","0.0","21.0","0.0","7","8","2024","15","30","1","900"
"a3fb24f3e38db62cb4aa797e8024d29b","6882","2024-07-08T15:30:00.000","AIRPORT BLVD / 51ST ST","WESTBOUND","RIGHT TURN","false","12","8.167","6.672","19.65","37.394","7","8","2024","15","30","1","900"
"d9e294193d424fabf46209d164b106c6","6882","2024-07-08T15:30:00.000","AIRPORT BLVD / 51ST ST","WESTBOUND","THRU","false","40","7.55","7.035","17.58","40.064","7","8","2024","15","30","1","900"
"1b971d98e0eb28033143ee2d75380e4f","6882","2024-07-08T15:30:00.000","AIRPORT BLVD / 51ST ST","WESTBOUND","THRU","true","1","0.0","0.0","1.1","0.0","7","8","2024","15","30","1","900"
"81c3a7816f54f0ff0dcbcebfc749a119","7038","2024-07-08T15:30:00.000","ANDERSON LN / SHOAL CREEK BLVD","EASTBOUND","LEFT TURN","false","24","12.375","2.261","0.0","0.0","7","8","2024","15","30","1","900"
"cc819302cc716dca013a3694ba3584c8","7038","2024-07-08T15:30:00.000","ANDERSON LN / SHOAL CREEK BLVD","EASTBOUND","LEFT TURN","true","1","11.0","0.0","0.0","0.0","7","8","2024","15","30","1","900"
"d2514b046333febf891ec5f50629144e","7038","2024-07-08T15:30:00.000","ANDERSON LN / SHOAL CREEK BLVD","EASTBOUND","RIGHT TURN","false","30","11.533","3.683","0.0","0.0","7","8","2024","15","30","1","900"
"32655ae09572f387b6429cd263a886b5","7038","2024-07-08T15:30:00.000","ANDERSON LN / SHOAL CREEK BLVD","EASTBOUND","RIGHT TURN","true","1","9.0","0.0","0.0","0.0","7","8","2024","15","30","1","900"
"dbbe991d8461402d0b2d44a3537253b5","7038","2024-07-08T15:30:00.000","ANDERSON LN / SHOAL CREEK BLVD","EASTBOUND","THRU","false","173","24.306","9.221","-0.046","0.211","7","8","2024","15","30","1","900"
"7e74d53e9c1ba422b8d87b4f3ea447fc","7038","2024-07-08T15:30:00.000","ANDERSON LN / SHOAL CREEK BLVD","EASTBOUND","THRU","true","3","24.0","8.718","0.0","0.0","7","8","2024","15","30","1","900"
"c308e8a8a028d48f2410847b2dc72c15","7038","2024-07-08T15:30:00.000","ANDERSON LN / SHOAL CREEK BLVD","NORTHBOUND","LEFT TURN","false","66","10.348","4.599","-0.258","0.441","7","8","2024","15","30","1","900"
"b92207cf6ea6adb78da3f296153f07a7","7038","2024-07-08T15:30:00.000","ANDERSON LN / SHOAL CREEK BLVD","NORTHBOUND","LEFT TURN","true","1","8.0","0.0","0.0","0.0","7","8","2024","15","30","1","900"
"93287befdf44e50c278e51387dde00a7","7038","2024-07-08T15:30:00.000","ANDERSON LN / SHOAL CREEK BLVD","NORTHBOUND","RIGHT TURN","false","12","5.167","2.758","-0.083","0.289","7","8","2024","15","30","1","900"
"334a663f19deefb9703dd21ce74750fb","7038","2024-07-08T15:30:00.000","ANDERSON LN / SHOAL CREEK BLVD","NORTHBOUND","THRU","false","23","13.043","4.28","-0.13","0.344","7","8","2024","15","30","1","900"
"8df5faf4371ac7125def06273ff6ad40","7038","2024-07-08T15:30:00.000","ANDERSON LN / SHOAL CREEK BLVD","NORTHBOUND","THRU","true","3","12.667","3.055","0.0","0.0","7","8","2024","15","30","1","900"
"dd1402fe15d1d3ffefc7a7def2e1f509","7038","2024-07-08T15:30:00.000","ANDERSON LN / SHOAL CREEK BLVD","SOUTHBOUND","LEFT TURN","false","30","11.7","4.078","-0.133","0.346","7","8","2024","15","30","1","900"
"4bc6bade5b2299dc183346e9ad111591","7038","2024-07-08T15:30:00.000","ANDERSON LN / SHOAL CREEK BLVD","SOUTHBOUND","LEFT TURN","true","3","9.333","2.517","0.0","0.0","7","8","2024","15","30","1","900"
"0c48418d6d92c0006bbdf4b6ba2444c1","7038","2024-07-08T15:30:00.000","ANDERSON LN / SHOAL CREEK BLVD","SOUTHBOUND","RIGHT TURN","false","31","6.548","2.618","-0.032","0.18","7","8","2024","15","30","1","900"
"7616bb443b531664ba716aa452343653","7038","2024-07-08T15:30:00.000","ANDERSON LN / SHOAL CREEK BLVD","SOUTHBOUND","RIGHT TURN","true","1","9.0","0.0","0.0","0.0","7","8","2024","15","30","1","900"
"ec4c74e5885c1ed16aebdfa90ae1653f","7038","2024-07-08T15:30:00.000","ANDERSON LN / SHOAL CREEK BLVD","SOUTHBOUND","THRU","false","29","13.138","4.991","-0.034","0.186","7","8","2024","15","30","1","900"
"655f5c377e8d2983754b936ee62d22fd","7038","2024-07-08T15:30:00.000","ANDERSON LN / SHOAL CREEK BLVD","SOUTHBOUND","THRU","true","2","9.0","2.828","0.0","0.0","7","8","2024","15","30","1","900"
"786dada4a4d998674c17e7bfe0ff396e","7038","2024-07-08T15:30:00.000","ANDERSON LN / SHOAL CREEK BLVD","WESTBOUND","LEFT TURN","false","10","4.6","4.351","-0.3","0.483","7","8","2024","15","30","1","900"
"c64b635d9383dfe913689bdc49caf08d","7038","2024-07-08T15:30:00.000","ANDERSON LN / SHOAL CREEK BLVD","WESTBOUND","LEFT TURN","true","1","54.0","0.0","0.0","0.0","7","8","2024","15","30","1","900"
"ab12d6528834262038bf88f98748ec9f","7038","2024-07-08T15:30:00.000","ANDERSON LN / SHOAL CREEK BLVD","WESTBOUND","THRU","false","178","19.871","6.581","-0.534","0.5","7","8","2024","15","30","1","900"
"b7d29d080995ac6d2db8574d2b8c3e3e","7038","2024-07-08T15:30:00.000","ANDERSON LN / SHOAL CREEK BLVD","WESTBOUND","THRU","true","23","17.696","6.056","-0.348","0.487","7","8","2024","15","30","1","900"
"0967911d5632927bcd7406328a7240f3","7343","2024-07-08T15:30:00.000","RIVERSIDE DR / BURTON DR","EASTBOUND","LEFT TURN","false","28","12.5","2.472","18.221","32.399","7","8","2024","15","30","1","900"
"e10f3b03d32bd18ff2e6908b5d563b4a","7343","2024-07-08T15:30:00.000","RIVERSIDE DR / BURTON DR","EASTBOUND","LEFT TURN","true","1","28.0","0.0","1.3","0.0","7","8","2024","15","30","1","900"
"b3f4684114885abafac003e34490c135","7343","2024-07-08T15:30:00.000","RIVERSIDE DR / BURTON DR","EASTBOUND","RIGHT TURN","true","1","40.0","0.0","0.1","0.0","7","8","2024","15","30","1","900"
"63759b34ff2141fbd620eedc82c14029","7343","2024-07-08T15:30:00.000","RIVERSIDE DR / BURTON DR","EASTBOUND","THRU","false","77","27.818","9.857","6.516","15.4","7","8","2024","15","30","1","900"
"07c17ce874f25344b290d8110e7dd839","7343","2024-07-08T15:30:00.000","RIVERSIDE DR / BURTON DR","EASTBOUND","THRU","true","157","30.089","10.654","2.841","8.519","7","8","2024","15","30","1","900"
"547e79e2d51c7fdba16aaa9588020350","7343","2024-07-08T15:30:00.000","RIVERSIDE DR / BURTON DR","NORTHBOUND","LEFT TURN","false","8","26.75","6.692","1.95","1.652","7","8","2024","15","30","1","900"
"a77c801b1c202aac1e2ddf340d1f9a48","7343","2024-07-08T15:30:00.000","RIVERSIDE DR / BURTON DR","NORTHBOUND","LEFT TURN","true","2","20.0","1.414","0.75","0.919","7","8","2024","15","30","1","900"
"7356af6784672e82774d84394e37ba93","7343","2024-07-08T15:30:00.000","RIVERSIDE DR / BURTON DR","NORTHBOUND","RIGHT TURN","false","1","20.0","0.0","0.6","0.0","7","8","2024","15","30","1","900"
"df8361314f62055c7790e6a349b1ad09","7343","2024-07-08T15:30:00.000","RIVERSIDE DR / BURTON DR","NORTHBOUND","THRU","false","7","15.286","11.265","2.057","2.949","7","8","2024","15","30","1","900"
"377d90c47b7922fb82489a0cee7b883e","7343","2024-07-08T15:30:00.000","RIVERSIDE DR / BURTON DR","NORTHBOUND","THRU","true","6","24.333","24.312","1.1","0.963","7","8","2024","15","30","1","900"
"f310a372a09ab1cb6ca72dfc67413e31","7343","2024-07-08T15:30:00.000","RIVERSIDE DR / BURTON DR","SOUTHBOUND","LEFT TURN","false","10","17.2","3.645","24.41","40.109","7","8","2024","15","30","1","900"
"ee089b41f20257bb6da81fc0b679890c","7343","2024-07-08T15:30:00.000","RIVERSIDE DR / BURTON DR","SOUTHBOUND","LEFT TURN","true","4","15.5","2.082","68.725","54.679","7","8","2024","15","30","1","900"
"4eb5394362c97f3bdbf6d0001b57d9fb","7343","2024-07-08T15:30:00.000","RIVERSIDE DR / BURTON DR","SOUTHBOUND","RIGHT TURN","false","13","10.0","2.121","20.546","28.489","7","8","2024","15","30","1","900"
"1a2a8bcb24e8cae977bf0a7e19053b98","7343","2024-07-08T15:30:00.000","RIVERSIDE DR / BURTON DR","SOUTHBOUND","THRU","false","13","17.462","6.476","14.508","27.968","7","8","2024","15","30","1","900"
"529bebf8800b5b2466f3cd6937c6a46c","7343","2024-07-08T15:30:00.000","RIVERSIDE DR / BURTON DR","SOUTHBOUND","THRU","true","3","14.667","4.509","31.367","41.196","7","8","2024","15","30","1","900"
"667eaca1653fd39543d730c021c17153","7343","2024-07-08T15:30:00.000","RIVERSIDE DR / BURTON DR","WESTBOUND","LEFT TURN","false","8","11.75","2.659","52.875","55.282","7","8","2024","15","30","1","900"
"e3277bf61800ce1e1cd0b55ff6790e0a","7343","2024-07-08T15:30:00.000","RIVERSIDE DR / BURTON DR","WESTBOUND","LEFT TURN","true","2","10.5","2.121","1.25","1.768","7","8","2024","15","30","1","900"
"fef9a287e5cc9dd043b21e0872c95679","7343","2024-07-08T15:30:00.000","RIVERSIDE DR / BURTON DR","WESTBOUND","RIGHT TURN","false","7","3.714","8.577","2.8","1.985","7","8","2024","15","30","1","900"
"89af39116fc4cc3a9d24ff65200007a7","7343","2024-07-08T15:30:00.000","RIVERSIDE DR / BURTON DR","WESTBOUND","THRU","false","174","35.27","17.48","4.473","14.646","7","8","2024","15","30","1","900"
"482314cfdd631e3fedb04a5b04d79a88","7343","2024-07-08T15:30:00.000","RIVERSIDE DR / BURTON DR","WESTBOUND","THRU","true","23","34.13","12.204","1.1","1.094","7","8","2024","15","30","1","900"
"a68e48b0079bd6c34847b6e1df3a4b09","6382","2024-07-08T15:30:00.000","FM 620 RD / DEERBROOK TRL","EASTBOUND","LEFT TURN","false","1","5.0","0.0","9.0","0.0","7","8","2024","15","30","1","900"
"d27dcce443a19f6ef1ae1ae94ed81e9c","6382","2024-07-08T15:30:00.000","FM 620 RD / DEERBROOK TRL","EASTBOUND","RIGHT TURN","false","1","12.0","0.0","3.0","0.0","7","8","2024","15","30","1","900"
"c0d8a978e2141586bb797299a74fb7cd","6382","2024-07-08T15:30:00.000","FM 620 RD / DEERBROOK TRL","EASTBOUND","RIGHT TURN","true","1","39.0","0.0","0.3","0.0","7","8","2024","15","30","1","900"
"d4c5978d45ba1bd5641419b09a6df5d2","6382","2024-07-08T15:30:00.000","FM 620 RD / DEERBROOK TRL","EASTBOUND","THRU","false","258","35.058","9.536","1.449","2.898","7","8","2024","15","30","1","900"
"b6c4347405f4e9459c191c58f8df96e1","6382","2024-07-08T15:30:00.000","FM 620 RD / DEERBROOK TRL","EASTBOUND","THRU","true","21","32.19","10.934","1.376","3.262","7","8","2024","15","30","1","900"
"0b0125cf96fe3cb3cef1192ca79e720a","6382","2024-07-08T15:30:00.000","FM 620 RD / DEERBROOK TRL","NORTHBOUND","LEFT TURN","false","2","7.5","3.536","0.95","0.071","7","8","2024","15","30","1","900"
"b5bf52d83873a55a40084d7a048c22ff","6382","2024-07-08T15:30:00.000","FM 620 RD / DEERBROOK TRL","NORTHBOUND","RIGHT TURN","false","20","3.45","2.911","17.03","21.563","7","8","2024","15","30","1","900"
"132cfa54f4434e444e0a3e45d6af37e9","6382","2024-07-08T15:30:00.000","FM 620 RD / DEERBROOK TRL","NORTHBOUND","THRU","false","1","6.0","0.0","15.9","0.0","7","8","2024","15","30","1","900"
"a65fc7a15a68aba954c74be700996e90","6382","2024-07-08T15:30:00.000","FM 620 RD / DEERBROOK TRL","WESTBOUND","LEFT TURN","false","17","10.0","4.583","2.688","5.026","7","8","2024","15","30","1","900"
"4b2e38d66523fafdc86a6969b594124c","6382","2024-07-08T15:30:00.000","FM 620 RD / DEERBROOK TRL","WESTBOUND","LEFT TURN","true","1","6.0","0.0","0.0","0.0","7","8","2024","15","30","1","900"
"58e1634461c0f02201df5a1788a02203","6382","2024-07-08T15:30:00.000","FM 620 RD / DEERBROOK TRL","WESTBOUND","THRU","false","333","33.492","8.449","1.041","1.539","7","8","2024","15","30","1","900"
"4fd18c4662b7247e7899e49078e8c0a0","6382","2024-07-08T15:30:00.000","FM 620 RD / DEERBROOK TRL","WESTBOUND","THRU","true","39","36.385","17.903","0.81","0.456","7","8","2024","15","30","1","900"
"7c9c5174d4b10161275d5b1ae1892333","6881","2024-07-08T15:30:00.000","SLAUGHTER LN / LINDSHIRE LN","EASTBOUND","RIGHT TURN","false","10","10.5","7.792","4.59","3.269","7","8","2024","15","30","1","900"
"3624e514bf37685c453df7e2d13d81c8","6881","2024-07-08T15:30:00.000","SLAUGHTER LN / LINDSHIRE LN","EASTBOUND","THRU","false","238","29.45","9.039","2.095","4.807","7","8","2024","15","30","1","900"
"f94c6bf9ef5da3339bab5b932fdea959","6881","2024-07-08T15:30:00.000","SLAUGHTER LN / LINDSHIRE LN","EASTBOUND","THRU","true","8","32.625","27.903","10.85","18.356","7","8","2024","15","30","1","900"
"e0ce4cb2465ab582200da0950328b8a0","6881","2024-07-08T15:30:00.000","SLAUGHTER LN / LINDSHIRE LN","NORTHBOUND","LEFT TURN","false","16","8.938","13.523","35.062","46.397","7","8","2024","15","30","1","900"
"3b72e39acd58376d896f9ea473f6200d","6881","2024-07-08T15:30:00.000","SLAUGHTER LN / LINDSHIRE LN","NORTHBOUND","RIGHT TURN","false","7","4.286","9.178","15.186","22.6","7","8","2024","15","30","1","900"
"f2c4365d7ed3527efedd888575b8f6a9","6881","2024-07-08T15:30:00.000","SLAUGHTER LN / LINDSHIRE LN","SOUTHBOUND","THRU","false","1","102.0","0.0","0.2","0.0","7","8","2024","15","30","1","900"
"9e13d4fefa24481ab443898527cde8f5","6881","2024-07-08T15:30:00.000","SLAUGHTER LN / LINDSHIRE LN","WESTBOUND","LEFT TURN","false","6","6.833","1.602","12.033","18.884","7","8","2024","15","30","1","900"
"f04f2115deb9e2e0ffd626d5a7293489","6881","2024-07-08T15:30:00.000","SLAUGHTER LN / LINDSHIRE LN","WESTBOUND","THRU","false","182","27.967","7.481","1.709","2.964","7","8","2024","15","30","1","900"
"7efe9b29000fbe5cc80aa713352f207e","6881","2024-07-08T15:30:00.000","SLAUGHTER LN / LINDSHIRE LN","WESTBOUND","THRU","true","7","27.0","9.399","4.157","8.226","7","8","2024","15","30","1","900"
"d24ea5b3cc1d5a2a719adfc86e515fad","6808","2024-07-08T15:30:00.000","OLTORF ST / 4TH ST","EASTBOUND","LEFT TURN","false","4","3.5","1.291","48.35","58.749","7","8","2024","15","30","1","900"
"b149aa151ae0fe23535cad11c18f71f8","6808","2024-07-08T15:30:00.000","OLTORF ST / 4TH ST","EASTBOUND","RIGHT TURN","false","9","5.111","1.167","1.433","0.661","7","8","2024","15","30","1","900"
"b596faa90991bd53f2667da133cf90f7","6808","2024-07-08T15:30:00.000","OLTORF ST / 4TH ST","EASTBOUND","THRU","false","45","8.956","10.036","11.767","34.91","7","8","2024","15","30","1","900"
"6d5a1260b981f53e3ee921ebab34caf8","6808","2024-07-08T15:30:00.000","OLTORF ST / 4TH ST","EASTBOUND","THRU","true","4","5.75","0.957","2.0","0.638","7","8","2024","15","30","1","900"
"789cf98e12ea67876ffa1f0ebe96ca6f","6808","2024-07-08T15:30:00.000","OLTORF ST / 4TH ST","NORTHBOUND","LEFT TURN","false","12","8.167","5.718","0.65","1.048","7","8","2024","15","30","1","900"
"954f7866e5501fc7128da5aa48baa12c","6808","2024-07-08T15:30:00.000","OLTORF ST / 4TH ST","NORTHBOUND","RIGHT TURN","false","12","4.333","1.969","2.617","2.254","7","8","2024","15","30","1","900"
"a47b67ea4142459c22ba6cd03609df43","6808","2024-07-08T15:30:00.000","OLTORF ST / 4TH ST","NORTHBOUND","THRU","false","58","9.5","11.03","4.314","15.193","7","8","2024","15","30","1","900"
"9569bfe1859238b95b3f8c472121e429","6808","2024-07-08T15:30:00.000","OLTORF ST / 4TH ST","SOUTHBOUND","LEFT TURN","false","21","7.905","3.015","19.371","38.955","7","8","2024","15","30","1","900"
"717e7b077c7d05067e8a2d2597fc5d51","6808","2024-07-08T15:30:00.000","OLTORF ST / 4TH ST","SOUTHBOUND","RIGHT TURN","false","10","6.1","1.287","2.29","1.063","7","8","2024","15","30","1","900"
"eba47f65472cb9a76ba714ce1fbe71a6","6808","2024-07-08T15:30:00.000","OLTORF ST / 4TH ST","SOUTHBOUND","THRU","false","80","12.288","4.001","5.349","14.841","7","8","2024","15","30","1","900"
"1d31d43afafef628665663c8430d1f1f","6808","2024-07-08T15:30:00.000","OLTORF ST / 4TH ST","SOUTHBOUND","THRU","true","2","46.5","58.69","0.5","0.566","7","8","2024","15","30","1","900"
"9905470cdbba05a8bc4615d408c1c826","6808","2024-07-08T15:30:00.000","OLTORF ST / 4TH ST","WESTBOUND","LEFT TURN","false","12","7.083","1.676","10.917","35.559","7","8","2024","15","30","1","900"
"3e2b9205e3d7975448f51b282c0d0d7c","6808","2024-07-08T15:30:00.000","OLTORF ST / 4TH ST","WESTBOUND","RIGHT TURN","false","11","6.364","0.924","3.545","0.587","7","8","2024","15","30","1","900"
"14f8ffa86677e5484ffa191641384d5e","6808","2024-07-08T15:30:00.000","OLTORF ST / 4TH ST","WESTBOUND","THRU","false","50","9.22","2.705","22.7","42.032","7","8","2024","15","30","1","900"
"b1e1074aa2e25e264dd2e88afb494b9b","6808","2024-07-08T15:30:00.000","OLTORF ST / 4TH ST","WESTBOUND","THRU","true","1","10.0","0.0","1.7","0.0","7","8","2024","15","30","1","900"
"6e92cf0d0bda81f9274af3ca3ee42076","6808","2024-07-08T15:30:00.000","OLTORF ST / 4TH ST","WESTBOUND","U-TURN","false","3","5.333","1.528","0.433","0.289","7","8","2024","15","30","1","900"
"beaf4d6971cac608d38c5caec021c1c7","6653","2024-07-08T15:15:00.000","38TH ST / MEDICAL PKWY","EASTBOUND","LEFT TURN","false","20","12.5","3.649","10.82","21.254","7","8","2024","15","15","1","900"
"88a8733001923c9cbd1c54393d3518d1","6653","2024-07-08T15:15:00.000","38TH ST / MEDICAL PKWY","EASTBOUND","LEFT TURN","true","8","12.0","4.504","25.15","33.056","7","8","2024","15","15","1","900"
"05df8bafbd7e28ea1223a32879257c3c","6653","2024-07-08T15:15:00.000","38TH ST / MEDICAL PKWY","EASTBOUND","RIGHT TURN","false","12","11.583","4.481","2.2","3.26","7","8","2024","15","15","1","900"
"0319637a98564eaa32c6c09927ce4190","6653","2024-07-08T15:15:00.000","38TH ST / MEDICAL PKWY","EASTBOUND","RIGHT TURN","true","3","13.0","3.0","0.567","0.416","7","8","2024","15","15","1","900"
"13761f50bb96f19fe52d5a0ccfd841ce","6653","2024-07-08T15:15:00.000","38TH ST / MEDICAL PKWY","EASTBOUND","THRU","false","131","17.595","6.14","14.923","29.938","7","8","2024","15","15","1","900"
"e144993db47a727b9ab781e839dad8b0","6653","2024-07-08T15:15:00.000","38TH ST / MEDICAL PKWY","EASTBOUND","THRU","true","35","18.057","11.765","21.609","36.016","7","8","2024","15","15","1","900"
"8a7a84599bdecb945ce2029b0e071a1c","6653","2024-07-08T15:15:00.000","38TH ST / MEDICAL PKWY","NORTHBOUND","LEFT TURN","false","7","7.714","5.908","18.343","24.949","7","8","2024","15","15","1","900"
"4d6c430845318d8e9b67beba1f97d495","6653","2024-07-08T15:15:00.000","38TH ST / MEDICAL PKWY","NORTHBOUND","LEFT TURN","true","1","14.0","0.0","29.4","0.0","7","8","2024","15","15","1","900"
"a9c7efe645e05b3527aa9d36b7cbedf6","6653","2024-07-08T15:15:00.000","38TH ST / MEDICAL PKWY","NORTHBOUND","RIGHT TURN","false","16","9.5","11.793","8.894","9.551","7","8","2024","15","15","1","900"
"f5ff4fb0d975adc7b89a6d64ce6c8055","6653","2024-07-08T15:15:00.000","38TH ST / MEDICAL PKWY","NORTHBOUND","RIGHT TURN","true","7","12.286","10.436","8.957","11.027","7","8","2024","15","15","1","900"
"ba8031e025c52634ce6175e98e41ed4f","6653","2024-07-08T15:15:00.000","38TH ST / MEDICAL PKWY","NORTHBOUND","THRU","false","14","13.786","10.829","16.664","19.828","7","8","2024","15","15","1","900"
"927ed7067ed3b74b2410b508a75f7042","6653","2024-07-08T15:15:00.000","38TH ST / MEDICAL PKWY","NORTHBOUND","THRU","true","2","16.0","11.314","3.75","5.162","7","8","2024","15","15","1","900"
"62aa37fe2463e1e2b68f1002f0c443d7","6653","2024-07-08T15:15:00.000","38TH ST / MEDICAL PKWY","SOUTHBOUND","LEFT TURN","false","11","13.091","4.908","37.618","42.119","7","8","2024","15","15","1","900"
"8e56ad4f16101f30a02abe4e40e8b9ec","6653","2024-07-08T15:15:00.000","38TH ST / MEDICAL PKWY","SOUTHBOUND","LEFT TURN","true","4","12.5","3.0","18.9","34.128","7","8","2024","15","15","1","900"
"1af4bda01ba07a1db2970cfbc25411bf","6653","2024-07-08T15:15:00.000","38TH ST / MEDICAL PKWY","SOUTHBOUND","RIGHT TURN","false","3","11.0","10.583","9.933","16.946","7","8","2024","15","15","1","900"
"a50375b941c22992bb7649fc1bfc3397","6653","2024-07-08T15:15:00.000","38TH ST / MEDICAL PKWY","SOUTHBOUND","RIGHT TURN","true","8","11.0","3.546","5.188","5.85","7","8","2024","15","15","1","900"
"42b86b0f10cb79690d01982c08a0af9b","6653","2024-07-08T15:15:00.000","38TH ST / MEDICAL PKWY","SOUTHBOUND","THRU","false","7","13.286","5.251","20.957","30.892","7","8","2024","15","15","1","900"
"0ba5afdf0abd583af761d2e6ec616394","6653","2024-07-08T15:15:00.000","38TH ST / MEDICAL PKWY","SOUTHBOUND","THRU","true","3","21.0","5.196","0.167","0.289","7","8","2024","15","15","1","900"
"aea9c26a860144184bc395cdd2eee990","6653","2024-07-08T15:15:00.000","38TH ST / MEDICAL PKWY","WESTBOUND","LEFT TURN","false","5","10.2","9.418","36.42","29.412","7","8","2024","15","15","1","900"
"726c7696201b71d6a3bb6f275fd72dd0","6653","2024-07-08T15:15:00.000","38TH ST / MEDICAL PKWY","WESTBOUND","LEFT TURN","true","1","11.0","0.0","4.3","0.0","7","8","2024","15","15","1","900"
"e84e13cbbd861835a3047eec7e9a0f2d","6653","2024-07-08T15:15:00.000","38TH ST / MEDICAL PKWY","WESTBOUND","RIGHT TURN","false","5","11.8","9.039","2.28","1.094","7","8","2024","15","15","1","900"
"ee014852407ee77eade12f3abdaf42f6","6653","2024-07-08T15:15:00.000","38TH ST / MEDICAL PKWY","WESTBOUND","RIGHT TURN","true","2","11.5","3.536","36.25","44.901","7","8","2024","15","15","1","900"
"38cc468bc0e687f1a1b4d5bf835a58ee","6653","2024-07-08T15:15:00.000","38TH ST / MEDICAL PKWY","WESTBOUND","THRU","false","85","22.224","9.881","8.344","19.086","7","8","2024","15","15","1","900"
"f2d2d06b4d1c937640b774ba1cdfcb37","6653","2024-07-08T15:15:00.000","38TH ST / MEDICAL PKWY","WESTBOUND","THRU","true","57","23.053","9.727","5.916","15.825","7","8","2024","15","15","1","900"
"99f2d43f0fa8b9fe3925341b897fbe28","6882","2024-07-08T15:15:00.000","AIRPORT BLVD / 51ST ST","EASTBOUND","LEFT TURN","false","7","9.571","4.276","17.114","35.144","7","8","2024","15","15","1","900"
"539b63a0c893e4dacd9ec58dfefd923b","6882","2024-07-08T15:15:00.000","AIRPORT BLVD / 51ST ST","EASTBOUND","RIGHT TURN","false","20","11.1","5.92","2.98","2.844","7","8","2024","15","15","1","900"
"84e8830e1ab308898d647296f628d7be","6882","2024-07-08T15:15:00.000","AIRPORT BLVD / 51ST ST","EASTBOUND","THRU","false","85","14.953","4.493","5.127","16.334","7","8","2024","15","15","1","900"
"3fee6d641bd29494ed560e390b0b9d6b","6882","2024-07-08T15:15:00.000","AIRPORT BLVD / 51ST ST","EASTBOUND","THRU","true","10","16.1","3.573","5.49","12.308","7","8","2024","15","15","1","900"
"87308ce428dff214f4f643ef2eb37dc6","6882","2024-07-08T15:15:00.000","AIRPORT BLVD / 51ST ST","NORTHBOUND","LEFT TURN","false","13","7.077","4.252","10.685","22.088","7","8","2024","15","15","1","900"
"c8ec01a0678f47de49fc8aaad1058652","6882","2024-07-08T15:15:00.000","AIRPORT BLVD / 51ST ST","NORTHBOUND","LEFT TURN","true","2","5.0","1.414","1.5","0.424","7","8","2024","15","15","1","900"
"40f8abe51a98e9546a07804c04df97c1","6882","2024-07-08T15:15:00.000","AIRPORT BLVD / 51ST ST","NORTHBOUND","THRU","false","1","39.0","0.0","7.9","0.0","7","8","2024","15","15","1","900"
"a6f6655131458524a9c35a9f7acbb1bc","6882","2024-07-08T15:15:00.000","AIRPORT BLVD / 51ST ST","SOUTHBOUND","LEFT TURN","false","1","15.0","0.0","0.8","0.0","7","8","2024","15","15","1","900"
"0cbcbb31fd0a4a28c6ae1f40613ceed9","6882","2024-07-08T15:15:00.000","AIRPORT BLVD / 51ST ST","SOUTHBOUND","RIGHT TURN","false","3","11.667","0.577","6.333","5.255","7","8","2024","15","15","1","900"
"8d7629cc14f6ca51f1cfaf8992a20693","6882","2024-07-08T15:15:00.000","AIRPORT BLVD / 51ST ST","SOUTHBOUND","THRU","false","105","27.81","9.661","6.909","14.392","7","8","2024","15","15","1","900"
"c6f8993926276c952337519af36c8791","6882","2024-07-08T15:15:00.000","AIRPORT BLVD / 51ST ST","SOUTHBOUND","THRU","true","6","30.167","16.869","9.2","19.074","7","8","2024","15","15","1","900"
"eef3632ebb167582e54e0398524b298e","6882","2024-07-08T15:15:00.000","AIRPORT BLVD / 51ST ST","WESTBOUND","LEFT TURN","false","14","5.929","7.163","12.1","27.273","7","8","2024","15","15","1","900"
"cd5154ea3f6a2e7abf8f5262fe0437ee","6882","2024-07-08T15:15:00.000","AIRPORT BLVD / 51ST ST","WESTBOUND","LEFT TURN","true","3","6.0","2.646","2.967","2.775","7","8","2024","15","15","1","900"
"0389c235c604fa107bdefc38270af109","6882","2024-07-08T15:15:00.000","AIRPORT BLVD / 51ST ST","WESTBOUND","RIGHT TURN","false","21","4.476","5.555","12.557","25.59","7","8","2024","15","15","1","900"
"9e0e3f6b0f103f0d08f93575dfbb3d7c","6882","2024-07-08T15:15:00.000","AIRPORT BLVD / 51ST ST","WESTBOUND","THRU","false","33","6.03","6.116","16.903","32.291","7","8","2024","15","15","1","900"
"d9a28af0be51c038d4607ed934b4804e","6882","2024-07-08T15:15:00.000","AIRPORT BLVD / 51ST ST","WESTBOUND","THRU","true","5","4.4","4.037","18.24","36.064","7","8","2024","15","15","1","900"
"21b97b20699512512569d79025aa7cca","7038","2024-07-08T15:15:00.000","ANDERSON LN / SHOAL CREEK BLVD","EASTBOUND","LEFT TURN","false","32","12.219","3.774","-0.031","0.177","7","8","2024","15","15","1","900"
"e2dded83bbbc2c6b4de4b7bebe4a2949","7038","2024-07-08T15:15:00.000","ANDERSON LN / SHOAL CREEK BLVD","EASTBOUND","RIGHT TURN","false","29","11.759","3.113","0.0","0.0","7","8","2024","15","15","1","900"
"a5ba5b89f0a44d98ce737aeffc15102d","7038","2024-07-08T15:15:00.000","ANDERSON LN / SHOAL CREEK BLVD","EASTBOUND","RIGHT TURN","true","1","11.0","0.0","0.0","0.0","7","8","2024","15","15","1","900"
"22842def67fe111a7880eb65654027d1","7038","2024-07-08T15:15:00.000","ANDERSON LN / SHOAL CREEK BLVD","EASTBOUND","THRU","false","179","22.978","8.749","-0.028","0.165","7","8","2024","15","15","1","900"
"b4d535ec4da84a57b63f22d222b083eb","7038","2024-07-08T15:15:00.000","ANDERSON LN / SHOAL CREEK BLVD","EASTBOUND","THRU","true","4","28.5","3.873","0.0","0.0","7","8","2024","15","15","1","900"
"6dc9998eeb8d689c18dca1239ff8af09","7038","2024-07-08T15:15:00.000","ANDERSON LN / SHOAL CREEK BLVD","NORTHBOUND","LEFT TURN","false","56","12.25","4.051","-0.357","0.483","7","8","2024","15","15","1","900"
"373ad44315435b0e8bd08af7ecc5a812","7038","2024-07-08T15:15:00.000","ANDERSON LN / SHOAL CREEK BLVD","NORTHBOUND","LEFT TURN","true","5","15.0","3.0","0.0","0.0","7","8","2024","15","15","1","900"
"67f6f9ae7362341a064d25ddeb1df24c","7038","2024-07-08T15:15:00.000","ANDERSON LN / SHOAL CREEK BLVD","NORTHBOUND","RIGHT TURN","false","8","6.875","7.864","0.0","0.0","7","8","2024","15","15","1","900"
"df2c9bac2cc6d7f43051e7dfc64b8df8","7038","2024-07-08T15:15:00.000","ANDERSON LN / SHOAL CREEK BLVD","NORTHBOUND","RIGHT TURN","true","1","4.0","0.0","0.0","0.0","7","8","2024","15","15","1","900"
"807f56beeedbffd99f24e6d703315add","7038","2024-07-08T15:15:00.000","ANDERSON LN / SHOAL CREEK BLVD","NORTHBOUND","THRU","false","25","13.28","5.69","-0.36","0.49","7","8","2024","15","15","1","900"
"dedc623c2b45f7276c09aaf1ef8d952b","7038","2024-07-08T15:15:00.000","ANDERSON LN / SHOAL CREEK BLVD","NORTHBOUND","THRU","true","3","11.333","3.055","0.0","0.0","7","8","2024","15","15","1","900"
"d2a3bd8d56b84e2d385c92874b114985","7038","2024-07-08T15:15:00.000","ANDERSON LN / SHOAL CREEK BLVD","SOUTHBOUND","LEFT TURN","false","46","11.457","3.716","-0.13","0.341","7","8","2024","15","15","1","900"
"8c9df352163418ad488330cf10628c86","7038","2024-07-08T15:15:00.000","ANDERSON LN / SHOAL CREEK BLVD","SOUTHBOUND","LEFT TURN","true","2","13.5","3.536","0.0","0.0","7","8","2024","15","15","1","900"
"b614af3190fbe9a6d8cc3c3820d655ee","7038","2024-07-08T15:15:00.000","ANDERSON LN / SHOAL CREEK BLVD","SOUTHBOUND","RIGHT TURN","false","35","8.029","2.728","0.0","0.0","7","8","2024","15","15","1","900"
"eca679c749c15b3c59dedb1e183e92a6","7038","2024-07-08T15:15:00.000","ANDERSON LN / SHOAL CREEK BLVD","SOUTHBOUND","THRU","false","27","13.481","5.686","-0.037","0.192","7","8","2024","15","15","1","900"
"864936c3a55daf5d0acf58114efec74e","7038","2024-07-08T15:15:00.000","ANDERSON LN / SHOAL CREEK BLVD","SOUTHBOUND","THRU","true","1","16.0","0.0","0.0","0.0","7","8","2024","15","15","1","900"
"0806e9cc79cb36285b93a9503d167e18","7038","2024-07-08T15:15:00.000","ANDERSON LN / SHOAL CREEK BLVD","WESTBOUND","LEFT TURN","false","11","9.091","14.032","-0.364","0.505","7","8","2024","15","15","1","900"
"498f60f4bca1c6374fc406c4e0105963","7038","2024-07-08T15:15:00.000","ANDERSON LN / SHOAL CREEK BLVD","WESTBOUND","LEFT TURN","true","1","10.0","0.0","-1.0","0.0","7","8","2024","15","15","1","900"
"62c8b1a52176249ec5d37c2c5e489a69","7038","2024-07-08T15:15:00.000","ANDERSON LN / SHOAL CREEK BLVD","WESTBOUND","THRU","false","153","19.497","9.072","-0.49","0.502","7","8","2024","15","15","1","900"
"3fc7e559ae1d39888c2e300372c091b3","7038","2024-07-08T15:15:00.000","ANDERSON LN / SHOAL CREEK BLVD","WESTBOUND","THRU","true","19","18.526","8.309","-0.526","0.513","7","8","2024","15","15","1","900"
"34d90da1482c6006aec74a60c456a34f","7343","2024-07-08T15:15:00.000","RIVERSIDE DR / BURTON DR","EASTBOUND","LEFT TURN","false","14","14.857","8.977","24.814","57.899","7","8","2024","15","15","1","900"
"5478c3b5cd677abc96db6651453a2acc","7343","2024-07-08T15:15:00.000","RIVERSIDE DR / BURTON DR","EASTBOUND","LEFT TURN","true","4","14.75","2.217","15.925","27.749","7","8","2024","15","15","1","900"
"ccc16351eb85b56d53bbf944d43bffd3","7343","2024-07-08T15:15:00.000","RIVERSIDE DR / BURTON DR","EASTBOUND","RIGHT TURN","true","1","0.0","0.0","5.8","0.0","7","8","2024","15","15","1","900"
"186a4b68644a68c1eda836ac14a56b7a","7343","2024-07-08T15:15:00.000","RIVERSIDE DR / BURTON DR","EASTBOUND","THRU","false","66","28.727","8.178","4.221","12.538","7","8","2024","15","15","1","900"
"a2424d8aafdd7f8d2729996cdbbced1c","7343","2024-07-08T15:15:00.000","RIVERSIDE DR / BURTON DR","EASTBOUND","THRU","true","157","27.732","9.073","5.575","16.445","7","8","2024","15","15","1","900"
"3a44f1fe7a1347bf618a38655625519a","7343","2024-07-08T15:15:00.000","RIVERSIDE DR / BURTON DR","NORTHBOUND","LEFT TURN","false","8","30.25","9.647","6.75","13.573","7","8","2024","15","15","1","900"
"ddf70e024eb925093700cbad901f64e1","7343","2024-07-08T15:15:00.000","RIVERSIDE DR / BURTON DR","NORTHBOUND","RIGHT TURN","false","2","18.0","0.0","0.25","0.212","7","8","2024","15","15","1","900"
"f1cff2dace043d2e08b16dfc364a3530","7343","2024-07-08T15:15:00.000","RIVERSIDE DR / BURTON DR","NORTHBOUND","THRU","false","11","27.727","23.648","15.718","27.732","7","8","2024","15","15","1","900"
"40a019ba2450c61260f47f74b6b3ef1d","7343","2024-07-08T15:15:00.000","RIVERSIDE DR / BURTON DR","NORTHBOUND","THRU","true","4","32.75","23.486","6.05","11.702","7","8","2024","15","15","1","900"
"1b69a51be4ccf93a2b280ef9521b5d52","7343","2024-07-08T15:15:00.000","RIVERSIDE DR / BURTON DR","SOUTHBOUND","LEFT TURN","false","6","15.5","4.324","46.783","69.788","7","8","2024","15","15","1","900"
"81d8a4805a905e33ba8393ce44165db6","7343","2024-07-08T15:15:00.000","RIVERSIDE DR / BURTON DR","SOUTHBOUND","LEFT TURN","true","3","15.0","3.606","100.133","84.838","7","8","2024","15","15","1","900"
"be55527e02ed23cb1f62e67db6cb23be","7343","2024-07-08T15:15:00.000","RIVERSIDE DR / BURTON DR","SOUTHBOUND","RIGHT TURN","false","12","9.083","2.466","31.35","42.859","7","8","2024","15","15","1","900"
"036812aba5d31b41c10ec37ac2dbcb2e","7343","2024-07-08T15:15:00.000","RIVERSIDE DR / BURTON DR","SOUTHBOUND","THRU","false","18","18.278","5.464","15.728","31.229","7","8","2024","15","15","1","900"
"ea177e931e2278bdb2b1e6f250cff777","7343","2024-07-08T15:15:00.000","RIVERSIDE DR / BURTON DR","SOUTHBOUND","THRU","true","7","18.857","3.805","38.043","47.022","7","8","2024","15","15","1","900"
"47c8dcd77bbb6e2da963edeb7e59adf9","7343","2024-07-08T15:15:00.000","RIVERSIDE DR / BURTON DR","WESTBOUND","LEFT TURN","false","8","10.75","4.367","13.538","32.267","7","8","2024","15","15","1","900"
"7012e202b9f4f8be58811f15c878b0e5","7343","2024-07-08T15:15:00.000","RIVERSIDE DR / BURTON DR","WESTBOUND","LEFT TURN","true","3","9.0","1.0","46.133","78.176","7","8","2024","15","15","1","900"
"107145d094c94f5d74486bd28bd7cb69","7343","2024-07-08T15:15:00.000","RIVERSIDE DR / BURTON DR","WESTBOUND","RIGHT TURN","false","7","3.429","9.071","2.586","1.746","7","8","2024","15","15","1","900"
"e32d4c18fb92d46baa6567c5bfb3de20","7343","2024-07-08T15:15:00.000","RIVERSIDE DR / BURTON DR","WESTBOUND","THRU","false","169","31.45","17.636","4.65","14.001","7","8","2024","15","15","1","900"
"60dc3b3745f0c3e3d8382c67a4caa50a","7343","2024-07-08T15:15:00.000","RIVERSIDE DR / BURTON DR","WESTBOUND","THRU","true","15","39.867","27.946","1.627","1.832","7","8","2024","15","15","1","900"
"00abdb2785759d2c4f57be8ad68c97df","6382","2024-07-08T15:15:00.000","FM 620 RD / DEERBROOK TRL","EASTBOUND","RIGHT TURN","false","6","12.0","2.53","1.167","0.887","7","8","2024","15","15","1","900"
"967e23c2d5788c360652d4f9b87c1335","6382","2024-07-08T15:15:00.000","FM 620 RD / DEERBROOK TRL","EASTBOUND","THRU","false","290","37.483","9.608","1.282","3.227","7","8","2024","15","15","1","900"
"d161530410a3df8b2cced56365a05aa6","6382","2024-07-08T15:15:00.000","FM 620 RD / DEERBROOK TRL","EASTBOUND","THRU","true","20","38.35","10.489","1.565","3.129","7","8","2024","15","15","1","900"
"6b9908f56f29a353a3cde42eb13b9c2f","6382","2024-07-08T15:15:00.000","FM 620 RD / DEERBROOK TRL","NORTHBOUND","LEFT TURN","false","6","7.667","3.386","41.75","57.49","7","8","2024","15","15","1","900"
"78f5fdffb3adf45a7657872091ad079d","6382","2024-07-08T15:15:00.000","FM 620 RD / DEERBROOK TRL","NORTHBOUND","RIGHT TURN","false","21","4.238","5.059","25.0","30.925","7","8","2024","15","15","1","900"
"4206a5d66acb4f848e7cdc9fd25020a3","6382","2024-07-08T15:15:00.000","FM 620 RD / DEERBROOK TRL","NORTHBOUND","THRU","false","1","92.0","0.0","0.8","0.0","7","8","2024","15","15","1","900"
"cdb2575066e42c54fca555ec5680358a","6382","2024-07-08T15:15:00.000","FM 620 RD / DEERBROOK TRL","WESTBOUND","LEFT TURN","false","16","10.0","4.211","10.663","37.443","7","8","2024","15","15","1","900"
"1c18d1fd57e135255eebd486873f63f2","6382","2024-07-08T15:15:00.000","FM 620 RD / DEERBROOK TRL","WESTBOUND","LEFT TURN","true","4","9.5","5.196","8.325","15.666","7","8","2024","15","15","1","900"
"40182204c06d833e22d62d1391b8cc9c","6382","2024-07-08T15:15:00.000","FM 620 RD / DEERBROOK TRL","WESTBOUND","THRU","false","360","33.167","9.581","1.59","3.306","7","8","2024","15","15","1","900"
"dd1536236ddbf7a0774b5ae1f853b577","6382","2024-07-08T15:15:00.000","FM 620 RD / DEERBROOK TRL","WESTBOUND","THRU","true","26","36.615","6.688","0.765","0.344","7","8","2024","15","15","1","900"
"0e2cf09672f95a046d7fcbdbb473972f","6382","2024-07-08T15:15:00.000","FM 620 RD / DEERBROOK TRL","WESTBOUND","U-TURN","false","1","13.0","0.0","0.1","0.0","7","8","2024","15","15","1","900"
"749a433b2f0873bfa2095690477dd662","6881","2024-07-08T15:15:00.000","SLAUGHTER LN / LINDSHIRE LN","EASTBOUND","RIGHT TURN","false","12","11.417","3.315","3.158","1.111","7","8","2024","15","15","1","900"
"5fb85a4c13ab99ecd001c64f668b4781","6881","2024-07-08T15:15:00.000","SLAUGHTER LN / LINDSHIRE LN","EASTBOUND","RIGHT TURN","true","3","10.333","1.155","2.233","1.607","7","8","2024","15","15","1","900"
"f0ca4561d6f04895f8bf9b6cc9202310","6881","2024-07-08T15:15:00.000","SLAUGHTER LN / LINDSHIRE LN","EASTBOUND","THRU","false","260","31.023","9.925","2.443","5.869","7","8","2024","15","15","1","900"
"2dd7130248ac91248019d6eb9ae35f53","6881","2024-07-08T15:15:00.000","SLAUGHTER LN / LINDSHIRE LN","EASTBOUND","THRU","true","9","26.222","12.225","4.656","10.243","7","8","2024","15","15","1","900"
"f633991a48c15d5b9c303f6c347f7f83","6881","2024-07-08T15:15:00.000","SLAUGHTER LN / LINDSHIRE LN","NORTHBOUND","LEFT TURN","false","16","6.562","8.571","22.256","36.995","7","8","2024","15","15","1","900"
"a6add4b881a2786801b033afb65be0b7","6881","2024-07-08T15:15:00.000","SLAUGHTER LN / LINDSHIRE LN","NORTHBOUND","LEFT TURN","true","1","0.0","0.0","95.5","0.0","7","8","2024","15","15","1","900"
"bcf04b7e155291ee193d526ff5398594","6881","2024-07-08T15:15:00.000","SLAUGHTER LN / LINDSHIRE LN","NORTHBOUND","RIGHT TURN","false","6","5.5","6.058","12.633","14.823","7","8","2024","15","15","1","900"
"1e6ec8a151dbe478fcf7662bc0e7732a","6881","2024-07-08T15:15:00.000","SLAUGHTER LN / LINDSHIRE LN","NORTHBOUND","RIGHT TURN","true","1","0.0","0.0","77.0","0.0","7","8","2024","15","15","1","900"
"fa86819f4843ba702eb63656afc851b6","6881","2024-07-08T15:15:00.000","SLAUGHTER LN / LINDSHIRE LN","NORTHBOUND","THRU","false","2","23.5","33.234","1.4","1.838","7","8","2024","15","15","1","900"
"3ea8784c4f2cc5d09992e30f009389e1","6881","2024-07-08T15:15:00.000","SLAUGHTER LN / LINDSHIRE LN","SOUTHBOUND","LEFT TURN","false","2","9.0","0.0","57.75","64.7","7","8","2024","15","15","1","900"
"f62d5da3a60f55245ee6e2d586839a7e","6881","2024-07-08T15:15:00.000","SLAUGHTER LN / LINDSHIRE LN","SOUTHBOUND","LEFT TURN","true","1","9.0","0.0","76.9","0.0","7","8","2024","15","15","1","900"
"65034851566092ecf1544db7e1f46209","6881","2024-07-08T15:15:00.000","SLAUGHTER LN / LINDSHIRE LN","WESTBOUND","LEFT TURN","false","5","11.2","6.099","23.98","44.466","7","8","2024","15","15","1","900"
"3000d72671ef56ebd9c794c7c2ba9249","6881","2024-07-08T15:15:00.000","SLAUGHTER LN / LINDSHIRE LN","WESTBOUND","LEFT TURN","true","1","91.0","0.0","0.2","0.0","7","8","2024","15","15","1","900"
"e45bd60cc44cd9ee6cedf2eb0bc56b99","6881","2024-07-08T15:15:00.000","SLAUGHTER LN / LINDSHIRE LN","WESTBOUND","RIGHT TURN","false","2","9.5","0.707","3.2","0.99","7","8","2024","15","15","1","900"
"135e0f4e8703b79159de76c234cebbb5","6881","2024-07-08T15:15:00.000","SLAUGHTER LN / LINDSHIRE LN","WESTBOUND","THRU","false","181","27.597","6.603","1.576","2.229","7","8","2024","15","15","1","900"
"c07f6796019d2ab8a0e4ffdbc239ee79","6881","2024-07-08T15:15:00.000","SLAUGHTER LN / LINDSHIRE LN","WESTBOUND","THRU","true","9","27.444","8.048","2.622","3.626","7","8","2024","15","15","1","900"
"09551ea957ebf83e5ca3464d2d8309c5","6808","2024-07-08T15:15:00.000","OLTORF ST / 4TH ST","EASTBOUND","LEFT TURN","false","6","4.0","2.898","17.067","40.875","7","8","2024","15","15","1","900"
"070d3c501019539013c75c01093b8654","6808","2024-07-08T15:15:00.000","OLTORF ST / 4TH ST","EASTBOUND","LEFT TURN","true","2","4.5","0.707","0.3","0.283","7","8","2024","15","15","1","900"
"b04587c01c6719c122da4a699a91e2fa","6808","2024-07-08T15:15:00.000","OLTORF ST / 4TH ST","EASTBOUND","RIGHT TURN","false","6","16.833","29.123","11.833","28.01","7","8","2024","15","15","1","900"
"9fc21cf9ef2da7ce5f24303e6ae6b80c","6808","2024-07-08T15:15:00.000","OLTORF ST / 4TH ST","EASTBOUND","RIGHT TURN","true","1","5.0","0.0","14.3","0.0","7","8","2024","15","15","1","900"
"fe3b652899954e8cfecdcf3a1022478f","6808","2024-07-08T15:15:00.000","OLTORF ST / 4TH ST","EASTBOUND","THRU","false","44","12.886","17.715","6.318","17.599","7","8","2024","15","15","1","900"
"36f8a5d0a19686db07c1ed0c96dd6db2","6808","2024-07-08T15:15:00.000","OLTORF ST / 4TH ST","EASTBOUND","THRU","true","1","4.0","0.0","0.8","0.0","7","8","2024","15","15","1","900"
"f04c2a5a5c9dc43e0015327e94880734","6808","2024-07-08T15:15:00.000","OLTORF ST / 4TH ST","NORTHBOUND","LEFT TURN","false","13","7.308","6.29","0.2","0.196","7","8","2024","15","15","1","900"
"e25a81a119bbf75912f0c6df9c69f64d","6808","2024-07-08T15:15:00.000","OLTORF ST / 4TH ST","NORTHBOUND","LEFT TURN","true","1","8.0","0.0","65.8","0.0","7","8","2024","15","15","1","900"
"dc7be8dcf9535649cfb0008e3c726885","6808","2024-07-08T15:15:00.000","OLTORF ST / 4TH ST","NORTHBOUND","RIGHT TURN","false","12","4.333","1.435","13.525","26.817","7","8","2024","15","15","1","900"
"67c562231e33ec3977809dff05318dc4","6808","2024-07-08T15:15:00.000","OLTORF ST / 4TH ST","NORTHBOUND","THRU","false","54","7.241","2.861","4.078","11.982","7","8","2024","15","15","1","900"
"9d923d0617f6a00f8f245d78b17f20c4","6808","2024-07-08T15:15:00.000","OLTORF ST / 4TH ST","NORTHBOUND","THRU","true","3","5.667","0.577","1.9","1.652","7","8","2024","15","15","1","900"
"fa1e978222ba33da862b0c592a48ddec","6808","2024-07-08T15:15:00.000","OLTORF ST / 4TH ST","SOUTHBOUND","LEFT TURN","false","15","7.4","4.085","9.547","15.082","7","8","2024","15","15","1","900"
"2263c7df3f3029f41a281143911aec1d","6808","2024-07-08T15:15:00.000","OLTORF ST / 4TH ST","SOUTHBOUND","RIGHT TURN","false","6","7.333","1.751","2.05","1.029","7","8","2024","15","15","1","900"
"14c907027dfd57591ae30f14176e36a1","6808","2024-07-08T15:15:00.000","OLTORF ST / 4TH ST","SOUTHBOUND","THRU","false","76","12.132","3.778","6.045","15.878","7","8","2024","15","15","1","900"
"72dfbe8c77c6bfa611f34bbebca42cf7","6808","2024-07-08T15:15:00.000","OLTORF ST / 4TH ST","SOUTHBOUND","THRU","true","1","9.0","0.0","0.2","0.0","7","8","2024","15","15","1","900"
"877d244d4fc0bfdf2cacd2d1a7aab45f","6808","2024-07-08T15:15:00.000","OLTORF ST / 4TH ST","SOUTHBOUND","U-TURN","false","3","6.0","1.0","18.533","26.905","7","8","2024","15","15","1","900"
"ca408197fbf3e77fc827c2e920fee8b9","6808","2024-07-08T15:15:00.000","OLTORF ST / 4TH ST","WESTBOUND","LEFT TURN","false","12","6.25","1.357","1.167","1.609","7","8","2024","15","15","1","900"
"91c2c76f01cb036bbae1aeca1779b12c","6808","2024-07-08T15:15:00.000","OLTORF ST / 4TH ST","WESTBOUND","LEFT TURN","true","1","7.0","0.0","4.3","0.0","7","8","2024","15","15","1","900"
"0dd380ac51bd32aeb41fa61e8c0c4681","6808","2024-07-08T15:15:00.000","OLTORF ST / 4TH ST","WESTBOUND","RIGHT TURN","false","12","6.083","1.311","10.825","25.297","7","8","2024","15","15","1","900"
"759d3407eda116c9e8576ded14f810c4","6808","2024-07-08T15:15:00.000","OLTORF ST / 4TH ST","WESTBOUND","THRU","false","62","9.306","2.855","12.348","25.683","7","8","2024","15","15","1","900"
"cb21bee1fb6039b609ac57f696753ff6","6653","2024-07-08T15:00:00.000","38TH ST / MEDICAL PKWY","EASTBOUND","LEFT TURN","false","17","13.353","16.458","23.218","34.642","7","8","2024","15","0","1","900"
"50b347fcabe003f361ad9b80b414de0f","6653","2024-07-08T15:00:00.000","38TH ST / MEDICAL PKWY","EASTBOUND","LEFT TURN","true","3","8.333","2.517","39.367","49.914","7","8","2024","15","0","1","900"
"9390c39f807586f01fe805f7ed56153e","6653","2024-07-08T15:00:00.000","38TH ST / MEDICAL PKWY","EASTBOUND","RIGHT TURN","false","6","9.167","3.125","1.8","1.22","7","8","2024","15","0","1","900"
"b721f3831e932eb5593977233445cbd1","6653","2024-07-08T15:00:00.000","38TH ST / MEDICAL PKWY","EASTBOUND","RIGHT TURN","true","3","7.0","1.732","0.967","0.777","7","8","2024","15","0","1","900"
"2efa505393ed757d13222643f45f4d5c","6653","2024-07-08T15:00:00.000","38TH ST / MEDICAL PKWY","EASTBOUND","THRU","false","157","16.873","5.524","11.757","24.564","7","8","2024","15","0","1","900"
"5120358ca048d4c40bae3d18b80d929d","6653","2024-07-08T15:00:00.000","38TH ST / MEDICAL PKWY","EASTBOUND","THRU","true","19","15.0","5.447","36.316","39.174","7","8","2024","15","0","1","900"
"f6e0c87c000169f0b54706d495d97f23","6653","2024-07-08T15:00:00.000","38TH ST / MEDICAL PKWY","NORTHBOUND","LEFT TURN","false","8","15.0","2.449","39.8","52.198","7","8","2024","15","0","1","900"
"68763cd62b7fc3f45cf92c6a05a7e4aa","6653","2024-07-08T15:00:00.000","38TH ST / MEDICAL PKWY","NORTHBOUND","RIGHT TURN","false","14","10.214","12.968","13.35","17.749","7","8","2024","15","0","1","900"
"1b17856dc214d3e1bf0c2fff7860866b","6653","2024-07-08T15:00:00.000","38TH ST / MEDICAL PKWY","NORTHBOUND","RIGHT TURN","true","6","6.167","5.492","3.6","3.239","7","8","2024","15","0","1","900"
"a66ad1f75cabbc72c59075f1eb30c928","6653","2024-07-08T15:00:00.000","38TH ST / MEDICAL PKWY","NORTHBOUND","THRU","false","8","10.25","10.62","46.6","45.588","7","8","2024","15","0","1","900"
"794ebbc6e17998cace0c05eef5ec6ba8","6653","2024-07-08T15:00:00.000","38TH ST / MEDICAL PKWY","NORTHBOUND","THRU","true","1","24.0","0.0","4.2","0.0","7","8","2024","15","0","1","900"
"5cbe007098942a12a0ffe06bc76c2933","6653","2024-07-08T15:00:00.000","38TH ST / MEDICAL PKWY","SOUTHBOUND","LEFT TURN","false","22","15.0","4.918","17.177","30.174","7","8","2024","15","0","1","900"
"216491735d3bdca3162e1ca59b90a12c","6653","2024-07-08T15:00:00.000","38TH ST / MEDICAL PKWY","SOUTHBOUND","RIGHT TURN","false","2","11.5","0.707","35.4","22.486","7","8","2024","15","0","1","900"
"b1deb8d560177329e1499f9f33dc46d2","6653","2024-07-08T15:00:00.000","38TH ST / MEDICAL PKWY","SOUTHBOUND","RIGHT TURN","true","11","9.455","4.321","12.009","13.477","7","8","2024","15","0","1","900"
"3b28673bcb8d884c01889be66b2ed786","6653","2024-07-08T15:00:00.000","38TH ST / MEDICAL PKWY","SOUTHBOUND","THRU","false","10","16.3","9.945","19.83","34.369","7","8","2024","15","0","1","900"
"78dd654e4b60af966fcf0fe463347d71","6653","2024-07-08T15:00:00.000","38TH ST / MEDICAL PKWY","SOUTHBOUND","THRU","true","2","11.5","3.536","65.3","6.93","7","8","2024","15","0","1","900"
"7c75966723d6c39785fa0e0417aa0b72","6653","2024-07-08T15:00:00.000","38TH ST / MEDICAL PKWY","WESTBOUND","LEFT TURN","false","4","22.75","13.889","5.8","10.667","7","8","2024","15","0","1","900"
"ec6d311d70fe298faa8402b7dd3f8bac","6653","2024-07-08T15:00:00.000","38TH ST / MEDICAL PKWY","WESTBOUND","LEFT TURN","true","3","14.333","11.676","34.333","32.171","7","8","2024","15","0","1","900"
"c1e848e7abdc4c8694b306f944299996","6653","2024-07-08T15:00:00.000","38TH ST / MEDICAL PKWY","WESTBOUND","RIGHT TURN","false","4","16.25","7.274","1.95","1.353","7","8","2024","15","0","1","900"
"104f896c3829a7aff9c0aed6105b16f9","6653","2024-07-08T15:00:00.000","38TH ST / MEDICAL PKWY","WESTBOUND","RIGHT TURN","true","7","12.143","2.673","4.743","5.02","7","8","2024","15","0","1","900"
"31d66ed012af145deae60175308690e5","6653","2024-07-08T15:00:00.000","38TH ST / MEDICAL PKWY","WESTBOUND","THRU","false","133","21.677","6.46","3.699","11.695","7","8","2024","15","0","1","900"
"c1de8c7f0de328ec76105019d9d2a673","6653","2024-07-08T15:00:00.000","38TH ST / MEDICAL PKWY","WESTBOUND","THRU","true","75","22.68","10.76","6.991","18.299","7","8","2024","15","0","1","900"
"d7f93c7675f244ee98a53dfb32b44151","6882","2024-07-08T15:00:00.000","AIRPORT BLVD / 51ST ST","EASTBOUND","LEFT TURN","false","4","8.0","4.243","10.125","19.717","7","8","2024","15","0","1","900"
"1306f1e4aac9264a692e467839968ead","6882","2024-07-08T15:00:00.000","AIRPORT BLVD / 51ST ST","EASTBOUND","RIGHT TURN","false","29","11.724","5.437","5.403","10.322","7","8","2024","15","0","1","900"
"0ac9adf9497b0c9157e3b573d18b3646","6882","2024-07-08T15:00:00.000","AIRPORT BLVD / 51ST ST","EASTBOUND","THRU","false","78","14.026","4.363","8.162","21.924","7","8","2024","15","0","1","900"
"15f5dbab40e77e733194d3d1c6d85e8e","6882","2024-07-08T15:00:00.000","AIRPORT BLVD / 51ST ST","EASTBOUND","THRU","true","11","17.909","1.514","1.391","0.318","7","8","2024","15","0","1","900"
"f8d70eb5947cbe95e3fbbb434930d5cf","6882","2024-07-08T15:00:00.000","AIRPORT BLVD / 51ST ST","NORTHBOUND","LEFT TURN","false","11","6.091","3.91","20.636","40.623","7","8","2024","15","0","1","900"
"2ecf3efa77029c4e4d05cc94582116d4","6882","2024-07-08T15:00:00.000","AIRPORT BLVD / 51ST ST","NORTHBOUND","LEFT TURN","true","2","5.0","7.071","22.75","24.961","7","8","2024","15","0","1","900"
"cfba66fd842a0c8c093b160ee7b33053","6882","2024-07-08T15:00:00.000","AIRPORT BLVD / 51ST ST","NORTHBOUND","THRU","true","1","23.0","0.0","4.7","0.0","7","8","2024","15","0","1","900"
"66e3cd24e2ac6fe94241e12682d934c5","6882","2024-07-08T15:00:00.000","AIRPORT BLVD / 51ST ST","SOUTHBOUND","LEFT TURN","false","1","9.0","0.0","0.2","0.0","7","8","2024","15","0","1","900"
"0dfba695a1c8350c5cdd05c9dac8a6c8","6882","2024-07-08T15:00:00.000","AIRPORT BLVD / 51ST ST","SOUTHBOUND","RIGHT TURN","false","5","11.4","1.517","13.9","21.014","7","8","2024","15","0","1","900"
"7a15bcd5f83676d8b10925208531ca1b","6882","2024-07-08T15:00:00.000","AIRPORT BLVD / 51ST ST","SOUTHBOUND","THRU","false","117","32.111","11.499","7.072","15.279","7","8","2024","15","0","1","900"
"454c1d48b043f114ff30993f42577785","6882","2024-07-08T15:00:00.000","AIRPORT BLVD / 51ST ST","SOUTHBOUND","THRU","true","11","32.273","13.282","13.227","25.685","7","8","2024","15","0","1","900"
"f5730817d0ad303620d13030a5600851","6882","2024-07-08T15:00:00.000","AIRPORT BLVD / 51ST ST","WESTBOUND","LEFT TURN","false","6","5.667","4.633","0.133","0.197","7","8","2024","15","0","1","900"
"70f0fbea6d90f8c5410d219ae6f00542","6882","2024-07-08T15:00:00.000","AIRPORT BLVD / 51ST ST","WESTBOUND","LEFT TURN","true","3","9.667","2.082","31.567","44.767","7","8","2024","15","0","1","900"
"07451cf1c00bbf9646960ae69461387c","6882","2024-07-08T15:00:00.000","AIRPORT BLVD / 51ST ST","WESTBOUND","RIGHT TURN","false","12","2.333","3.892","23.308","33.934","7","8","2024","15","0","1","900"
"e107d75d48210f36559faea6b0c87f2e","6882","2024-07-08T15:00:00.000","AIRPORT BLVD / 51ST ST","WESTBOUND","THRU","false","35","6.2","5.46","12.946","27.156","7","8","2024","15","0","1","900"
"64a67ca2ef0eb1f38bbfe064957e2b79","6882","2024-07-08T15:00:00.000","AIRPORT BLVD / 51ST ST","WESTBOUND","THRU","true","8","8.125","10.67","32.4","38.984","7","8","2024","15","0","1","900"
"5d3cb4d18d12b0fda0724e5ed0e35f3b","7038","2024-07-08T15:00:00.000","ANDERSON LN / SHOAL CREEK BLVD","EASTBOUND","LEFT TURN","false","36","13.75","3.111","0.0","0.0","7","8","2024","15","0","1","900"
"1ca12515a7ea457deb92b02012596cec","7038","2024-07-08T15:00:00.000","ANDERSON LN / SHOAL CREEK BLVD","EASTBOUND","LEFT TURN","true","1","10.0","0.0","0.0","0.0","7","8","2024","15","0","1","900"
"4cd22bb682d4998536bda48edddcd830","7038","2024-07-08T15:00:00.000","ANDERSON LN / SHOAL CREEK BLVD","EASTBOUND","RIGHT TURN","false","37","13.486","7.054","0.0","0.0","7","8","2024","15","0","1","900"
"80bca93fd6f979c678349127f1c4c098","7038","2024-07-08T15:00:00.000","ANDERSON LN / SHOAL CREEK BLVD","EASTBOUND","THRU","false","169","25.757","9.648","-0.036","0.186","7","8","2024","15","0","1","900"
"0de4a1d052780ec030fe30578b1ba2c5","7038","2024-07-08T15:00:00.000","ANDERSON LN / SHOAL CREEK BLVD","EASTBOUND","THRU","true","4","20.75","13.124","0.0","0.0","7","8","2024","15","0","1","900"
"ea900661cfc78f20831428a65333abb1","7038","2024-07-08T15:00:00.000","ANDERSON LN / SHOAL CREEK BLVD","NORTHBOUND","LEFT TURN","false","61","12.41","3.461","-0.311","0.467","7","8","2024","15","0","1","900"
"81c1829a7e0c539c9d992bae56727e61","7038","2024-07-08T15:00:00.000","ANDERSON LN / SHOAL CREEK BLVD","NORTHBOUND","LEFT TURN","true","2","15.5","4.95","0.0","0.0","7","8","2024","15","0","1","900"
"292ee9c7ddd83fb5dba405f1992a5c7d","7038","2024-07-08T15:00:00.000","ANDERSON LN / SHOAL CREEK BLVD","NORTHBOUND","RIGHT TURN","false","8","6.375","2.264","-0.25","0.463","7","8","2024","15","0","1","900"
"9969814e3d3dc03aa242606c8a1d8e7c","7038","2024-07-08T15:00:00.000","ANDERSON LN / SHOAL CREEK BLVD","NORTHBOUND","THRU","false","30","14.233","11.261","-0.233","0.43","7","8","2024","15","0","1","900"
"0070277aa21816a41f49c601be3df51e","7038","2024-07-08T15:00:00.000","ANDERSON LN / SHOAL CREEK BLVD","NORTHBOUND","THRU","true","3","9.667","3.786","0.0","0.0","7","8","2024","15","0","1","900"
"f28118bd07339d3a98b28a82949c2b4b","7038","2024-07-08T15:00:00.000","ANDERSON LN / SHOAL CREEK BLVD","SOUTHBOUND","LEFT TURN","false","38","10.974","2.991","-0.053","0.226","7","8","2024","15","0","1","900"
"243fd683971bb491eb3b7c400e325689","7038","2024-07-08T15:00:00.000","ANDERSON LN / SHOAL CREEK BLVD","SOUTHBOUND","RIGHT TURN","false","45","6.778","2.819","0.0","0.0","7","8","2024","15","0","1","900"
"f6b5dc03c097df47fe69a9ccd1f26ca1","7038","2024-07-08T15:00:00.000","ANDERSON LN / SHOAL CREEK BLVD","SOUTHBOUND","RIGHT TURN","true","2","9.0","1.414","0.0","0.0","7","8","2024","15","0","1","900"
"099f64a48231fee153a05c430193121f","7038","2024-07-08T15:00:00.000","ANDERSON LN / SHOAL CREEK BLVD","SOUTHBOUND","THRU","false","33","12.939","5.623","-0.03","0.174","7","8","2024","15","0","1","900"
"cd84ed5d2a8e7c40d68ac027e64f84a0","7038","2024-07-08T15:00:00.000","ANDERSON LN / SHOAL CREEK BLVD","WESTBOUND","LEFT TURN","false","8","9.75","8.598","-0.25","0.463","7","8","2024","15","0","1","900"
"ddee9ff45f5ef1cf7d873c9b2047d289","7038","2024-07-08T15:00:00.000","ANDERSON LN / SHOAL CREEK BLVD","WESTBOUND","LEFT TURN","true","1","13.0","0.0","0.0","0.0","7","8","2024","15","0","1","900"
"5027989bd3d85108e48eedd5b881b7ec","7038","2024-07-08T15:00:00.000","ANDERSON LN / SHOAL CREEK BLVD","WESTBOUND","THRU","false","158","18.937","6.221","-0.462","0.5","7","8","2024","15","0","1","900"
"97e7abea9d74c0f14bc4ae93b1801599","7038","2024-07-08T15:00:00.000","ANDERSON LN / SHOAL CREEK BLVD","WESTBOUND","THRU","true","17","19.529","10.284","-0.588","0.507","7","8","2024","15","0","1","900"
"ab580df0446cb8fac8e58d190351768e","7343","2024-07-08T15:00:00.000","RIVERSIDE DR / BURTON DR","EASTBOUND","LEFT TURN","false","24","13.958","3.355","10.6","17.042","7","8","2024","15","0","1","900"
"d5e9ac79e48152c6a08fe68a9149d17e","7343","2024-07-08T15:00:00.000","RIVERSIDE DR / BURTON DR","EASTBOUND","LEFT TURN","true","3","15.0","1.0","1.967","0.737","7","8","2024","15","0","1","900"
"fc0b28d1de2d95cc33338a19cc0aa914","7343","2024-07-08T15:00:00.000","RIVERSIDE DR / BURTON DR","EASTBOUND","THRU","false","77","31.416","11.198","2.118","5.125","7","8","2024","15","0","1","900"
"633676a76b2633a83c107cfce29e7e9b","7343","2024-07-08T15:00:00.000","RIVERSIDE DR / BURTON DR","EASTBOUND","THRU","true","141","31.496","12.73","5.796","15.184","7","8","2024","15","0","1","900"
"dc0716fed6c80ce220b43f45bc481454","7343","2024-07-08T15:00:00.000","RIVERSIDE DR / BURTON DR","EASTBOUND","U-TURN","false","2","7.5","0.707","2.45","0.778","7","8","2024","15","0","1","900"
"4196f0f24a757c630293fa9df16b2e98","7343","2024-07-08T15:00:00.000","RIVERSIDE DR / BURTON DR","NORTHBOUND","LEFT TURN","false","13","23.462","13.679","14.385","38.125","7","8","2024","15","0","1","900"
"0f20a14b71fce7c0917ee4f45f93fc35","7343","2024-07-08T15:00:00.000","RIVERSIDE DR / BURTON DR","NORTHBOUND","RIGHT TURN","false","3","13.667","2.309","0.267","0.462","7","8","2024","15","0","1","900"
"dadf2ad29a04b456e78679164f2581dd","7343","2024-07-08T15:00:00.000","RIVERSIDE DR / BURTON DR","NORTHBOUND","RIGHT TURN","true","3","20.667","7.638","0.167","0.208","7","8","2024","15","0","1","900"
"5b9bef3a2b72219013f66cd207352078","7343","2024-07-08T15:00:00.000","RIVERSIDE DR / BURTON DR","NORTHBOUND","THRU","false","6","17.833","13.877","15.167","25.375","7","8","2024","15","0","1","900"
"b63c214c9296739281e2dc922afc087e","7343","2024-07-08T15:00:00.000","RIVERSIDE DR / BURTON DR","NORTHBOUND","THRU","true","7","27.0","18.637","0.8","0.796","7","8","2024","15","0","1","900"
"82f757c06720a70d6bfa1d34505cc139","7343","2024-07-08T15:00:00.000","RIVERSIDE DR / BURTON DR","SOUTHBOUND","LEFT TURN","false","6","17.833","4.401","28.75","33.9","7","8","2024","15","0","1","900"
"132640138031b879b4c18d6d8aa37d1c","7343","2024-07-08T15:00:00.000","RIVERSIDE DR / BURTON DR","SOUTHBOUND","LEFT TURN","true","9","15.333","5.292","54.822","53.184","7","8","2024","15","0","1","900"
"f461e1f34062ce31fb6fb5d03a584aeb","7343","2024-07-08T15:00:00.000","RIVERSIDE DR / BURTON DR","SOUTHBOUND","RIGHT TURN","false","18","9.667","1.782","14.539","23.106","7","8","2024","15","0","1","900"
"f1dfabdc525161fc962aa861bd66ac1c","7343","2024-07-08T15:00:00.000","RIVERSIDE DR / BURTON DR","SOUTHBOUND","RIGHT TURN","true","1","11.0","0.0","4.7","0.0","7","8","2024","15","0","1","900"
"e4a870cf456f1bdd8293eacb5b91d420","7343","2024-07-08T15:00:00.000","RIVERSIDE DR / BURTON DR","SOUTHBOUND","THRU","false","10","15.7","3.773","28.15","40.591","7","8","2024","15","0","1","900"
"7626d9e7bd43400421ac0904b2b46f25","7343","2024-07-08T15:00:00.000","RIVERSIDE DR / BURTON DR","SOUTHBOUND","THRU","true","5","17.4","4.615","16.94","37.042","7","8","2024","15","0","1","900"
"67cb61498d46dc312ac54e2a77e5a91a","7343","2024-07-08T15:00:00.000","RIVERSIDE DR / BURTON DR","WESTBOUND","LEFT TURN","false","15","10.867","3.944","27.633","57.359","7","8","2024","15","0","1","900"
"b8441ec6b8603e941a31a926e2a09324","7343","2024-07-08T15:00:00.000","RIVERSIDE DR / BURTON DR","WESTBOUND","LEFT TURN","true","2","11.0","1.414","66.45","91.005","7","8","2024","15","0","1","900"
"b4b61761e2f902d724fa563e13355b83","7343","2024-07-08T15:00:00.000","RIVERSIDE DR / BURTON DR","WESTBOUND","RIGHT TURN","false","3","20.333","27.791","1.5","1.758","7","8","2024","15","0","1","900"
"3425ae346c11d3027a9189255de08e91","7343","2024-07-08T15:00:00.000","RIVERSIDE DR / BURTON DR","WESTBOUND","THRU","false","190","33.268","15.958","3.399","11.386","7","8","2024","15","0","1","900"
"1ea74f98ac6b09ddde4a96c1ceba10d6","7343","2024-07-08T15:00:00.000","RIVERSIDE DR / BURTON DR","WESTBOUND","THRU","true","15","30.2","12.796","1.427","1.123","7","8","2024","15","0","1","900"
"0db1851ae0abb1eaffb3b53397b55401","6382","2024-07-08T15:00:00.000","FM 620 RD / DEERBROOK TRL","EASTBOUND","RIGHT TURN","false","4","13.25","1.258","1.25","0.896","7","8","2024","15","0","1","900"
"377f3a05d6d400c0786cf85882e5c362","6382","2024-07-08T15:00:00.000","FM 620 RD / DEERBROOK TRL","EASTBOUND","THRU","false","311","36.318","8.804","1.292","2.852","7","8","2024","15","0","1","900"
"b663b47413a6862aea04484c46a28a4d","6382","2024-07-08T15:00:00.000","FM 620 RD / DEERBROOK TRL","EASTBOUND","THRU","true","21","38.095","11.14","0.886","0.748","7","8","2024","15","0","1","900"
"02c2ecfae85d3519f47973bf05e3c3b7","6382","2024-07-08T15:00:00.000","FM 620 RD / DEERBROOK TRL","NORTHBOUND","LEFT TURN","false","3","5.667","1.528","68.833","62.109","7","8","2024","15","0","1","900"
"d1e87dc3d897a614355e21d44c452108","6382","2024-07-08T15:00:00.000","FM 620 RD / DEERBROOK TRL","NORTHBOUND","RIGHT TURN","false","13","3.769","3.166","26.423","31.919","7","8","2024","15","0","1","900"
"88ea01cfea5f35a3337795496e6f7efe","6382","2024-07-08T15:00:00.000","FM 620 RD / DEERBROOK TRL","NORTHBOUND","RIGHT TURN","true","1","7.0","0.0","0.2","0.0","7","8","2024","15","0","1","900"
"129ed00c21c4902e9e25a027a8ca8460","6382","2024-07-08T15:00:00.000","FM 620 RD / DEERBROOK TRL","WESTBOUND","LEFT TURN","false","19","9.053","5.093","0.558","1.029","7","8","2024","15","0","1","900"
"e2c516e981dad31733e4005ec7c60c85","6382","2024-07-08T15:00:00.000","FM 620 RD / DEERBROOK TRL","WESTBOUND","LEFT TURN","true","2","9.0","0.0","39.05","52.397","7","8","2024","15","0","1","900"
"038f7d6aae7dd7d839e23293d559c14c","6382","2024-07-08T15:00:00.000","FM 620 RD / DEERBROOK TRL","WESTBOUND","THRU","false","321","34.436","9.55","1.338","2.85","7","8","2024","15","0","1","900"
"b5b092d96c868f20c7f36b441abb0a59","6382","2024-07-08T15:00:00.000","FM 620 RD / DEERBROOK TRL","WESTBOUND","THRU","true","24","36.917","7.879","0.983","0.574","7","8","2024","15","0","1","900"
"208404a9cb30825d8411ebf1b022da42","6881","2024-07-08T15:00:00.000","SLAUGHTER LN / LINDSHIRE LN","EASTBOUND","RIGHT TURN","false","13","12.077","6.291","7.477","15.843","7","8","2024","15","0","1","900"
"125a969772ef910791ffb516fa87893a","6881","2024-07-08T15:00:00.000","SLAUGHTER LN / LINDSHIRE LN","EASTBOUND","THRU","false","226","28.942","10.158","3.678","8.53","7","8","2024","15","0","1","900"
"0f57938181fd07243fcfd800891aa82a","6881","2024-07-08T15:00:00.000","SLAUGHTER LN / LINDSHIRE LN","EASTBOUND","THRU","true","9","29.111","24.143","6.578","8.598","7","8","2024","15","0","1","900"
"366817668786e186f12a9e09ebbbfb32","6881","2024-07-08T15:00:00.000","SLAUGHTER LN / LINDSHIRE LN","NORTHBOUND","LEFT TURN","false","10","7.3","6.147","30.42","41.353","7","8","2024","15","0","1","900"
"ff4b55f0fa39525c6b8e91d3c2c75332","6881","2024-07-08T15:00:00.000","SLAUGHTER LN / LINDSHIRE LN","NORTHBOUND","LEFT TURN","true","1","17.0","0.0","2.0","0.0","7","8","2024","15","0","1","900"
"88c4ec2183c8a05fe828101203dbba14","6881","2024-07-08T15:00:00.000","SLAUGHTER LN / LINDSHIRE LN","NORTHBOUND","THRU","false","1","11.0","0.0","34.2","0.0","7","8","2024","15","0","1","900"
"29d924be3ffee7e3c7e05488714f7e32","6881","2024-07-08T15:00:00.000","SLAUGHTER LN / LINDSHIRE LN","SOUTHBOUND","LEFT TURN","true","1","7.0","0.0","0.1","0.0","7","8","2024","15","0","1","900"
"81d4885c37e51bd9d80c69724bde37e8","6881","2024-07-08T15:00:00.000","SLAUGHTER LN / LINDSHIRE LN","WESTBOUND","LEFT TURN","false","3","27.333","17.786","40.367","68.532","7","8","2024","15","0","1","900"
"0a77d80b7a215f6b99cc7f2c6bd370e7","6881","2024-07-08T15:00:00.000","SLAUGHTER LN / LINDSHIRE LN","WESTBOUND","RIGHT TURN","false","1","9.0","0.0","3.1","0.0","7","8","2024","15","0","1","900"
"241ec0fde46dae25fabbec9aeda15bb9","6881","2024-07-08T15:00:00.000","SLAUGHTER LN / LINDSHIRE LN","WESTBOUND","THRU","false","206","25.33","7.982","2.227","3.948","7","8","2024","15","0","1","900"
"d2c86d0a3f2c100d959b205a2873322f","6881","2024-07-08T15:00:00.000","SLAUGHTER LN / LINDSHIRE LN","WESTBOUND","THRU","true","2","20.5","12.021","0.7","0.99","7","8","2024","15","0","1","900"
"7c85f383b8dd694ec3ad27f20c0e0bca","6808","2024-07-08T15:00:00.000","OLTORF ST / 4TH ST","EASTBOUND","LEFT TURN","false","11","5.545","5.373","6.545","19.013","7","8","2024","15","0","1","900"
"b11802be4fae96d9fae83d67e35566fc","6808","2024-07-08T15:00:00.000","OLTORF ST / 4TH ST","EASTBOUND","RIGHT TURN","false","6","5.5","0.548","4.817","8.983","7","8","2024","15","0","1","900"
"908184ddb4f1aa6bc92105b1e5f61188","6808","2024-07-08T15:00:00.000","OLTORF ST / 4TH ST","EASTBOUND","THRU","false","38","8.921","8.361","8.721","23.529","7","8","2024","15","0","1","900"
"5e0988ffbddb498683a87baeec102465","6808","2024-07-08T15:00:00.000","OLTORF ST / 4TH ST","EASTBOUND","THRU","true","1","8.0","0.0","0.9","0.0","7","8","2024","15","0","1","900"
"c15b4c3326c66890db0e1cb4ca2dc8a7","6808","2024-07-08T15:00:00.000","OLTORF ST / 4TH ST","NORTHBOUND","LEFT TURN","false","17","11.471","17.99","5.935","19.861","7","8","2024","15","0","1","900"
"1ef33c70ab6e7595afbaf913b059cb46","6808","2024-07-08T15:00:00.000","OLTORF ST / 4TH ST","NORTHBOUND","LEFT TURN","true","1","4.0","0.0","1.2","0.0","7","8","2024","15","0","1","900"
"2bccb583c36acbddc6157d5d08ecd60b","6808","2024-07-08T15:00:00.000","OLTORF ST / 4TH ST","NORTHBOUND","RIGHT TURN","false","10","9.9","17.704","2.12","1.799","7","8","2024","15","0","1","900"
"e5352c14c09366741e9d691f0505a796","6808","2024-07-08T15:00:00.000","OLTORF ST / 4TH ST","NORTHBOUND","RIGHT TURN","true","1","4.0","0.0","2.2","0.0","7","8","2024","15","0","1","900"
"e1c1503e9c3b8237ec53b5754b8b54eb","6808","2024-07-08T15:00:00.000","OLTORF ST / 4TH ST","NORTHBOUND","THRU","false","73","10.521","14.565","5.186","13.857","7","8","2024","15","0","1","900"
"75fa90b352b476b0e93a5ec2039eec24","6808","2024-07-08T15:00:00.000","OLTORF ST / 4TH ST","NORTHBOUND","THRU","true","1","4.0","0.0","0.1","0.0","7","8","2024","15","0","1","900"
"88394e5fa182aff838636ee94400f23d","6808","2024-07-08T15:00:00.000","OLTORF ST / 4TH ST","SOUTHBOUND","LEFT TURN","false","22","7.136","3.509","6.618","19.046","7","8","2024","15","0","1","900"
"fb3cc136d750f281fb9022c2d393d858","6808","2024-07-08T15:00:00.000","OLTORF ST / 4TH ST","SOUTHBOUND","RIGHT TURN","false","5","6.6","0.894","2.6","0.292","7","8","2024","15","0","1","900"
"66b2560ecc34d2d84aadd7576d4eda65","6808","2024-07-08T15:00:00.000","OLTORF ST / 4TH ST","SOUTHBOUND","THRU","false","89","11.404","4.981","7.39","18.601","7","8","2024","15","0","1","900"
"3582a480fcfbe0ab6f73b4bd59026ea4","6808","2024-07-08T15:00:00.000","OLTORF ST / 4TH ST","SOUTHBOUND","THRU","true","4","20.5","28.408","21.475","41.557","7","8","2024","15","0","1","900"
"b810ba688284308476696667b2131b1a","6808","2024-07-08T15:00:00.000","OLTORF ST / 4TH ST","WESTBOUND","LEFT TURN","false","11","6.182","2.04","10.218","25.098","7","8","2024","15","0","1","900"
"ba2fc520e3f339e79b15a53f7e4090ce","6808","2024-07-08T15:00:00.000","OLTORF ST / 4TH ST","WESTBOUND","LEFT TURN","true","1","30.0","0.0","7.6","0.0","7","8","2024","15","0","1","900"
"19928b4ee213db4941a4ff5c8a3c34b1","6808","2024-07-08T15:00:00.000","OLTORF ST / 4TH ST","WESTBOUND","RIGHT TURN","false","13","5.769","0.832","5.031","4.803","7","8","2024","15","0","1","900"
"15d8f4a761315ec8745d8280def593b6","6808","2024-07-08T15:00:00.000","OLTORF ST / 4TH ST","WESTBOUND","THRU","false","41","9.317","3.946","18.476","28.271","7","8","2024","15","0","1","900"
"f71dc30eb860ecd356417ea2b37bd7c9","6808","2024-07-08T15:00:00.000","OLTORF ST / 4TH ST","WESTBOUND","THRU","true","1","7.0","0.0","25.4","0.0","7","8","2024","15","0","1","900"
"97e907ee734834c0ca716a406636ebd5","6808","2024-07-08T15:00:00.000","OLTORF ST / 4TH ST","WESTBOUND","U-TURN","false","2","3.5","0.707","0.1","0.0","7","8","2024","15","0","1","900"
"16be6e165fe3ec6246dfde7e1ec1be8b","6653","2024-07-08T14:45:00.000","38TH ST / MEDICAL PKWY","EASTBOUND","LEFT TURN","false","15","14.467","10.232","13.987","30.669","7","8","2024","14","45","1","900"
"c4131feabb333c8ed9fbf8a2d98f929d","6653","2024-07-08T14:45:00.000","38TH ST / MEDICAL PKWY","EASTBOUND","LEFT TURN","true","12","9.917","3.801","10.617","27.224","7","8","2024","14","45","1","900"
"814b6965276f98f7461ccc5af4f00e33","6653","2024-07-08T14:45:00.000","38TH ST / MEDICAL PKWY","EASTBOUND","RIGHT TURN","false","13","9.692","3.497","0.969","0.891","7","8","2024","14","45","1","900"
"1726fea08d96681c1aadf80547d409d3","6653","2024-07-08T14:45:00.000","38TH ST / MEDICAL PKWY","EASTBOUND","RIGHT TURN","true","1","17.0","0.0","1.0","0.0","7","8","2024","14","45","1","900"
"e5f614b85db87ecc3e28c1764bab8dd3","6653","2024-07-08T14:45:00.000","38TH ST / MEDICAL PKWY","EASTBOUND","THRU","false","142","17.31","6.856","8.077","16.257","7","8","2024","14","45","1","900"
"813cdf28e0efc2b77973896a7f453ead","6653","2024-07-08T14:45:00.000","38TH ST / MEDICAL PKWY","EASTBOUND","THRU","true","31","17.742","6.995","14.752","25.322","7","8","2024","14","45","1","900"
"e44a69d0591c89cdc16c646399ca34bf","6653","2024-07-08T14:45:00.000","38TH ST / MEDICAL PKWY","NORTHBOUND","LEFT TURN","false","5","11.2","5.357","29.92","43.506","7","8","2024","14","45","1","900"
"f651a737a3fa175ecd2245fc969b116e","6653","2024-07-08T14:45:00.000","38TH ST / MEDICAL PKWY","NORTHBOUND","LEFT TURN","true","1","9.0","0.0","0.2","0.0","7","8","2024","14","45","1","900"
"81a018e436fd8be952e26b919620b5a5","6653","2024-07-08T14:45:00.000","38TH ST / MEDICAL PKWY","NORTHBOUND","RIGHT TURN","false","17","6.294","4.896","16.441","15.812","7","8","2024","14","45","1","900"
"dd679f4605238852c4fd539318c1b231","6653","2024-07-08T14:45:00.000","38TH ST / MEDICAL PKWY","NORTHBOUND","RIGHT TURN","true","3","7.0","2.646","12.433","11.116","7","8","2024","14","45","1","900"
"325b6faa5e0707fe7c36ae6bfce90db2","6653","2024-07-08T14:45:00.000","38TH ST / MEDICAL PKWY","NORTHBOUND","THRU","false","8","13.625","15.937","17.35","18.057","7","8","2024","14","45","1","900"
"b7b06eb042ff05a9f97e67ac690d7ead","6653","2024-07-08T14:45:00.000","38TH ST / MEDICAL PKWY","NORTHBOUND","THRU","true","2","39.0","48.083","2.75","2.051","7","8","2024","14","45","1","900"
"5552b4136d105a0ad47d9abea5dca24b","6653","2024-07-08T14:45:00.000","38TH ST / MEDICAL PKWY","SOUTHBOUND","LEFT TURN","false","19","13.684","5.078","31.321","41.247","7","8","2024","14","45","1","900"
"52753169feecec1f0232d80e9e057cac","6653","2024-07-08T14:45:00.000","38TH ST / MEDICAL PKWY","SOUTHBOUND","LEFT TURN","true","2","11.5","4.95","41.25","58.195","7","8","2024","14","45","1","900"
"f84997b9fa0807676455a11e32abde2e","6653","2024-07-08T14:45:00.000","38TH ST / MEDICAL PKWY","SOUTHBOUND","RIGHT TURN","false","3","9.0","3.0","4.667","3.607","7","8","2024","14","45","1","900"
"232eab6a5b4b1c330e2bfeb31dec1805","6653","2024-07-08T14:45:00.000","38TH ST / MEDICAL PKWY","SOUTHBOUND","RIGHT TURN","true","12","9.833","5.202","10.333","12.984","7","8","2024","14","45","1","900"
"f70dad80b90f0f18c75c36f9455dab86","6653","2024-07-08T14:45:00.000","38TH ST / MEDICAL PKWY","SOUTHBOUND","THRU","false","6","19.833","13.243","17.967","19.144","7","8","2024","14","45","1","900"
"8684b378647d52e5357c526e748d390b","6653","2024-07-08T14:45:00.000","38TH ST / MEDICAL PKWY","SOUTHBOUND","THRU","true","2","16.5","7.778","16.75","23.122","7","8","2024","14","45","1","900"
"2f94850c503555d1e8b499b664aacc36","6653","2024-07-08T14:45:00.000","38TH ST / MEDICAL PKWY","WESTBOUND","LEFT TURN","false","5","13.6","2.408","12.84","17.674","7","8","2024","14","45","1","900"
"e9ffac6b4def7a1007b45014c0711e98","6653","2024-07-08T14:45:00.000","38TH ST / MEDICAL PKWY","WESTBOUND","RIGHT TURN","false","6","7.833","5.037","1.617","1.856","7","8","2024","14","45","1","900"
"f971177ef17e477fb2ac515b86f8607a","6653","2024-07-08T14:45:00.000","38TH ST / MEDICAL PKWY","WESTBOUND","RIGHT TURN","true","5","15.6","11.104","3.26","2.418","7","8","2024","14","45","1","900"
"20962bc92bfb50e0f16831dfb0c711af","6653","2024-07-08T14:45:00.000","38TH ST / MEDICAL PKWY","WESTBOUND","THRU","false","106","19.142","8.232","5.888","16.062","7","8","2024","14","45","1","900"
"5f7537425ec0908eea4aed273fd1604e","6653","2024-07-08T14:45:00.000","38TH ST / MEDICAL PKWY","WESTBOUND","THRU","true","41","24.171","7.918","2.098","6.824","7","8","2024","14","45","1","900"
"a933ab610e67bb4b95b1bf240ca6143b","6882","2024-07-08T14:45:00.000","AIRPORT BLVD / 51ST ST","EASTBOUND","LEFT TURN","false","15","10.533","4.518","23.753","39.21","7","8","2024","14","45","1","900"
"a541ae2a479173cba8c9e9b1d53fc448","6882","2024-07-08T14:45:00.000","AIRPORT BLVD / 51ST ST","EASTBOUND","LEFT TURN","true","1","12.0","0.0","1.8","0.0","7","8","2024","14","45","1","900"
"4094ada999deea0d57015e96c290ee56","6882","2024-07-08T14:45:00.000","AIRPORT BLVD / 51ST ST","EASTBOUND","RIGHT TURN","false","52","13.173","5.113","4.592","11.27","7","8","2024","14","45","1","900"
"975fce55a516fc766ca966af4e25d405","6882","2024-07-08T14:45:00.000","AIRPORT BLVD / 51ST ST","EASTBOUND","THRU","false","82","15.817","5.336","5.139","15.812","7","8","2024","14","45","1","900"
"03196e5dc89b21f8de0eedc1b9e559a3","6882","2024-07-08T14:45:00.000","AIRPORT BLVD / 51ST ST","EASTBOUND","THRU","true","8","17.25","4.713","1.638","0.686","7","8","2024","14","45","1","900"
"feaa1e27acf0fa8c9ec9f5eff38b6c61","6882","2024-07-08T14:45:00.000","AIRPORT BLVD / 51ST ST","NORTHBOUND","LEFT TURN","false","8","11.75","15.8","12.388","30.457","7","8","2024","14","45","1","900"
"a90c7cf9189582845075577d53d5442b","6882","2024-07-08T14:45:00.000","AIRPORT BLVD / 51ST ST","NORTHBOUND","LEFT TURN","true","4","7.0","2.16","1.575","1.603","7","8","2024","14","45","1","900"
"cdb285337be26c296ce7f0d63f42449c","6882","2024-07-08T14:45:00.000","AIRPORT BLVD / 51ST ST","NORTHBOUND","THRU","false","1","74.0","0.0","0.1","0.0","7","8","2024","14","45","1","900"
"aac988ebf984bef38762e752ac8481b0","6882","2024-07-08T14:45:00.000","AIRPORT BLVD / 51ST ST","NORTHBOUND","THRU","true","1","12.0","0.0","8.9","0.0","7","8","2024","14","45","1","900"
"c9ec9f65b0a101d362f4a611c4673fbd","6882","2024-07-08T14:45:00.000","AIRPORT BLVD / 51ST ST","SOUTHBOUND","LEFT TURN","false","1","17.0","0.0","0.5","0.0","7","8","2024","14","45","1","900"
"d16f45c6a4f322e4a05f4f61cb981306","6882","2024-07-08T14:45:00.000","AIRPORT BLVD / 51ST ST","SOUTHBOUND","RIGHT TURN","false","6","10.333","1.633","7.383","9.773","7","8","2024","14","45","1","900"
"97eaed38557e3adc07471006c6aad242","6882","2024-07-08T14:45:00.000","AIRPORT BLVD / 51ST ST","SOUTHBOUND","RIGHT TURN","true","1","11.0","0.0","3.6","0.0","7","8","2024","14","45","1","900"
"6cf845360d5a2a0c361edd665cd65fd5","6882","2024-07-08T14:45:00.000","AIRPORT BLVD / 51ST ST","SOUTHBOUND","THRU","false","84","28.464","11.414","10.867","19.795","7","8","2024","14","45","1","900"
"cf1f74b6ba3910af99d6d5faac53aea7","6882","2024-07-08T14:45:00.000","AIRPORT BLVD / 51ST ST","SOUTHBOUND","THRU","true","10","26.5","11.365","12.7","22.608","7","8","2024","14","45","1","900"
"ea940b305f9f83618d0bcf643add4444","6882","2024-07-08T14:45:00.000","AIRPORT BLVD / 51ST ST","WESTBOUND","LEFT TURN","false","8","3.625","5.68","8.688","12.041","7","8","2024","14","45","1","900"
"5ae53a3475452411412ccc8383951fd6","6882","2024-07-08T14:45:00.000","AIRPORT BLVD / 51ST ST","WESTBOUND","LEFT TURN","true","2","15.0","5.657","5.9","0.283","7","8","2024","14","45","1","900"
"6e51a3199f2040dc056ba2be1b8aab2b","6882","2024-07-08T14:45:00.000","AIRPORT BLVD / 51ST ST","WESTBOUND","RIGHT TURN","false","22","3.318","4.623","12.664","27.171","7","8","2024","14","45","1","900"
"d6359591b0c9ec2b464bf1f046fddffd","6882","2024-07-08T14:45:00.000","AIRPORT BLVD / 51ST ST","WESTBOUND","RIGHT TURN","true","1","2.0","0.0","6.2","0.0","7","8","2024","14","45","1","900"
"a4c13712ad1e6f5be10330bab1e11b1f","6882","2024-07-08T14:45:00.000","AIRPORT BLVD / 51ST ST","WESTBOUND","THRU","false","40","7.025","5.811","14.42","29.683","7","8","2024","14","45","1","900"
"89085b7dbcb67f266e015a249f2dbf42","6882","2024-07-08T14:45:00.000","AIRPORT BLVD / 51ST ST","WESTBOUND","THRU","true","10","5.3","5.034","10.81","27.043","7","8","2024","14","45","1","900"
"8798594e45220c0364def9ebf73e3fea","7038","2024-07-08T14:45:00.000","ANDERSON LN / SHOAL CREEK BLVD","EASTBOUND","LEFT TURN","false","44","13.477","2.774","0.0","0.0","7","8","2024","14","45","1","900"
"c3fd38a29787fa8e2ab0f96f6d00cbca","7038","2024-07-08T14:45:00.000","ANDERSON LN / SHOAL CREEK BLVD","EASTBOUND","LEFT TURN","true","2","12.0","2.828","0.0","0.0","7","8","2024","14","45","1","900"
"b6e1413514cb3fef2a70ed70222a25df","7038","2024-07-08T14:45:00.000","ANDERSON LN / SHOAL CREEK BLVD","EASTBOUND","RIGHT TURN","false","35","11.0","3.819","0.0","0.0","7","8","2024","14","45","1","900"
"3d19700b8e85c1e2779ba5007dee7c9f","7038","2024-07-08T14:45:00.000","ANDERSON LN / SHOAL CREEK BLVD","EASTBOUND","RIGHT TURN","true","1","5.0","0.0","0.0","0.0","7","8","2024","14","45","1","900"
"6f575edb727f940a671f5c58285505d7","7038","2024-07-08T14:45:00.000","ANDERSON LN / SHOAL CREEK BLVD","EASTBOUND","THRU","false","193","22.72","7.7","-0.047","0.211","7","8","2024","14","45","1","900"
"ef633255089e445bf97c427f90f0d7e2","7038","2024-07-08T14:45:00.000","ANDERSON LN / SHOAL CREEK BLVD","EASTBOUND","THRU","true","4","18.75","4.787","-0.25","0.5","7","8","2024","14","45","1","900"
"504bd774816408523f02186017489fc4","7038","2024-07-08T14:45:00.000","ANDERSON LN / SHOAL CREEK BLVD","NORTHBOUND","LEFT TURN","false","60","11.617","4.614","-0.183","0.39","7","8","2024","14","45","1","900"
"c1764186675b58eb37274c0a5796e65b","7038","2024-07-08T14:45:00.000","ANDERSON LN / SHOAL CREEK BLVD","NORTHBOUND","LEFT TURN","true","5","10.0","5.431","-0.4","0.548","7","8","2024","14","45","1","900"
"1fbe56c999a546c380f5c02138fa4094","7038","2024-07-08T14:45:00.000","ANDERSON LN / SHOAL CREEK BLVD","NORTHBOUND","RIGHT TURN","false","8","6.5","4.309","0.0","0.0","7","8","2024","14","45","1","900"
"edde2c01ff4eb23b16d3a9b932d11526","7038","2024-07-08T14:45:00.000","ANDERSON LN / SHOAL CREEK BLVD","NORTHBOUND","RIGHT TURN","true","1","0.0","0.0","0.0","0.0","7","8","2024","14","45","1","900"
"4f6d33e124675c6c0dd464080bc05404","7038","2024-07-08T14:45:00.000","ANDERSON LN / SHOAL CREEK BLVD","NORTHBOUND","THRU","false","27","12.333","6.312","-0.111","0.32","7","8","2024","14","45","1","900"
"37b7d5390599c28664cb2c82bd4c18ed","7038","2024-07-08T14:45:00.000","ANDERSON LN / SHOAL CREEK BLVD","NORTHBOUND","THRU","true","2","10.5","2.121","0.0","0.0","7","8","2024","14","45","1","900"
"f36aad2e73604953594873d10841c52d","7038","2024-07-08T14:45:00.000","ANDERSON LN / SHOAL CREEK BLVD","SOUTHBOUND","LEFT TURN","false","35","11.543","2.954","-0.086","0.284","7","8","2024","14","45","1","900"
"856b5b37cde2e88ef60a35c9556bd86b","7038","2024-07-08T14:45:00.000","ANDERSON LN / SHOAL CREEK BLVD","SOUTHBOUND","LEFT TURN","true","1","3.0","0.0","0.0","0.0","7","8","2024","14","45","1","900"
"0d909e992faea8a866d198ec1b5408d4","7038","2024-07-08T14:45:00.000","ANDERSON LN / SHOAL CREEK BLVD","SOUTHBOUND","RIGHT TURN","false","25","5.96","3.02","-0.04","0.2","7","8","2024","14","45","1","900"
"de2d54167d59b223610ffa68c65460ee","7038","2024-07-08T14:45:00.000","ANDERSON LN / SHOAL CREEK BLVD","SOUTHBOUND","RIGHT TURN","true","1","7.0","0.0","0.0","0.0","7","8","2024","14","45","1","900"
"df7aaaa419505e033d93a7aabecae88a","7038","2024-07-08T14:45:00.000","ANDERSON LN / SHOAL CREEK BLVD","SOUTHBOUND","THRU","false","24","11.333","5.917","0.0","0.0","7","8","2024","14","45","1","900"
"a9084cee5dee417c7eb4cc06d5e045c6","7038","2024-07-08T14:45:00.000","ANDERSON LN / SHOAL CREEK BLVD","SOUTHBOUND","THRU","true","2","8.0","2.828","0.0","0.0","7","8","2024","14","45","1","900"
"1803e243e8b5e6983016f00c07bc5805","7038","2024-07-08T14:45:00.000","ANDERSON LN / SHOAL CREEK BLVD","WESTBOUND","LEFT TURN","false","11","13.091","20.811","-0.364","0.505","7","8","2024","14","45","1","900"
"f84cff9eebed3170c7a72cd8ed817048","7038","2024-07-08T14:45:00.000","ANDERSON LN / SHOAL CREEK BLVD","WESTBOUND","THRU","false","167","18.749","6.385","-0.587","0.494","7","8","2024","14","45","1","900"
"81e949248471aec04aa5438acad92761","7038","2024-07-08T14:45:00.000","ANDERSON LN / SHOAL CREEK BLVD","WESTBOUND","THRU","true","19","17.053","4.062","-0.684","0.478","7","8","2024","14","45","1","900"
"8318c9b1148f91e79076650aa473b673","7343","2024-07-08T14:45:00.000","RIVERSIDE DR / BURTON DR","EASTBOUND","LEFT TURN","false","9","12.444","1.878","65.222","48.408","7","8","2024","14","45","1","900"
"a993d0ea2527dffbaf183a31631b2915","7343","2024-07-08T14:45:00.000","RIVERSIDE DR / BURTON DR","EASTBOUND","LEFT TURN","true","3","12.333","0.577","22.667","35.978","7","8","2024","14","45","1","900"
"8e89a342d0d3fef8ee7d0af37d61372c","7343","2024-07-08T14:45:00.000","RIVERSIDE DR / BURTON DR","EASTBOUND","THRU","false","48","33.312","12.131","5.877","14.072","7","8","2024","14","45","1","900"
"fab9df47affd1e6be56725f85fd58819","7343","2024-07-08T14:45:00.000","RIVERSIDE DR / BURTON DR","EASTBOUND","THRU","true","187","33.765","10.369","3.089","8.839","7","8","2024","14","45","1","900"
"52fedea3b8538393cf2d26a34bbbfcb0","7343","2024-07-08T14:45:00.000","RIVERSIDE DR / BURTON DR","EASTBOUND","U-TURN","false","1","8.0","0.0","61.1","0.0","7","8","2024","14","45","1","900"
"cd338ca353dcf65430f7f411e3893771","7343","2024-07-08T14:45:00.000","RIVERSIDE DR / BURTON DR","NORTHBOUND","LEFT TURN","false","9","21.667","7.483","48.267","65.319","7","8","2024","14","45","1","900"
"884e2fe127a40100884562fcbcff945e","7343","2024-07-08T14:45:00.000","RIVERSIDE DR / BURTON DR","NORTHBOUND","LEFT TURN","true","1","24.0","0.0","87.6","0.0","7","8","2024","14","45","1","900"
"c18344ed48f2c3d94fcf671df2a31310","7343","2024-07-08T14:45:00.000","RIVERSIDE DR / BURTON DR","NORTHBOUND","THRU","false","8","22.125","17.948","0.75","0.835","7","8","2024","14","45","1","900"
"50c7b8eecdbd1a51bf1fd20e8e5fd421","7343","2024-07-08T14:45:00.000","RIVERSIDE DR / BURTON DR","NORTHBOUND","THRU","true","3","14.667","16.166","22.233","35.18","7","8","2024","14","45","1","900"
"1b0726d8e9322163e6faf38385faf4c0","7343","2024-07-08T14:45:00.000","RIVERSIDE DR / BURTON DR","SOUTHBOUND","LEFT TURN","false","7","18.857","4.1","35.643","55.316","7","8","2024","14","45","1","900"
"4dfcefb3095773648092eba681cabaf7","7343","2024-07-08T14:45:00.000","RIVERSIDE DR / BURTON DR","SOUTHBOUND","LEFT TURN","true","9","17.444","2.128","59.667","41.468","7","8","2024","14","45","1","900"
"788a4623ae3abd4b598f4c1dcd2c5acd","7343","2024-07-08T14:45:00.000","RIVERSIDE DR / BURTON DR","SOUTHBOUND","RIGHT TURN","false","19","9.579","1.305","6.663","10.285","7","8","2024","14","45","1","900"
"e7f8746e6f3e1de8e5d6452676febba6","7343","2024-07-08T14:45:00.000","RIVERSIDE DR / BURTON DR","SOUTHBOUND","THRU","false","8","19.5","8.652","11.962","29.484","7","8","2024","14","45","1","900"
"88eac8491030d5dbbaaae5234ddf7c10","7343","2024-07-08T14:45:00.000","RIVERSIDE DR / BURTON DR","SOUTHBOUND","THRU","true","11","15.636","3.202","27.009","39.782","7","8","2024","14","45","1","900"
"9443a0214c732aa5046b5aa01a8898f8","7343","2024-07-08T14:45:00.000","RIVERSIDE DR / BURTON DR","WESTBOUND","LEFT TURN","false","16","10.562","2.581","19.444","41.724","7","8","2024","14","45","1","900"
"5e2beaff4ec1b5dcd0bac1924c2e84d5","7343","2024-07-08T14:45:00.000","RIVERSIDE DR / BURTON DR","WESTBOUND","LEFT TURN","true","2","18.0","12.728","0.4","0.141","7","8","2024","14","45","1","900"
"c014254f74fa705ca91aca102b6793f5","7343","2024-07-08T14:45:00.000","RIVERSIDE DR / BURTON DR","WESTBOUND","RIGHT TURN","false","9","3.111","7.639","1.644","0.986","7","8","2024","14","45","1","900"
"1ba1148b41a83e0645c284500f727a23","7343","2024-07-08T14:45:00.000","RIVERSIDE DR / BURTON DR","WESTBOUND","RIGHT TURN","true","2","6.0","8.485","5.3","3.111","7","8","2024","14","45","1","900"
"10e56e16bcb6e9ee073e4711896cbec4","7343","2024-07-08T14:45:00.000","RIVERSIDE DR / BURTON DR","WESTBOUND","THRU","false","198","33.258","15.996","4.844","14.43","7","8","2024","14","45","1","900"
"a8b58889e0b5562a7a4c9b11b6d17327","7343","2024-07-08T14:45:00.000","RIVERSIDE DR / BURTON DR","WESTBOUND","THRU","true","13","35.692","21.945","1.238","1.272","7","8","2024","14","45","1","900"
"771565fb58e49238817ccb5823071b9d","6382","2024-07-08T14:45:00.000","FM 620 RD / DEERBROOK TRL","EASTBOUND","LEFT TURN","false","2","25.0","18.385","8.15","11.384","7","8","2024","14","45","1","900"
"42df8b7cc47634c86f2dc4bea2a4d50f","6382","2024-07-08T14:45:00.000","FM 620 RD / DEERBROOK TRL","EASTBOUND","RIGHT TURN","false","1","15.0","0.0","1.1","0.0","7","8","2024","14","45","1","900"
"92c3ad5e7fcc4dea6a07917abe37595a","6382","2024-07-08T14:45:00.000","FM 620 RD / DEERBROOK TRL","EASTBOUND","THRU","false","250","35.876","9.757","1.272","2.036","7","8","2024","14","45","1","900"
"7f58679091ed99631837e0dd97c6408d","6382","2024-07-08T14:45:00.000","FM 620 RD / DEERBROOK TRL","EASTBOUND","THRU","true","13","30.692","14.355","1.623","2.278","7","8","2024","14","45","1","900"
"d69b7d73d458b10c17c628618e447bf3","6382","2024-07-08T14:45:00.000","FM 620 RD / DEERBROOK TRL","NORTHBOUND","LEFT TURN","false","2","6.5","0.707","61.85","87.328","7","8","2024","14","45","1","900"
"ac701ede1ce48e769d570a0e2935fbad","6382","2024-07-08T14:45:00.000","FM 620 RD / DEERBROOK TRL","NORTHBOUND","RIGHT TURN","false","24","4.292","2.956","8.125","11.559","7","8","2024","14","45","1","900"
"d76721ce7767f17266c9010ac4b63b77","6382","2024-07-08T14:45:00.000","FM 620 RD / DEERBROOK TRL","NORTHBOUND","THRU","false","1","238.0","0.0","0.1","0.0","7","8","2024","14","45","1","900"
"d82afa901d154fec8b08d8e59cd28c51","6382","2024-07-08T14:45:00.000","FM 620 RD / DEERBROOK TRL","SOUTHBOUND","LEFT TURN","false","1","7.0","0.0","78.4","0.0","7","8","2024","14","45","1","900"
"2d0e87a1d7a7231cdd11e3c1b3cadf64","6382","2024-07-08T14:45:00.000","FM 620 RD / DEERBROOK TRL","WESTBOUND","LEFT TURN","false","13","10.462","4.484","2.062","2.213","7","8","2024","14","45","1","900"
"a8a234c9724cbf7ce6dfe9d226563824","6382","2024-07-08T14:45:00.000","FM 620 RD / DEERBROOK TRL","WESTBOUND","THRU","false","332","35.913","7.104","1.215","2.923","7","8","2024","14","45","1","900"
"b1f2fed1be40b74c8575fb961bf319f7","6382","2024-07-08T14:45:00.000","FM 620 RD / DEERBROOK TRL","WESTBOUND","THRU","true","20","38.25","5.665","0.825","0.299","7","8","2024","14","45","1","900"
"158eb3a79bdb0414a4b228a55ab9298e","6881","2024-07-08T14:45:00.000","SLAUGHTER LN / LINDSHIRE LN","EASTBOUND","RIGHT TURN","false","10","11.2","3.327","6.3","9.525","7","8","2024","14","45","1","900"
"f61b26e87c1aac8c38bc769e4770885d","6881","2024-07-08T14:45:00.000","SLAUGHTER LN / LINDSHIRE LN","EASTBOUND","THRU","false","225","28.636","10.229","2.513","5.248","7","8","2024","14","45","1","900"
"8bf1da0f953f74933baa5a8728a14b20","6881","2024-07-08T14:45:00.000","SLAUGHTER LN / LINDSHIRE LN","EASTBOUND","THRU","true","13","28.462","10.429","3.7","7.788","7","8","2024","14","45","1","900"
"bb804a7cd59dfa09135e36753789374f","6881","2024-07-08T14:45:00.000","SLAUGHTER LN / LINDSHIRE LN","NORTHBOUND","LEFT TURN","false","26","10.0","24.108","23.104","33.194","7","8","2024","14","45","1","900"
"47e06c08ee651647dcdec3d64c17e4fd","6881","2024-07-08T14:45:00.000","SLAUGHTER LN / LINDSHIRE LN","NORTHBOUND","RIGHT TURN","false","4","0.25","0.5","36.375","41.888","7","8","2024","14","45","1","900"
"8cfa1bd45b7f9259d68defe06caa8f06","6881","2024-07-08T14:45:00.000","SLAUGHTER LN / LINDSHIRE LN","NORTHBOUND","THRU","false","1","244.0","0.0","0.3","0.0","7","8","2024","14","45","1","900"
"6a7f4aeb26fd56d2193a1a24e51ae375","6881","2024-07-08T14:45:00.000","SLAUGHTER LN / LINDSHIRE LN","SOUTHBOUND","LEFT TURN","false","2","12.5","7.778","2.1","2.546","7","8","2024","14","45","1","900"
"9520dd2e1d060c4244f04adf29d79c12","6881","2024-07-08T14:45:00.000","SLAUGHTER LN / LINDSHIRE LN","SOUTHBOUND","RIGHT TURN","true","1","5.0","0.0","11.5","0.0","7","8","2024","14","45","1","900"
"8848f8e6175a16bab61a80610f867650","6881","2024-07-08T14:45:00.000","SLAUGHTER LN / LINDSHIRE LN","WESTBOUND","LEFT TURN","false","6","11.833","2.858","3.75","4.198","7","8","2024","14","45","1","900"
"b42ec8b96aca6fdb19d3cd94c5d4620f","6881","2024-07-08T14:45:00.000","SLAUGHTER LN / LINDSHIRE LN","WESTBOUND","RIGHT TURN","false","3","10.333","1.528","2.167","1.332","7","8","2024","14","45","1","900"
"eec54672bf4cce9c60b39f3f0fe6d109","6881","2024-07-08T14:45:00.000","SLAUGHTER LN / LINDSHIRE LN","WESTBOUND","THRU","false","184","28.103","6.291","1.678","2.47","7","8","2024","14","45","1","900"
"57dfc1892397c1da955fc76fcfef30ce","6881","2024-07-08T14:45:00.000","SLAUGHTER LN / LINDSHIRE LN","WESTBOUND","THRU","true","12","28.25","7.008","1.217","1.157","7","8","2024","14","45","1","900"
"e8d951ff1f2a0c640c093bae269ce7dd","6808","2024-07-08T14:45:00.000","OLTORF ST / 4TH ST","EASTBOUND","LEFT TURN","false","4","3.75","1.893","15.5","28.944","7","8","2024","14","45","1","900"
"9e87b643c4c0dc7029707cc60eba6a2f","6808","2024-07-08T14:45:00.000","OLTORF ST / 4TH ST","EASTBOUND","RIGHT TURN","false","11","5.727","3.717","8.527","16.778","7","8","2024","14","45","1","900"
"c39119b02745dce3b9c3478db7011e8d","6808","2024-07-08T14:45:00.000","OLTORF ST / 4TH ST","EASTBOUND","THRU","false","49","9.51","14.834","7.896","21.317","7","8","2024","14","45","1","900"
"389395834a5944f4f4ef4f90de61fe51","6808","2024-07-08T14:45:00.000","OLTORF ST / 4TH ST","EASTBOUND","THRU","true","1","4.0","0.0","58.7","0.0","7","8","2024","14","45","1","900"
"8bb8dcfeb5e4fb7825875b09441fe143","6808","2024-07-08T14:45:00.000","OLTORF ST / 4TH ST","NORTHBOUND","LEFT TURN","false","18","14.722","24.149","15.55","29.657","7","8","2024","14","45","1","900"
"85063a3fa98cba8d6f068df162d61347","6808","2024-07-08T14:45:00.000","OLTORF ST / 4TH ST","NORTHBOUND","RIGHT TURN","false","14","5.0","1.961","7.157","14.65","7","8","2024","14","45","1","900"
"ebd004c9b59960616b062c0568d87280","6808","2024-07-08T14:45:00.000","OLTORF ST / 4TH ST","NORTHBOUND","THRU","false","54","10.963","14.33","4.565","12.373","7","8","2024","14","45","1","900"
"6f7872ca539147db7802b86f427e7c96","6808","2024-07-08T14:45:00.000","OLTORF ST / 4TH ST","SOUTHBOUND","LEFT TURN","false","17","6.118","0.993","9.547","24.519","7","8","2024","14","45","1","900"
"bf6fe85a8091366255963f646dfc49f8","6808","2024-07-08T14:45:00.000","OLTORF ST / 4TH ST","SOUTHBOUND","LEFT TURN","true","1","7.0","0.0","0.1","0.0","7","8","2024","14","45","1","900"
"c6b25d426490a395e59c5150223693ef","6808","2024-07-08T14:45:00.000","OLTORF ST / 4TH ST","SOUTHBOUND","RIGHT TURN","false","8","7.125","1.126","2.738","1.119","7","8","2024","14","45","1","900"
"247011ddd32224f27b1e5b3ea3489e12","6808","2024-07-08T14:45:00.000","OLTORF ST / 4TH ST","SOUTHBOUND","THRU","false","74","11.486","5.18","8.469","19.826","7","8","2024","14","45","1","900"
"65511b8f34258d58c0fccf4e47d05cab","6808","2024-07-08T14:45:00.000","OLTORF ST / 4TH ST","WESTBOUND","LEFT TURN","false","9","5.889","1.616","10.678","30.535","7","8","2024","14","45","1","900"
"b76670bc4d35c005f1d99cd459e55be9","6808","2024-07-08T14:45:00.000","OLTORF ST / 4TH ST","WESTBOUND","LEFT TURN","true","1","6.0","0.0","0.4","0.0","7","8","2024","14","45","1","900"
"06a84d346eb620ee48572ba7584f9e2b","6808","2024-07-08T14:45:00.000","OLTORF ST / 4TH ST","WESTBOUND","RIGHT TURN","false","6","5.0","0.894","4.6","1.39","7","8","2024","14","45","1","900"
"5c0a474cfed77e2e74b0ecae81ac9e47","6808","2024-07-08T14:45:00.000","OLTORF ST / 4TH ST","WESTBOUND","THRU","false","57","8.702","2.299","16.951","25.848","7","8","2024","14","45","1","900"
"caaf475c555a983b8b73499f27c2f5d4","6808","2024-07-08T14:45:00.000","OLTORF ST / 4TH ST","WESTBOUND","THRU","true","3","7.667","3.215","1.833","1.422","7","8","2024","14","45","1","900"
"85814029a55c3c1e1258ff24cdf9866f","6653","2024-07-08T14:30:00.000","38TH ST / MEDICAL PKWY","EASTBOUND","LEFT TURN","false","12","11.417","5.384","13.442","31.361","7","8","2024","14","30","1","900"
"3e4d580dbbba30021a4aeaa17525fab9","6653","2024-07-08T14:30:00.000","38TH ST / MEDICAL PKWY","EASTBOUND","LEFT TURN","true","11","15.545","4.156","6.855","17.488","7","8","2024","14","30","1","900"
"978d979e7f486d0a4c0914bbbf5cb333","6653","2024-07-08T14:30:00.000","38TH ST / MEDICAL PKWY","EASTBOUND","RIGHT TURN","false","20","9.7","3.147","2.81","7.065","7","8","2024","14","30","1","900"
"e05f130e2edf0a4fb00c14a231dd86b4","6653","2024-07-08T14:30:00.000","38TH ST / MEDICAL PKWY","EASTBOUND","RIGHT TURN","true","1","9.0","0.0","0.4","0.0","7","8","2024","14","30","1","900"
"81187e069b1f1cbf55df3215486739ad","6653","2024-07-08T14:30:00.000","38TH ST / MEDICAL PKWY","EASTBOUND","THRU","false","160","16.381","5.577","13.356","24.175","7","8","2024","14","30","1","900"
"83884a534c796547da01ed9a3c7a8717","6653","2024-07-08T14:30:00.000","38TH ST / MEDICAL PKWY","EASTBOUND","THRU","true","20","16.1","5.534","17.46","28.615","7","8","2024","14","30","1","900"
"25c8ba6eb93b353f49acdd5717dc7efe","6653","2024-07-08T14:30:00.000","38TH ST / MEDICAL PKWY","NORTHBOUND","LEFT TURN","false","7","5.857","3.237","56.029","38.158","7","8","2024","14","30","1","900"
"0a53f7b6fe6da061ae8e24a307ebc18c","6653","2024-07-08T14:30:00.000","38TH ST / MEDICAL PKWY","NORTHBOUND","LEFT TURN","true","1","12.0","0.0","0.5","0.0","7","8","2024","14","30","1","900"
"9de4527ea5d8dbe0870fbd7e47625f72","6653","2024-07-08T14:30:00.000","38TH ST / MEDICAL PKWY","NORTHBOUND","RIGHT TURN","false","17","6.471","8.61","16.5","21.987","7","8","2024","14","30","1","900"
"b65da1083f0c6983f58b82fcbcaad1f1","6653","2024-07-08T14:30:00.000","38TH ST / MEDICAL PKWY","NORTHBOUND","RIGHT TURN","true","3","10.0","13.0","15.667","14.098","7","8","2024","14","30","1","900"
"235d8941a7047f73037c3bfc78d218ec","6653","2024-07-08T14:30:00.000","38TH ST / MEDICAL PKWY","NORTHBOUND","THRU","false","12","7.417","9.199","38.525","38.458","7","8","2024","14","30","1","900"
"4beec2120decc7f7016876f372ff0a0a","6653","2024-07-08T14:30:00.000","38TH ST / MEDICAL PKWY","NORTHBOUND","THRU","true","1","3.0","0.0","3.1","0.0","7","8","2024","14","30","1","900"
"e4b7647a6cbd7bcb10944ad1477fdf6c","6653","2024-07-08T14:30:00.000","38TH ST / MEDICAL PKWY","SOUTHBOUND","LEFT TURN","false","16","15.188","6.21","22.825","34.19","7","8","2024","14","30","1","900"
"d27dcd7e9a63531aa0dc0ab887596e1a","6653","2024-07-08T14:30:00.000","38TH ST / MEDICAL PKWY","SOUTHBOUND","LEFT TURN","true","1","15.0","0.0","5.5","0.0","7","8","2024","14","30","1","900"
"ae9536cb22d11552b2c1a813dab9bc03","6653","2024-07-08T14:30:00.000","38TH ST / MEDICAL PKWY","SOUTHBOUND","RIGHT TURN","false","2","7.5","0.707","33.05","24.819","7","8","2024","14","30","1","900"
"ebb1bf322fb5a7220f0824c904a1230d","6653","2024-07-08T14:30:00.000","38TH ST / MEDICAL PKWY","SOUTHBOUND","RIGHT TURN","true","11","11.455","2.067","10.009","15.987","7","8","2024","14","30","1","900"
"17a3dec3cd019829343eea656fad2bd0","6653","2024-07-08T14:30:00.000","38TH ST / MEDICAL PKWY","SOUTHBOUND","THRU","false","18","13.944","5.703","39.194","35.013","7","8","2024","14","30","1","900"
"c4b4aa9aff8691d7cf5be97ea31a90ec","6653","2024-07-08T14:30:00.000","38TH ST / MEDICAL PKWY","SOUTHBOUND","THRU","true","1","9.0","0.0","19.1","0.0","7","8","2024","14","30","1","900"
"3c0feffe63ad97ec1b185e1b2e1aa721","6653","2024-07-08T14:30:00.000","38TH ST / MEDICAL PKWY","WESTBOUND","LEFT TURN","false","4","11.5","7.326","26.3","52.201","7","8","2024","14","30","1","900"
"ff9a252d42e8db9dd252d62601250ee5","6653","2024-07-08T14:30:00.000","38TH ST / MEDICAL PKWY","WESTBOUND","LEFT TURN","true","2","18.0","5.657","24.95","34.578","7","8","2024","14","30","1","900"
"3923ca93293b6e179a566a4617ac59b5","6653","2024-07-08T14:30:00.000","38TH ST / MEDICAL PKWY","WESTBOUND","RIGHT TURN","false","6","13.0","3.406","5.133","8.679","7","8","2024","14","30","1","900"
"bb756e7c256edc7e96646d2630c719de","6653","2024-07-08T14:30:00.000","38TH ST / MEDICAL PKWY","WESTBOUND","RIGHT TURN","true","3","12.0","3.0","3.3","2.858","7","8","2024","14","30","1","900"
"ad613b15b3e90aea1158b048433c8c38","6653","2024-07-08T14:30:00.000","38TH ST / MEDICAL PKWY","WESTBOUND","THRU","false","118","18.475","6.045","6.975","19.016","7","8","2024","14","30","1","900"
"0db5f978280869f38a9c7486e3db11c3","6653","2024-07-08T14:30:00.000","38TH ST / MEDICAL PKWY","WESTBOUND","THRU","true","60","22.2","8.714","6.147","20.526","7","8","2024","14","30","1","900"
"d415917cd6f76d0b551a606c09a6c895","6882","2024-07-08T14:30:00.000","AIRPORT BLVD / 51ST ST","EASTBOUND","LEFT TURN","false","1","4.0","0.0","0.0","0.0","7","8","2024","14","30","1","900"
"337224594085143e742d2375de062c41","6882","2024-07-08T14:30:00.000","AIRPORT BLVD / 51ST ST","EASTBOUND","RIGHT TURN","false","26","10.923","5.011","5.723","7.715","7","8","2024","14","30","1","900"
"aa47c0f44cb2364e7bc90cb15a4efccc","6882","2024-07-08T14:30:00.000","AIRPORT BLVD / 51ST ST","EASTBOUND","RIGHT TURN","true","1","10.0","0.0","3.6","0.0","7","8","2024","14","30","1","900"
"4ab84e1a336222e5c30b0611321b4280","6882","2024-07-08T14:30:00.000","AIRPORT BLVD / 51ST ST","EASTBOUND","THRU","false","53","13.509","4.539","7.002","15.183","7","8","2024","14","30","1","900"
"6d813973513d9b06a1d9ffa41f9435f2","6882","2024-07-08T14:30:00.000","AIRPORT BLVD / 51ST ST","EASTBOUND","THRU","true","13","15.462","3.332","2.038","1.523","7","8","2024","14","30","1","900"
"d81a0f6f13514dc56864a8750b90010b","6882","2024-07-08T14:30:00.000","AIRPORT BLVD / 51ST ST","NORTHBOUND","LEFT TURN","false","9","6.333","4.416","11.511","29.144","7","8","2024","14","30","1","900"
"021bbac88947f8ae24710c2d55cc168b","6882","2024-07-08T14:30:00.000","AIRPORT BLVD / 51ST ST","NORTHBOUND","LEFT TURN","true","1","16.0","0.0","2.3","0.0","7","8","2024","14","30","1","900"
"6aa47f5cfa9295fc05cd50f00ac04c7f","6882","2024-07-08T14:30:00.000","AIRPORT BLVD / 51ST ST","NORTHBOUND","THRU","true","1","20.0","0.0","0.6","0.0","7","8","2024","14","30","1","900"
"b324a15f82116ee50916bace1f156069","6882","2024-07-08T14:30:00.000","AIRPORT BLVD / 51ST ST","SOUTHBOUND","LEFT TURN","false","1","15.0","0.0","1.1","0.0","7","8","2024","14","30","1","900"
"e81312ff2903e4b28365512461e7945b","6882","2024-07-08T14:30:00.000","AIRPORT BLVD / 51ST ST","SOUTHBOUND","LEFT TURN","true","1","9.0","0.0","0.0","0.0","7","8","2024","14","30","1","900"
"9feb7364002f30150a07cd1681f94cd3","6882","2024-07-08T14:30:00.000","AIRPORT BLVD / 51ST ST","SOUTHBOUND","RIGHT TURN","false","6","10.5","1.517","9.533","16.371","7","8","2024","14","30","1","900"
"f206bab098e2ad220f3d49064d5ed6ff","6882","2024-07-08T14:30:00.000","AIRPORT BLVD / 51ST ST","SOUTHBOUND","RIGHT TURN","true","1","13.0","0.0","2.9","0.0","7","8","2024","14","30","1","900"
"0db03a0468c4d5ce01f5b9ef5179d886","6882","2024-07-08T14:30:00.000","AIRPORT BLVD / 51ST ST","SOUTHBOUND","THRU","false","114","31.746","11.76","8.382","16.221","7","8","2024","14","30","1","900"
"a4a96337b69e84b493047a793821df37","6882","2024-07-08T14:30:00.000","AIRPORT BLVD / 51ST ST","SOUTHBOUND","THRU","true","18","33.111","13.181","11.061","21.673","7","8","2024","14","30","1","900"
"3996a25e24a9571edb559fd571723de0","6882","2024-07-08T14:30:00.000","AIRPORT BLVD / 51ST ST","WESTBOUND","LEFT TURN","false","5","5.2","2.95","18.24","20.326","7","8","2024","14","30","1","900"
"6ef8975ef3b3746e1fc42037ac928cdc","6882","2024-07-08T14:30:00.000","AIRPORT BLVD / 51ST ST","WESTBOUND","LEFT TURN","true","1","0.0","0.0","65.7","0.0","7","8","2024","14","30","1","900"
"890cec0844712b64dd9ce54bfe9ce497","6882","2024-07-08T14:30:00.000","AIRPORT BLVD / 51ST ST","WESTBOUND","RIGHT TURN","false","9","4.778","10.756","5.044","4.293","7","8","2024","14","30","1","900"
"0d4864b0085443f2d31adb924ff1208d","6882","2024-07-08T14:30:00.000","AIRPORT BLVD / 51ST ST","WESTBOUND","RIGHT TURN","true","3","1.333","2.309","0.833","1.185","7","8","2024","14","30","1","900"
"c11b13eed2b97534a9707c1aab16432c","6882","2024-07-08T14:30:00.000","AIRPORT BLVD / 51ST ST","WESTBOUND","THRU","false","28","4.429","4.307","15.818","28.6","7","8","2024","14","30","1","900"
"8dde24e6b510112317d763b6b0777f86","6882","2024-07-08T14:30:00.000","AIRPORT BLVD / 51ST ST","WESTBOUND","THRU","true","12","6.167","5.921","28.0","36.801","7","8","2024","14","30","1","900"
"f8905fcad869cc403d0c5c38c8180172","7038","2024-07-08T14:30:00.000","ANDERSON LN / SHOAL CREEK BLVD","EASTBOUND","LEFT TURN","false","26","13.808","3.15","0.0","0.0","7","8","2024","14","30","1","900"
"1f6ec69b1ce89a270ea5d6c3e39557ef","7038","2024-07-08T14:30:00.000","ANDERSON LN / SHOAL CREEK BLVD","EASTBOUND","LEFT TURN","true","3","12.0","5.196","0.0","0.0","7","8","2024","14","30","1","900"
"930ed20f5f73411c6f17f317879f78c6","7038","2024-07-08T14:30:00.000","ANDERSON LN / SHOAL CREEK BLVD","EASTBOUND","RIGHT TURN","false","23","11.391","4.175","0.0","0.0","7","8","2024","14","30","1","900"
"7e48d45c7c5be3b7d593a20d7ebce30d","7038","2024-07-08T14:30:00.000","ANDERSON LN / SHOAL CREEK BLVD","EASTBOUND","THRU","false","173","24.058","10.21","-0.017","0.131","7","8","2024","14","30","1","900"
"7a7d0646ccc990c3bd3bbfb2b66a6f10","7038","2024-07-08T14:30:00.000","ANDERSON LN / SHOAL CREEK BLVD","EASTBOUND","THRU","true","5","19.8","3.347","0.0","0.0","7","8","2024","14","30","1","900"
"21ee8990a933096e128a2a5ddfa99b4a","7038","2024-07-08T14:30:00.000","ANDERSON LN / SHOAL CREEK BLVD","NORTHBOUND","LEFT TURN","false","59","11.271","5.219","-0.322","0.471","7","8","2024","14","30","1","900"
"b0287f1e57b02e09452c6710bc0565b3","7038","2024-07-08T14:30:00.000","ANDERSON LN / SHOAL CREEK BLVD","NORTHBOUND","LEFT TURN","true","4","7.0","3.559","-0.25","0.5","7","8","2024","14","30","1","900"
"31e2d64c9c50bd37c0b72c42d4e148b1","7038","2024-07-08T14:30:00.000","ANDERSON LN / SHOAL CREEK BLVD","NORTHBOUND","RIGHT TURN","false","11","9.455","14.024","-0.364","0.505","7","8","2024","14","30","1","900"
"c8385ed5a79a9bcecd0b9cd5babbbdba","7038","2024-07-08T14:30:00.000","ANDERSON LN / SHOAL CREEK BLVD","NORTHBOUND","THRU","false","26","11.269","5.807","-0.192","0.402","7","8","2024","14","30","1","900"
"5ae07e407b43038edc5c0a44dbb08a44","7038","2024-07-08T14:30:00.000","ANDERSON LN / SHOAL CREEK BLVD","NORTHBOUND","U-TURN","true","1","13.0","0.0","0.0","0.0","7","8","2024","14","30","1","900"
"b285e436d04ce89f400dd70077b69814","7038","2024-07-08T14:30:00.000","ANDERSON LN / SHOAL CREEK BLVD","SOUTHBOUND","LEFT TURN","false","39","10.513","3.641","-0.051","0.223","7","8","2024","14","30","1","900"
"0f09e9c7ccd622a1a66e374156950134","7038","2024-07-08T14:30:00.000","ANDERSON LN / SHOAL CREEK BLVD","SOUTHBOUND","LEFT TURN","true","1","14.0","0.0","0.0","0.0","7","8","2024","14","30","1","900"
"233e8037935c338f8ed5b4446a99b5e9","7038","2024-07-08T14:30:00.000","ANDERSON LN / SHOAL CREEK BLVD","SOUTHBOUND","RIGHT TURN","false","37","6.081","2.881","0.0","0.0","7","8","2024","14","30","1","900"
"0987182020ed1bfd8e2c717846de43ec","7038","2024-07-08T14:30:00.000","ANDERSON LN / SHOAL CREEK BLVD","SOUTHBOUND","RIGHT TURN","true","2","2.5","0.707","0.0","0.0","7","8","2024","14","30","1","900"
"37f9e9589149686d0d30655500dbc7b6","7038","2024-07-08T14:30:00.000","ANDERSON LN / SHOAL CREEK BLVD","SOUTHBOUND","THRU","false","21","13.333","3.992","-0.143","0.359","7","8","2024","14","30","1","900"
"5b60cc8f8d3b144e4fe4af4ee6ab2785","7038","2024-07-08T14:30:00.000","ANDERSON LN / SHOAL CREEK BLVD","SOUTHBOUND","THRU","true","2","11.0","2.828","0.0","0.0","7","8","2024","14","30","1","900"
"9109d36194435a8fea0a7379a42f0c73","7038","2024-07-08T14:30:00.000","ANDERSON LN / SHOAL CREEK BLVD","WESTBOUND","LEFT TURN","false","6","18.0","32.465","-0.5","0.548","7","8","2024","14","30","1","900"
"ae69e0d646312594ca8286bbca2024c2","7038","2024-07-08T14:30:00.000","ANDERSON LN / SHOAL CREEK BLVD","WESTBOUND","THRU","false","150","18.953","7.497","-0.547","0.499","7","8","2024","14","30","1","900"
"572b3e8cb525d3a16e959c8ac1f0a65a","7038","2024-07-08T14:30:00.000","ANDERSON LN / SHOAL CREEK BLVD","WESTBOUND","THRU","true","18","21.056","15.66","-0.389","0.502","7","8","2024","14","30","1","900"
"b722985b728b3d04fef36f078d808ac2","7343","2024-07-08T14:30:00.000","RIVERSIDE DR / BURTON DR","EASTBOUND","LEFT TURN","false","19","13.526","4.599","33.342","42.318","7","8","2024","14","30","1","900"
"5402b00996b62d089ca316f1b35ce709","7343","2024-07-08T14:30:00.000","RIVERSIDE DR / BURTON DR","EASTBOUND","LEFT TURN","true","3","9.0","1.0","35.533","59.137","7","8","2024","14","30","1","900"
"e53ba317d05e73e01060d3ab886a7493","7343","2024-07-08T14:30:00.000","RIVERSIDE DR / BURTON DR","EASTBOUND","THRU","false","53","30.509","10.416","3.866","12.097","7","8","2024","14","30","1","900"
"f6ac78468395f147585065df43f6b1fb","7343","2024-07-08T14:30:00.000","RIVERSIDE DR / BURTON DR","EASTBOUND","THRU","true","144","32.16","11.149","4.463","14.741","7","8","2024","14","30","1","900"
"ecca2783e2f85713a03c73300a301f3e","7343","2024-07-08T14:30:00.000","RIVERSIDE DR / BURTON DR","EASTBOUND","U-TURN","false","3","10.0","4.0","20.167","29.041","7","8","2024","14","30","1","900"
"578d892c0b9c1cf4b45c2710e57d63ec","7343","2024-07-08T14:30:00.000","RIVERSIDE DR / BURTON DR","NORTHBOUND","LEFT TURN","false","6","23.833","13.452","38.95","56.061","7","8","2024","14","30","1","900"
"5dd18d0c3d6b9d2796287853e6beebb4","7343","2024-07-08T14:30:00.000","RIVERSIDE DR / BURTON DR","NORTHBOUND","LEFT TURN","true","1","26.0","0.0","0.1","0.0","7","8","2024","14","30","1","900"
"3900cace307aa25fb317de28be8879ef","7343","2024-07-08T14:30:00.000","RIVERSIDE DR / BURTON DR","NORTHBOUND","RIGHT TURN","false","2","16.5","4.95","0.0","0.0","7","8","2024","14","30","1","900"
"6251f85cc758df7fca429fec2d453d58","7343","2024-07-08T14:30:00.000","RIVERSIDE DR / BURTON DR","NORTHBOUND","RIGHT TURN","true","2","19.0","1.414","0.7","0.849","7","8","2024","14","30","1","900"
"f08182873f1dac63bbc58488a42e0e38","7343","2024-07-08T14:30:00.000","RIVERSIDE DR / BURTON DR","NORTHBOUND","THRU","false","13","23.692","11.026","8.015","23.778","7","8","2024","14","30","1","900"
"1d5f61dff012041b37e230c1a4baf45a","7343","2024-07-08T14:30:00.000","RIVERSIDE DR / BURTON DR","NORTHBOUND","THRU","true","3","27.0","8.544","0.733","0.603","7","8","2024","14","30","1","900"
"eeca66fa726d79b2ecd02e324ba887ba","7343","2024-07-08T14:30:00.000","RIVERSIDE DR / BURTON DR","SOUTHBOUND","LEFT TURN","false","2","16.0","0.0","33.55","47.023","7","8","2024","14","30","1","900"
"668c25a70869c3939a244529fc7282c3","7343","2024-07-08T14:30:00.000","RIVERSIDE DR / BURTON DR","SOUTHBOUND","LEFT TURN","true","4","16.25","4.573","60.9","61.211","7","8","2024","14","30","1","900"
"270b33e87d161a34dbc72af53fcc125f","7343","2024-07-08T14:30:00.000","RIVERSIDE DR / BURTON DR","SOUTHBOUND","RIGHT TURN","false","12","9.167","2.887","13.0","18.642","7","8","2024","14","30","1","900"
"2da6e9714f32df332f569ea2bc04f5bf","7343","2024-07-08T14:30:00.000","RIVERSIDE DR / BURTON DR","SOUTHBOUND","RIGHT TURN","true","2","8.0","2.828","5.75","7.0","7","8","2024","14","30","1","900"
"1dfe82377bed99603453e30339f2799d","7343","2024-07-08T14:30:00.000","RIVERSIDE DR / BURTON DR","SOUTHBOUND","THRU","false","6","20.833","10.647","16.983","31.516","7","8","2024","14","30","1","900"
"fa09b541df23c442f8d3fcd4d521d72f","7343","2024-07-08T14:30:00.000","RIVERSIDE DR / BURTON DR","SOUTHBOUND","THRU","true","8","18.125","6.424","10.038","12.0","7","8","2024","14","30","1","900"
"bae0cd3f97f8c305d7741fec42749bab","7343","2024-07-08T14:30:00.000","RIVERSIDE DR / BURTON DR","WESTBOUND","LEFT TURN","false","12","9.083","5.054","20.542","35.549","7","8","2024","14","30","1","900"
"289a1baf3cdfa53039adf12602e03154","7343","2024-07-08T14:30:00.000","RIVERSIDE DR / BURTON DR","WESTBOUND","LEFT TURN","true","4","15.5","4.359","21.35","42.3","7","8","2024","14","30","1","900"
"00ef9ff4ab70f5df9d4ff8bf565ecc53","7343","2024-07-08T14:30:00.000","RIVERSIDE DR / BURTON DR","WESTBOUND","RIGHT TURN","false","10","3.6","8.746","10.98","23.445","7","8","2024","14","30","1","900"
"6ec74c4ca230983dd5a8e10a927bbe1e","7343","2024-07-08T14:30:00.000","RIVERSIDE DR / BURTON DR","WESTBOUND","THRU","false","170","30.018","17.762","6.598","17.482","7","8","2024","14","30","1","900"
"66286fbeb7d578f0d0935e29b3e4ef04","7343","2024-07-08T14:30:00.000","RIVERSIDE DR / BURTON DR","WESTBOUND","THRU","true","20","28.3","12.683","1.215","0.918","7","8","2024","14","30","1","900"
"34d6018ee0f6a68881b62151a54fbe0d","6382","2024-07-08T14:30:00.000","FM 620 RD / DEERBROOK TRL","EASTBOUND","LEFT TURN","false","1","74.0","0.0","0.3","0.0","7","8","2024","14","30","1","900"
"f1df681b9efe740b7b01edf6bcaecbdf","6382","2024-07-08T14:30:00.000","FM 620 RD / DEERBROOK TRL","EASTBOUND","LEFT TURN","true","1","25.0","0.0","32.5","0.0","7","8","2024","14","30","1","900"
"f0ae640b50e22888b497e71817b7f65e","6382","2024-07-08T14:30:00.000","FM 620 RD / DEERBROOK TRL","EASTBOUND","RIGHT TURN","false","1","0.0","0.0","7.5","0.0","7","8","2024","14","30","1","900"
"0b6081504ed5aab7105aa2b28b860c64","6382","2024-07-08T14:30:00.000","FM 620 RD / DEERBROOK TRL","EASTBOUND","THRU","false","250","35.348","9.893","1.592","3.17","7","8","2024","14","30","1","900"
"c4aa9e8f27cc3e469185731b1ae8ccd8","6382","2024-07-08T14:30:00.000","FM 620 RD / DEERBROOK TRL","EASTBOUND","THRU","true","12","33.667","10.941","0.65","0.466","7","8","2024","14","30","1","900"
"4d58b33a89d831a3e51b72bd94cc830c","6382","2024-07-08T14:30:00.000","FM 620 RD / DEERBROOK TRL","EASTBOUND","U-TURN","false","1","26.0","0.0","0.2","0.0","7","8","2024","14","30","1","900"
"669151be83a3558dea470bdfece1e23f","6382","2024-07-08T14:30:00.000","FM 620 RD / DEERBROOK TRL","NORTHBOUND","RIGHT TURN","false","13","5.308","5.105","13.731","18.367","7","8","2024","14","30","1","900"
"ccbdd6bfdab11a8146cf42f8abd62ad3","6382","2024-07-08T14:30:00.000","FM 620 RD / DEERBROOK TRL","NORTHBOUND","THRU","false","2","41.0","45.255","12.7","8.768","7","8","2024","14","30","1","900"
"b28dbfd1bb25c6d71e3fcf551282c0c2","6382","2024-07-08T14:30:00.000","FM 620 RD / DEERBROOK TRL","WESTBOUND","LEFT TURN","false","14","6.857","3.527","9.471","15.139","7","8","2024","14","30","1","900"
"d47ee1bba7ea729df1d3529f53ebf4cd","6382","2024-07-08T14:30:00.000","FM 620 RD / DEERBROOK TRL","WESTBOUND","LEFT TURN","true","1","4.0","0.0","0.0","0.0","7","8","2024","14","30","1","900"
"b04c501b380e31c0269a5147ce597611","6382","2024-07-08T14:30:00.000","FM 620 RD / DEERBROOK TRL","WESTBOUND","THRU","false","249","36.474","6.518","0.986","1.653","7","8","2024","14","30","1","900"
"86bfb6c4fea9791b254fc6eaccbc5893","6382","2024-07-08T14:30:00.000","FM 620 RD / DEERBROOK TRL","WESTBOUND","THRU","true","23","38.217","4.39","0.748","0.327","7","8","2024","14","30","1","900"
"5cb0881485b5a3c117233997a911b1b0","6881","2024-07-08T14:30:00.000","SLAUGHTER LN / LINDSHIRE LN","EASTBOUND","RIGHT TURN","false","8","10.75","2.121","3.475","0.817","7","8","2024","14","30","1","900"
"b3083b894705f20b77850aba5979fba5","6881","2024-07-08T14:30:00.000","SLAUGHTER LN / LINDSHIRE LN","EASTBOUND","THRU","false","246","30.967","10.49","2.659","6.454","7","8","2024","14","30","1","900"
"4c74d156a19fa028b2d1cbe4e14f9003","6881","2024-07-08T14:30:00.000","SLAUGHTER LN / LINDSHIRE LN","EASTBOUND","THRU","true","3","16.333","13.65","16.533","22.745","7","8","2024","14","30","1","900"
"98d98e91f4aa5edb81ebf36056047afe","6881","2024-07-08T14:30:00.000","SLAUGHTER LN / LINDSHIRE LN","EASTBOUND","U-TURN","false","1","0.0","0.0","16.1","0.0","7","8","2024","14","30","1","900"
"01f38deab4182b6bc77de3a46f6224d5","6881","2024-07-08T14:30:00.000","SLAUGHTER LN / LINDSHIRE LN","NORTHBOUND","LEFT TURN","false","19","6.737","5.655","17.474","29.792","7","8","2024","14","30","1","900"
"077e35d17eee189d243ead18a26c0275","6881","2024-07-08T14:30:00.000","SLAUGHTER LN / LINDSHIRE LN","NORTHBOUND","RIGHT TURN","false","6","0.5","1.225","2.867","2.981","7","8","2024","14","30","1","900"
"582b4cba42d669d84fe06e0c26bb720f","6881","2024-07-08T14:30:00.000","SLAUGHTER LN / LINDSHIRE LN","NORTHBOUND","THRU","false","1","8.0","0.0","0.3","0.0","7","8","2024","14","30","1","900"
"1b337d03a16a976b2c9a48170f07ded9","6881","2024-07-08T14:30:00.000","SLAUGHTER LN / LINDSHIRE LN","WESTBOUND","LEFT TURN","false","2","7.0","0.0","50.6","69.721","7","8","2024","14","30","1","900"
"aaf6180e7bbab2c3b645356ccd52a4e0","6881","2024-07-08T14:30:00.000","SLAUGHTER LN / LINDSHIRE LN","WESTBOUND","THRU","false","196","28.571","6.06","1.485","1.097","7","8","2024","14","30","1","900"
"00c30fe30922790b6a68adead13deabe","6881","2024-07-08T14:30:00.000","SLAUGHTER LN / LINDSHIRE LN","WESTBOUND","THRU","true","2","31.0","12.728","0.25","0.354","7","8","2024","14","30","1","900"
"b7316af0bd7462d748ce0d4bc1ef8382","6808","2024-07-08T14:30:00.000","OLTORF ST / 4TH ST","EASTBOUND","LEFT TURN","false","2","20.0","28.284","0.55","0.071","7","8","2024","14","30","1","900"
"cdd896d8b0f692d21185a020c819e798","6808","2024-07-08T14:30:00.000","OLTORF ST / 4TH ST","EASTBOUND","RIGHT TURN","false","14","5.857","1.748","7.4","16.402","7","8","2024","14","30","1","900"
"7276e72bfea97489808a31a587574a41","6808","2024-07-08T14:30:00.000","OLTORF ST / 4TH ST","EASTBOUND","RIGHT TURN","true","2","4.0","1.414","3.2","0.99","7","8","2024","14","30","1","900"
"8bf7bb8c5f1befe17dc88722ecef3c09","6808","2024-07-08T14:30:00.000","OLTORF ST / 4TH ST","EASTBOUND","THRU","false","40","9.025","11.954","6.23","18.706","7","8","2024","14","30","1","900"
"fe32b916e6d3a4bdb8fa7f9bc3c3079f","6808","2024-07-08T14:30:00.000","OLTORF ST / 4TH ST","EASTBOUND","THRU","true","4","23.75","38.956","0.825","1.018","7","8","2024","14","30","1","900"
"4ecb13a850db273815c67c3f8afc8bf1","6808","2024-07-08T14:30:00.000","OLTORF ST / 4TH ST","NORTHBOUND","LEFT TURN","false","20","19.3","29.596","7.985","25.431","7","8","2024","14","30","1","900"
"42550dad8a8bafbe6d3bb2ffde262e1c","6808","2024-07-08T14:30:00.000","OLTORF ST / 4TH ST","NORTHBOUND","RIGHT TURN","false","12","4.917","1.881","2.292","1.844","7","8","2024","14","30","1","900"
"45f9643961a04936cd1718aa93f49707","6808","2024-07-08T14:30:00.000","OLTORF ST / 4TH ST","NORTHBOUND","THRU","false","71","9.958","11.226","3.873","11.17","7","8","2024","14","30","1","900"
"da97c7ff8cd90930c615fff453a76190","6808","2024-07-08T14:30:00.000","OLTORF ST / 4TH ST","NORTHBOUND","THRU","true","1","3.0","0.0","0.1","0.0","7","8","2024","14","30","1","900"
"37e73e2c90209f9dcf9ea176c3984046","6808","2024-07-08T14:30:00.000","OLTORF ST / 4TH ST","SOUTHBOUND","LEFT TURN","false","20","6.3","2.452","6.89","17.172","7","8","2024","14","30","1","900"
"a6abbb797f78a76a00043bcc6d63aee7","6808","2024-07-08T14:30:00.000","OLTORF ST / 4TH ST","SOUTHBOUND","RIGHT TURN","false","7","6.429","1.272","11.357","22.914","7","8","2024","14","30","1","900"
"dbcea91c6787c1f313554dbd22338bfc","6808","2024-07-08T14:30:00.000","OLTORF ST / 4TH ST","SOUTHBOUND","THRU","false","73","12.616","8.863","11.819","25.363","7","8","2024","14","30","1","900"
"6386c17622408849caafe4d25f710ce8","6808","2024-07-08T14:30:00.000","OLTORF ST / 4TH ST","SOUTHBOUND","THRU","true","1","73.0","0.0","0.1","0.0","7","8","2024","14","30","1","900"
"a21f6b30b72947dc519799e63e8131da","6808","2024-07-08T14:30:00.000","OLTORF ST / 4TH ST","WESTBOUND","LEFT TURN","false","17","6.647","1.869","6.3","20.242","7","8","2024","14","30","1","900"
"f48f43212423961c212ce6e76ff27ff1","6808","2024-07-08T14:30:00.000","OLTORF ST / 4TH ST","WESTBOUND","LEFT TURN","true","1","8.0","0.0","0.1","0.0","7","8","2024","14","30","1","900"
"01c613bd1be1f5279fba7e914b8e6e3b","6808","2024-07-08T14:30:00.000","OLTORF ST / 4TH ST","WESTBOUND","RIGHT TURN","false","18","5.833","0.985","7.611","18.421","7","8","2024","14","30","1","900"
"48948a1a6f9e7524de9dc0c783d82168","6808","2024-07-08T14:30:00.000","OLTORF ST / 4TH ST","WESTBOUND","THRU","false","53","9.434","2.818","12.589","23.635","7","8","2024","14","30","1","900"
"edb4b8de04c39eb6e8990ebca939da9d","6808","2024-07-08T14:30:00.000","OLTORF ST / 4TH ST","WESTBOUND","THRU","true","1","7.0","0.0","0.7","0.0","7","8","2024","14","30","1","900"
"1a40933f11f77f0bc498b3d536d0c2df","6808","2024-07-08T14:30:00.000","OLTORF ST / 4TH ST","WESTBOUND","U-TURN","false","2","5.5","3.536","32.6","45.538","7","8","2024","14","30","1","900"
"d489967bc99f88a5d5cfc3bec6f77c55","6653","2024-07-08T14:15:00.000","38TH ST / MEDICAL PKWY","EASTBOUND","LEFT TURN","false","15","10.733","4.877","15.513","30.049","7","8","2024","14","15","1","900"
"6083e44c42154e4d0a18e1b317041ad6","6653","2024-07-08T14:15:00.000","38TH ST / MEDICAL PKWY","EASTBOUND","LEFT TURN","true","6","7.833","3.061","22.9","37.844","7","8","2024","14","15","1","900"
"4ea197dec834b37295260703dc1d2112","6653","2024-07-08T14:15:00.000","38TH ST / MEDICAL PKWY","EASTBOUND","RIGHT TURN","false","17","10.059","3.436","5.471","15.289","7","8","2024","14","15","1","900"
"0b50337e6b9ae58afa664914d9979408","6653","2024-07-08T14:15:00.000","38TH ST / MEDICAL PKWY","EASTBOUND","RIGHT TURN","true","2","8.0","4.243","1.4","1.131","7","8","2024","14","15","1","900"
"ba403b697ccb41c0540dbf826f9fef0c","6653","2024-07-08T14:15:00.000","38TH ST / MEDICAL PKWY","EASTBOUND","THRU","false","142","19.972","6.637","10.162","20.182","7","8","2024","14","15","1","900"
"be803df22b622e26bbdb753c2c09ae53","6653","2024-07-08T14:15:00.000","38TH ST / MEDICAL PKWY","EASTBOUND","THRU","true","25","19.56","6.371","18.368","28.053","7","8","2024","14","15","1","900"
"387d819eead33986503de2673fdca6e1","6653","2024-07-08T14:15:00.000","38TH ST / MEDICAL PKWY","NORTHBOUND","LEFT TURN","false","14","12.143","5.39","27.014","43.441","7","8","2024","14","15","1","900"
"73d01d8dd235b2608dcaf73c171bd371","6653","2024-07-08T14:15:00.000","38TH ST / MEDICAL PKWY","NORTHBOUND","LEFT TURN","true","4","15.5","3.873","1.05","1.967","7","8","2024","14","15","1","900"
"ef221dfeb1c469797cb61f718275c0ce","6653","2024-07-08T14:15:00.000","38TH ST / MEDICAL PKWY","NORTHBOUND","RIGHT TURN","false","20","7.8","7.179","30.785","32.938","7","8","2024","14","15","1","900"
"755d4db5dff53f32f1693e60c141f678","6653","2024-07-08T14:15:00.000","38TH ST / MEDICAL PKWY","NORTHBOUND","RIGHT TURN","true","2","7.0","7.071","29.7","37.194","7","8","2024","14","15","1","900"
"42231332cae92bb9b59bad2d9c0fdcac","6653","2024-07-08T14:15:00.000","38TH ST / MEDICAL PKWY","NORTHBOUND","THRU","false","18","8.5","7.04","56.794","48.597","7","8","2024","14","15","1","900"
"72cfaeb0a63b399d979065f5b67072e5","6653","2024-07-08T14:15:00.000","38TH ST / MEDICAL PKWY","SOUTHBOUND","LEFT TURN","false","28","12.857","4.152","25.889","29.425","7","8","2024","14","15","1","900"
"2a1bd5420bb341dfba1d684a9d3f9b84","6653","2024-07-08T14:15:00.000","38TH ST / MEDICAL PKWY","SOUTHBOUND","LEFT TURN","true","4","13.5","2.38","19.35","25.642","7","8","2024","14","15","1","900"
"a4541179176bcc1abf81d79d1c8b6c84","6653","2024-07-08T14:15:00.000","38TH ST / MEDICAL PKWY","SOUTHBOUND","RIGHT TURN","false","5","5.6","1.817","11.88","13.385","7","8","2024","14","15","1","900"
"5507fae24054ac00de9a82c6fd9b9d16","6653","2024-07-08T14:15:00.000","38TH ST / MEDICAL PKWY","SOUTHBOUND","RIGHT TURN","true","8","11.375","4.069","21.2","27.009","7","8","2024","14","15","1","900"
"6beed71f139bfedb16ce65803879b7bc","6653","2024-07-08T14:15:00.000","38TH ST / MEDICAL PKWY","SOUTHBOUND","THRU","false","5","12.8","5.215","41.64","41.668","7","8","2024","14","15","1","900"
"75bbc0520dd516499ad465e0f735f8d4","6653","2024-07-08T14:15:00.000","38TH ST / MEDICAL PKWY","SOUTHBOUND","THRU","true","4","14.0","4.83","23.025","42.578","7","8","2024","14","15","1","900"
"6fdc1f04fe29364c2e869c9f4e48bdf0","6653","2024-07-08T14:15:00.000","38TH ST / MEDICAL PKWY","WESTBOUND","LEFT TURN","false","12","9.167","4.821","20.775","32.314","7","8","2024","14","15","1","900"
"f9d6ff8a31e3ad979ffe981fa0a36e9d","6653","2024-07-08T14:15:00.000","38TH ST / MEDICAL PKWY","WESTBOUND","RIGHT TURN","false","6","7.5","3.017","2.9","2.598","7","8","2024","14","15","1","900"
"e1e3d5d5d565e07aba8c1c3ddf3bcd18","6653","2024-07-08T14:15:00.000","38TH ST / MEDICAL PKWY","WESTBOUND","RIGHT TURN","true","1","10.0","0.0","2.1","0.0","7","8","2024","14","15","1","900"
"e469ea400a67ccede9659b926d3cddb9","6653","2024-07-08T14:15:00.000","38TH ST / MEDICAL PKWY","WESTBOUND","THRU","false","113","19.637","6.299","5.811","15.61","7","8","2024","14","15","1","900"
"61cefc918aa12984feccb7e950e1d25a","6653","2024-07-08T14:15:00.000","38TH ST / MEDICAL PKWY","WESTBOUND","THRU","true","62","20.387","6.061","3.435","8.953","7","8","2024","14","15","1","900"
"061ea58de4c241d424ca3b4c5aff5986","6882","2024-07-08T14:15:00.000","AIRPORT BLVD / 51ST ST","EASTBOUND","LEFT TURN","false","8","9.875","2.949","17.462","25.776","7","8","2024","14","15","1","900"
"4d71719a8cfb41dda6db107f41c94f73","6882","2024-07-08T14:15:00.000","AIRPORT BLVD / 51ST ST","EASTBOUND","LEFT TURN","true","2","9.5","2.121","9.5","12.869","7","8","2024","14","15","1","900"
"dc092a50a026484102165a2b3f2b12df","6882","2024-07-08T14:15:00.000","AIRPORT BLVD / 51ST ST","EASTBOUND","RIGHT TURN","false","41","10.854","5.261","6.622","11.662","7","8","2024","14","15","1","900"
"46261449c8220904afcb112292ce97dc","6882","2024-07-08T14:15:00.000","AIRPORT BLVD / 51ST ST","EASTBOUND","RIGHT TURN","true","2","13.0","2.828","2.45","0.495","7","8","2024","14","15","1","900"
"461e49f2bd7ee51527bc901efa5164f4","6882","2024-07-08T14:15:00.000","AIRPORT BLVD / 51ST ST","EASTBOUND","THRU","false","80","16.325","8.197","7.53","19.941","7","8","2024","14","15","1","900"
"51222befdf55e461c2e6fe795ff00165","6882","2024-07-08T14:15:00.000","AIRPORT BLVD / 51ST ST","EASTBOUND","THRU","true","4","15.5","5.802","2.975","3.186","7","8","2024","14","15","1","900"
"0a3e8694c71d6918ba6866ffd36cc24c","6882","2024-07-08T14:15:00.000","AIRPORT BLVD / 51ST ST","NORTHBOUND","LEFT TURN","false","8","11.75","12.959","11.65","28.214","7","8","2024","14","15","1","900"
"4de132ef49fab9a34261945258271de9","6882","2024-07-08T14:15:00.000","AIRPORT BLVD / 51ST ST","SOUTHBOUND","LEFT TURN","false","2","9.0","1.414","5.0","0.566","7","8","2024","14","15","1","900"
"df1a92efc08039a552ed4fd26ba40edc","6882","2024-07-08T14:15:00.000","AIRPORT BLVD / 51ST ST","SOUTHBOUND","RIGHT TURN","false","3","9.667","2.309","4.833","1.343","7","8","2024","14","15","1","900"
"1396e5462c0099d6f49183e6f929f848","6882","2024-07-08T14:15:00.000","AIRPORT BLVD / 51ST ST","SOUTHBOUND","RIGHT TURN","true","1","9.0","0.0","40.2","0.0","7","8","2024","14","15","1","900"
"329c3de96d09022ae5916f4f48468e15","6882","2024-07-08T14:15:00.000","AIRPORT BLVD / 51ST ST","SOUTHBOUND","THRU","false","80","28.312","12.57","9.75","19.15","7","8","2024","14","15","1","900"
"bc2ff438b70972583377b18019ad6412","6882","2024-07-08T14:15:00.000","AIRPORT BLVD / 51ST ST","SOUTHBOUND","THRU","true","10","30.2","10.075","2.56","1.21","7","8","2024","14","15","1","900"
"4f12116f960cdbe712f2bbee916269bd","6882","2024-07-08T14:15:00.000","AIRPORT BLVD / 51ST ST","WESTBOUND","LEFT TURN","false","4","9.0","7.071","1.225","2.317","7","8","2024","14","15","1","900"
"0556d1aeed640e5398a2ec92ee472c12","6882","2024-07-08T14:15:00.000","AIRPORT BLVD / 51ST ST","WESTBOUND","LEFT TURN","true","1","6.0","0.0","0.0","0.0","7","8","2024","14","15","1","900"
"6cb4daf0ce54654dc9031615998ac8ea","6882","2024-07-08T14:15:00.000","AIRPORT BLVD / 51ST ST","WESTBOUND","RIGHT TURN","false","15","2.733","3.9","2.36","2.731","7","8","2024","14","15","1","900"
"4fb2d9eaba533d466f14a7af9662e232","6882","2024-07-08T14:15:00.000","AIRPORT BLVD / 51ST ST","WESTBOUND","RIGHT TURN","true","1","0.0","0.0","0.1","0.0","7","8","2024","14","15","1","900"
"e4ae30faee2ef36c228877e151eca511","6882","2024-07-08T14:15:00.000","AIRPORT BLVD / 51ST ST","WESTBOUND","THRU","false","51","6.176","4.555","14.112","31.144","7","8","2024","14","15","1","900"
"ba84d361d9b0ba94fefc415ee4e43dfd","6882","2024-07-08T14:15:00.000","AIRPORT BLVD / 51ST ST","WESTBOUND","THRU","true","10","7.7","14.818","24.42","39.03","7","8","2024","14","15","1","900"
"7640ddc148f4e843a54e5c4b987a48d7","7038","2024-07-08T14:15:00.000","ANDERSON LN / SHOAL CREEK BLVD","EASTBOUND","LEFT TURN","false","34","13.235","3.602","0.0","0.0","7","8","2024","14","15","1","900"
"7d3940b07ec4a7e0d04281f909574ed7","7038","2024-07-08T14:15:00.000","ANDERSON LN / SHOAL CREEK BLVD","EASTBOUND","LEFT TURN","true","1","18.0","0.0","0.0","0.0","7","8","2024","14","15","1","900"
"c35dfb2b32abd73a6d50a9de8d6fc1ba","7038","2024-07-08T14:15:00.000","ANDERSON LN / SHOAL CREEK BLVD","EASTBOUND","RIGHT TURN","false","31","12.161","2.57","-0.032","0.18","7","8","2024","14","15","1","900"
"b02493061cde207461352dd5f463d476","7038","2024-07-08T14:15:00.000","ANDERSON LN / SHOAL CREEK BLVD","EASTBOUND","RIGHT TURN","true","1","12.0","0.0","0.0","0.0","7","8","2024","14","15","1","900"
"03b4af9f9b2f9e06ba774f4b324234af","7038","2024-07-08T14:15:00.000","ANDERSON LN / SHOAL CREEK BLVD","EASTBOUND","THRU","false","190","23.379","8.676","-0.047","0.213","7","8","2024","14","15","1","900"
"67aa2f70d1211cb9ba243382ab39baf1","7038","2024-07-08T14:15:00.000","ANDERSON LN / SHOAL CREEK BLVD","EASTBOUND","THRU","true","4","31.75","2.872","0.0","0.0","7","8","2024","14","15","1","900"
"f6c7082f58f3116d38e1ec205cbd8e94","7038","2024-07-08T14:15:00.000","ANDERSON LN / SHOAL CREEK BLVD","NORTHBOUND","LEFT TURN","false","33","11.788","4.682","-0.121","0.331","7","8","2024","14","15","1","900"
"2041f3e6691cf9a4c8d5bc386779b3ae","7038","2024-07-08T14:15:00.000","ANDERSON LN / SHOAL CREEK BLVD","NORTHBOUND","LEFT TURN","true","4","15.75","7.5","-0.5","0.577","7","8","2024","14","15","1","900"
"61057a4737cb28fc0f5af94bdae02952","7038","2024-07-08T14:15:00.000","ANDERSON LN / SHOAL CREEK BLVD","NORTHBOUND","RIGHT TURN","false","5","6.8","1.643","0.0","0.0","7","8","2024","14","15","1","900"
"0c0a32eca4c7d6e893d620b5c24a894c","7038","2024-07-08T14:15:00.000","ANDERSON LN / SHOAL CREEK BLVD","NORTHBOUND","THRU","false","37","10.703","5.892","-0.243","0.435","7","8","2024","14","15","1","900"
"eca9253653a5ae69c5a8700b80711e36","7038","2024-07-08T14:15:00.000","ANDERSON LN / SHOAL CREEK BLVD","SOUTHBOUND","LEFT TURN","false","38","10.395","4.175","-0.158","0.37","7","8","2024","14","15","1","900"
"f53b06d688422dde58bf50f430c6801b","7038","2024-07-08T14:15:00.000","ANDERSON LN / SHOAL CREEK BLVD","SOUTHBOUND","RIGHT TURN","false","28","6.071","3.114","-0.036","0.189","7","8","2024","14","15","1","900"
"712f2d5e9ba0b2a9d170e79f336a511e","7038","2024-07-08T14:15:00.000","ANDERSON LN / SHOAL CREEK BLVD","SOUTHBOUND","RIGHT TURN","true","6","6.167","2.229","-0.333","0.516","7","8","2024","14","15","1","900"
"cd77c87d52b1bfc098595d77cde0dc57","7038","2024-07-08T14:15:00.000","ANDERSON LN / SHOAL CREEK BLVD","SOUTHBOUND","THRU","false","19","10.421","5.9","-0.053","0.229","7","8","2024","14","15","1","900"
"d63f00c0e52695dd5f1f5651518d4993","7038","2024-07-08T14:15:00.000","ANDERSON LN / SHOAL CREEK BLVD","SOUTHBOUND","THRU","true","1","13.0","0.0","-1.0","0.0","7","8","2024","14","15","1","900"
"bb37518b80966a342289af2b287adb53","7038","2024-07-08T14:15:00.000","ANDERSON LN / SHOAL CREEK BLVD","WESTBOUND","LEFT TURN","false","9","7.222","6.534","-0.111","0.333","7","8","2024","14","15","1","900"
"b8b342eefcbe7e9102a696ab7c2d747c","7038","2024-07-08T14:15:00.000","ANDERSON LN / SHOAL CREEK BLVD","WESTBOUND","THRU","false","176","20.545","6.585","-0.517","0.501","7","8","2024","14","15","1","900"
"1d5966f85f0bf6de282268bc53f4fd21","7038","2024-07-08T14:15:00.000","ANDERSON LN / SHOAL CREEK BLVD","WESTBOUND","THRU","true","14","13.286","4.598","-0.571","0.514","7","8","2024","14","15","1","900"
"48499d162ca3d5774774600447426f46","7343","2024-07-08T14:15:00.000","RIVERSIDE DR / BURTON DR","EASTBOUND","LEFT TURN","false","16","12.5","4.367","49.375","47.543","7","8","2024","14","15","1","900"
"77dd803dc9b16b0c73df4bfff619afe9","7343","2024-07-08T14:15:00.000","RIVERSIDE DR / BURTON DR","EASTBOUND","LEFT TURN","true","3","13.333","2.517","36.8","61.493","7","8","2024","14","15","1","900"
"1ce31c577fca17347b498a755ee6c50a","7343","2024-07-08T14:15:00.000","RIVERSIDE DR / BURTON DR","EASTBOUND","THRU","false","71","33.296","12.24","3.704","10.26","7","8","2024","14","15","1","900"
"cbac905ad9ba7bd00569b48d0afb38f8","7343","2024-07-08T14:15:00.000","RIVERSIDE DR / BURTON DR","EASTBOUND","THRU","true","146","32.589","12.518","3.207","8.915","7","8","2024","14","15","1","900"
"fb0235689eb1e09bca74501dc91afdcd","7343","2024-07-08T14:15:00.000","RIVERSIDE DR / BURTON DR","EASTBOUND","U-TURN","false","1","9.0","0.0","28.5","0.0","7","8","2024","14","15","1","900"
"3dcf2b93acf54b029cc7cbe2b4a21f0e","7343","2024-07-08T14:15:00.000","RIVERSIDE DR / BURTON DR","NORTHBOUND","LEFT TURN","false","14","22.857","12.322","27.343","51.082","7","8","2024","14","15","1","900"
"c0812b487649443dd24a1883ef94c089","7343","2024-07-08T14:15:00.000","RIVERSIDE DR / BURTON DR","NORTHBOUND","RIGHT TURN","true","1","17.0","0.0","0.0","0.0","7","8","2024","14","15","1","900"
"52182ac5cde144602c1225246e305038","7343","2024-07-08T14:15:00.000","RIVERSIDE DR / BURTON DR","NORTHBOUND","THRU","false","4","33.75","51.214","23.325","44.394","7","8","2024","14","15","1","900"
"ade6c71b6a78df3dbfb19dcf1fe656c9","7343","2024-07-08T14:15:00.000","RIVERSIDE DR / BURTON DR","NORTHBOUND","THRU","true","2","15.0","1.414","31.0","29.416","7","8","2024","14","15","1","900"
"b6d237c7d694bfd7652ca9e9d70d24f7","7343","2024-07-08T14:15:00.000","RIVERSIDE DR / BURTON DR","SOUTHBOUND","LEFT TURN","false","7","16.286","5.024","28.543","48.311","7","8","2024","14","15","1","900"
"1ef445c4ce5ef767a895e3aa0ce6a9bc","7343","2024-07-08T14:15:00.000","RIVERSIDE DR / BURTON DR","SOUTHBOUND","LEFT TURN","true","6","15.333","3.983","46.367","47.725","7","8","2024","14","15","1","900"
"a4b0d2103c170697cba86bdb6d4fbb8c","7343","2024-07-08T14:15:00.000","RIVERSIDE DR / BURTON DR","SOUTHBOUND","RIGHT TURN","false","10","10.0","2.261","4.84","3.679","7","8","2024","14","15","1","900"
"9485254effe0bb666120c5c8bf3986bd","7343","2024-07-08T14:15:00.000","RIVERSIDE DR / BURTON DR","SOUTHBOUND","RIGHT TURN","true","1","10.0","0.0","1.9","0.0","7","8","2024","14","15","1","900"
"4cf02862b58484ecb18ee5b4f5805ad5","7343","2024-07-08T14:15:00.000","RIVERSIDE DR / BURTON DR","SOUTHBOUND","THRU","false","9","15.667","5.874","28.989","33.77","7","8","2024","14","15","1","900"
"b84c2489093e0754e5fa7afa7b72a32a","7343","2024-07-08T14:15:00.000","RIVERSIDE DR / BURTON DR","SOUTHBOUND","THRU","true","3","15.667","3.215","6.033","3.782","7","8","2024","14","15","1","900"
"cd0ba702586facf77fc11f0defec5094","7343","2024-07-08T14:15:00.000","RIVERSIDE DR / BURTON DR","WESTBOUND","LEFT TURN","false","16","9.625","4.965","22.775","39.912","7","8","2024","14","15","1","900"
"ff30caf2cffe4ee453cc4d7ce08c6d57","7343","2024-07-08T14:15:00.000","RIVERSIDE DR / BURTON DR","WESTBOUND","LEFT TURN","true","1","9.0","0.0","0.2","0.0","7","8","2024","14","15","1","900"
"eb67ebf5b55dab3b408f33250a83d6f4","7343","2024-07-08T14:15:00.000","RIVERSIDE DR / BURTON DR","WESTBOUND","RIGHT TURN","false","10","0.8","1.751","3.56","1.934","7","8","2024","14","15","1","900"
"55e147d8e86c81a4e72d73a39b6c4220","7343","2024-07-08T14:15:00.000","RIVERSIDE DR / BURTON DR","WESTBOUND","THRU","false","179","30.732","15.354","4.23","13.629","7","8","2024","14","15","1","900"
"a72bfbf6e245c44321e75780b7d21b9a","7343","2024-07-08T14:15:00.000","RIVERSIDE DR / BURTON DR","WESTBOUND","THRU","true","15","24.733","21.875","5.373","15.002","7","8","2024","14","15","1","900"
"43812f8cab3aa3b9eee716ed1d85999b","6382","2024-07-08T14:15:00.000","FM 620 RD / DEERBROOK TRL","EASTBOUND","RIGHT TURN","false","2","23.0","9.899","1.4","0.707","7","8","2024","14","15","1","900"
"705c5873014070c01e5530a95e63c800","6382","2024-07-08T14:15:00.000","FM 620 RD / DEERBROOK TRL","EASTBOUND","RIGHT TURN","true","1","16.0","0.0","1.3","0.0","7","8","2024","14","15","1","900"
"83b73ad39e70935acd9f807d395b863f","6382","2024-07-08T14:15:00.000","FM 620 RD / DEERBROOK TRL","EASTBOUND","THRU","false","289","34.927","10.301","1.692","4.287","7","8","2024","14","15","1","900"
"939b7c3101af7c229577a9e24153ddbe","6382","2024-07-08T14:15:00.000","FM 620 RD / DEERBROOK TRL","EASTBOUND","THRU","true","19","35.579","10.101","1.0","0.564","7","8","2024","14","15","1","900"
"9f860cab21bdbf0bdbab7ca4c5744e34","6382","2024-07-08T14:15:00.000","FM 620 RD / DEERBROOK TRL","NORTHBOUND","LEFT TURN","false","2","5.0","1.414","65.1","56.851","7","8","2024","14","15","1","900"
"6aef8df56d26a6b9fca34951403db9e9","6382","2024-07-08T14:15:00.000","FM 620 RD / DEERBROOK TRL","NORTHBOUND","RIGHT TURN","false","14","4.286","3.384","13.593","19.828","7","8","2024","14","15","1","900"
"ac305edbc87acc306000dc3ea13d37a7","6382","2024-07-08T14:15:00.000","FM 620 RD / DEERBROOK TRL","NORTHBOUND","THRU","false","1","232.0","0.0","0.2","0.0","7","8","2024","14","15","1","900"
"117592ae1a5e4c8f0c053711b5cd97d9","6382","2024-07-08T14:15:00.000","FM 620 RD / DEERBROOK TRL","WESTBOUND","LEFT TURN","false","15","9.4","3.979","16.5","27.657","7","8","2024","14","15","1","900"
"e8d6e8ea550a912d48b5b8a524ea3c92","6382","2024-07-08T14:15:00.000","FM 620 RD / DEERBROOK TRL","WESTBOUND","LEFT TURN","true","1","17.0","0.0","1.7","0.0","7","8","2024","14","15","1","900"
"66b66804c1ce248349365df2143e7a90","6382","2024-07-08T14:15:00.000","FM 620 RD / DEERBROOK TRL","WESTBOUND","THRU","false","302","36.48","5.97","0.93","1.15","7","8","2024","14","15","1","900"
"e196dda1994fbfbdd40ce52643d9fa30","6382","2024-07-08T14:15:00.000","FM 620 RD / DEERBROOK TRL","WESTBOUND","THRU","true","17","37.941","4.366","0.8","0.314","7","8","2024","14","15","1","900"
"fdab317e861d3b673b667ff2fbccbaa9","6881","2024-07-08T14:15:00.000","SLAUGHTER LN / LINDSHIRE LN","EASTBOUND","RIGHT TURN","false","9","10.333","2.179","3.567","0.792","7","8","2024","14","15","1","900"
"2b7ba0b55f6c6393d2f2681b2bb8e41e","6881","2024-07-08T14:15:00.000","SLAUGHTER LN / LINDSHIRE LN","EASTBOUND","THRU","false","204","25.765","11.284","4.321","8.459","7","8","2024","14","15","1","900"
"197782dbff253426c80477225ef87998","6881","2024-07-08T14:15:00.000","SLAUGHTER LN / LINDSHIRE LN","EASTBOUND","THRU","true","5","30.8","11.367","1.06","1.043","7","8","2024","14","15","1","900"
"152863752c872f4bf9994271e6494095","6881","2024-07-08T14:15:00.000","SLAUGHTER LN / LINDSHIRE LN","NORTHBOUND","LEFT TURN","false","19","9.474","12.58","22.689","33.043","7","8","2024","14","15","1","900"
"adb69cb50ad477800089193ee31ef98a","6881","2024-07-08T14:15:00.000","SLAUGHTER LN / LINDSHIRE LN","NORTHBOUND","RIGHT TURN","false","4","1.75","2.872","1.75","3.367","7","8","2024","14","15","1","900"
"ccb6aa7703c34f47d11375fd43937cf8","6881","2024-07-08T14:15:00.000","SLAUGHTER LN / LINDSHIRE LN","NORTHBOUND","THRU","false","2","1.5","2.121","37.45","39.669","7","8","2024","14","15","1","900"
"1c019f1146178568ea176579f8236813","6881","2024-07-08T14:15:00.000","SLAUGHTER LN / LINDSHIRE LN","SOUTHBOUND","LEFT TURN","false","1","8.0","0.0","104.9","0.0","7","8","2024","14","15","1","900"
"0b22d82a79ec2361cae18ec91ead2b42","6881","2024-07-08T14:15:00.000","SLAUGHTER LN / LINDSHIRE LN","WESTBOUND","LEFT TURN","false","3","8.333","1.528","6.3","7.904","7","8","2024","14","15","1","900"
"f8d09263770e083586c684b3a713230c","6881","2024-07-08T14:15:00.000","SLAUGHTER LN / LINDSHIRE LN","WESTBOUND","THRU","false","211","27.526","6.621","1.765","3.246","7","8","2024","14","15","1","900"
"5b2b8275abdfeab346bc5600d664dcdc","6881","2024-07-08T14:15:00.000","SLAUGHTER LN / LINDSHIRE LN","WESTBOUND","THRU","true","3","24.333","4.619","1.433","1.266","7","8","2024","14","15","1","900"
"1c4a7b852b8827b78445aad4aad52d45","6808","2024-07-08T14:15:00.000","OLTORF ST / 4TH ST","EASTBOUND","LEFT TURN","false","6","5.333","2.16","5.917","14.199","7","8","2024","14","15","1","900"
"0311ee863437e30c694b7928bb8050d9","6808","2024-07-08T14:15:00.000","OLTORF ST / 4TH ST","EASTBOUND","RIGHT TURN","false","14","8.143","11.831","1.371","1.082","7","8","2024","14","15","1","900"
"0584710a298a5ddeda613dd15d1cc1ce","6808","2024-07-08T14:15:00.000","OLTORF ST / 4TH ST","EASTBOUND","THRU","false","56","9.75","13.252","6.345","18.518","7","8","2024","14","15","1","900"
"2097605590bb6cdb813f5495d2c5cc97","6808","2024-07-08T14:15:00.000","OLTORF ST / 4TH ST","EASTBOUND","THRU","true","1","1.0","0.0","61.3","0.0","7","8","2024","14","15","1","900"
"37d17588e0eb5b533a66c5034fda4471","6808","2024-07-08T14:15:00.000","OLTORF ST / 4TH ST","NORTHBOUND","LEFT TURN","false","14","11.929","13.275","0.193","0.216","7","8","2024","14","15","1","900"
"125b1276bfe7d4e228dd75b0984b4d7a","6808","2024-07-08T14:15:00.000","OLTORF ST / 4TH ST","NORTHBOUND","RIGHT TURN","false","13","4.154","2.115","4.369","5.444","7","8","2024","14","15","1","900"
"b598ad07f825709239f263749018b818","6808","2024-07-08T14:15:00.000","OLTORF ST / 4TH ST","NORTHBOUND","THRU","false","58","12.276","16.597","4.778","13.598","7","8","2024","14","15","1","900"
"932f98ef5a290c7458a2dec4addd3fa2","6808","2024-07-08T14:15:00.000","OLTORF ST / 4TH ST","NORTHBOUND","THRU","true","2","7.5","0.707","1.75","2.475","7","8","2024","14","15","1","900"
"01de5367d35e79f51ec4be542bb46ed6","6808","2024-07-08T14:15:00.000","OLTORF ST / 4TH ST","SOUTHBOUND","LEFT TURN","false","18","5.278","1.487","2.906","5.001","7","8","2024","14","15","1","900"
"fffb0ac2a394553d223af71a843e6bfe","6808","2024-07-08T14:15:00.000","OLTORF ST / 4TH ST","SOUTHBOUND","RIGHT TURN","false","7","6.571","0.535","2.529","0.822","7","8","2024","14","15","1","900"
"563f8460048c2ea1c95c4b3b11ec1dbb","6808","2024-07-08T14:15:00.000","OLTORF ST / 4TH ST","SOUTHBOUND","THRU","false","92","12.054","4.015","3.135","9.227","7","8","2024","14","15","1","900"
"658c7188b00bb2fad388f7f39685a0f0","6808","2024-07-08T14:15:00.000","OLTORF ST / 4TH ST","WESTBOUND","LEFT TURN","false","12","5.333","1.231","13.008","30.956","7","8","2024","14","15","1","900"
"136f02c7a65fb4715d03835eac9eb3f4","6808","2024-07-08T14:15:00.000","OLTORF ST / 4TH ST","WESTBOUND","RIGHT TURN","false","17","6.235","0.903","3.841","0.719","7","8","2024","14","15","1","900"
"613cd0ca68e9aa395b3447baf66b9cba","6808","2024-07-08T14:15:00.000","OLTORF ST / 4TH ST","WESTBOUND","THRU","false","44","9.0","3.383","20.673","29.079","7","8","2024","14","15","1","900"
"c12a38655143ea0a75eb2136c6a64479","6808","2024-07-08T14:15:00.000","OLTORF ST / 4TH ST","WESTBOUND","THRU","true","1","9.0","0.0","3.9","0.0","7","8","2024","14","15","1","900"
"4fef4f7c857e7727da47d3259376777d","6808","2024-07-08T14:15:00.000","OLTORF ST / 4TH ST","WESTBOUND","U-TURN","false","1","6.0","0.0","0.4","0.0","7","8","2024","14","15","1","900"
"73119baa7827db39ad9f80a87fe96b21","6653","2024-07-08T14:00:00.000","38TH ST / MEDICAL PKWY","EASTBOUND","LEFT TURN","false","28","10.75","4.151","22.271","31.252","7","8","2024","14","0","1","900"
"7942e3f0e26b237675d23771b52e0bf1","6653","2024-07-08T14:00:00.000","38TH ST / MEDICAL PKWY","EASTBOUND","LEFT TURN","true","6","13.0","1.265","15.167","16.882","7","8","2024","14","0","1","900"
"e6440df1cba54d1376bd8738215cfdac","6653","2024-07-08T14:00:00.000","38TH ST / MEDICAL PKWY","EASTBOUND","RIGHT TURN","false","24","12.625","7.347","1.021","1.059","7","8","2024","14","0","1","900"
"a8861990473a48da44ddddad498684e9","6653","2024-07-08T14:00:00.000","38TH ST / MEDICAL PKWY","EASTBOUND","RIGHT TURN","true","4","12.5","2.517","0.8","0.762","7","8","2024","14","0","1","900"
"3dadca5d011f147bfb73870e9aed2b12","6653","2024-07-08T14:00:00.000","38TH ST / MEDICAL PKWY","EASTBOUND","THRU","false","140","19.536","5.716","15.294","24.079","7","8","2024","14","0","1","900"
"19047027887630379d7670fcd75c1e98","6653","2024-07-08T14:00:00.000","38TH ST / MEDICAL PKWY","EASTBOUND","THRU","true","23","22.261","6.696","8.726","17.687","7","8","2024","14","0","1","900"
"f1ef8dce100c6c4521f21835bbd30e14","6653","2024-07-08T14:00:00.000","38TH ST / MEDICAL PKWY","NORTHBOUND","LEFT TURN","false","9","10.444","5.812","24.267","40.573","7","8","2024","14","0","1","900"
"c25d31d9fe3961702b04f4c7352ebf3e","6653","2024-07-08T14:00:00.000","38TH ST / MEDICAL PKWY","NORTHBOUND","LEFT TURN","true","3","11.0","3.606","62.567","51.306","7","8","2024","14","0","1","900"
"45951c6127b64b90dc55e51e8c4870a4","6653","2024-07-08T14:00:00.000","38TH ST / MEDICAL PKWY","NORTHBOUND","RIGHT TURN","false","19","3.789","4.928","11.326","13.619","7","8","2024","14","0","1","900"
"16768cecc5350555a1e30b19c1e54d2d","6653","2024-07-08T14:00:00.000","38TH ST / MEDICAL PKWY","NORTHBOUND","THRU","false","9","5.222","6.34","61.822","40.345","7","8","2024","14","0","1","900"
"823d66e91e32c6344bb623bbbbc04420","6653","2024-07-08T14:00:00.000","38TH ST / MEDICAL PKWY","SOUTHBOUND","LEFT TURN","false","21","11.81","3.6","35.767","36.475","7","8","2024","14","0","1","900"
"74b8357d8c0c09fd878768300ef391b7","6653","2024-07-08T14:00:00.000","38TH ST / MEDICAL PKWY","SOUTHBOUND","LEFT TURN","true","2","13.5","3.536","1.4","1.98","7","8","2024","14","0","1","900"
"ca819ad2df6ebad9b0d77b84f1e360c9","6653","2024-07-08T14:00:00.000","38TH ST / MEDICAL PKWY","SOUTHBOUND","RIGHT TURN","false","4","5.75","3.5","12.55","17.645","7","8","2024","14","0","1","900"
"ed3412182b4fa6fa800ce74a608d698d","6653","2024-07-08T14:00:00.000","38TH ST / MEDICAL PKWY","SOUTHBOUND","THRU","false","7","19.0","8.466","15.257","31.188","7","8","2024","14","0","1","900"
"749624470563cff8dd875f445ac0f45e","6653","2024-07-08T14:00:00.000","38TH ST / MEDICAL PKWY","SOUTHBOUND","THRU","true","3","16.333","11.06","33.867","56.251","7","8","2024","14","0","1","900"
"130f9c64fe445919ea3acfc4425589d4","6653","2024-07-08T14:00:00.000","38TH ST / MEDICAL PKWY","WESTBOUND","LEFT TURN","false","7","12.286","5.559","19.371","40.092","7","8","2024","14","0","1","900"
"c4b498e014c86591808009aeaad7b53e","6653","2024-07-08T14:00:00.000","38TH ST / MEDICAL PKWY","WESTBOUND","LEFT TURN","true","2","5.5","0.707","28.45","24.395","7","8","2024","14","0","1","900"
"475e6ba6b16abdfeaf02ab62889374a4","6653","2024-07-08T14:00:00.000","38TH ST / MEDICAL PKWY","WESTBOUND","RIGHT TURN","false","6","12.667","3.933","1.833","1.983","7","8","2024","14","0","1","900"
"a174fe3e3b8cb5cde20209020f8b91b8","6653","2024-07-08T14:00:00.000","38TH ST / MEDICAL PKWY","WESTBOUND","RIGHT TURN","true","5","9.6","8.735","1.66","1.68","7","8","2024","14","0","1","900"
"7ebbfcb722bf26ae62d025d92594c99e","6653","2024-07-08T14:00:00.000","38TH ST / MEDICAL PKWY","WESTBOUND","THRU","false","115","18.93","8.193","6.114","16.12","7","8","2024","14","0","1","900"
"28eb04e2d2359281f84617f125b0882c","6653","2024-07-08T14:00:00.000","38TH ST / MEDICAL PKWY","WESTBOUND","THRU","true","54","20.222","4.878","2.594","7.21","7","8","2024","14","0","1","900"
"7a614f2023a33fe8d2bcd42bc6c1d743","6882","2024-07-08T14:00:00.000","AIRPORT BLVD / 51ST ST","EASTBOUND","LEFT TURN","false","15","9.8","4.678","30.093","46.269","7","8","2024","14","0","1","900"
"2274a9de2980cae79abe156dae28ae95","6882","2024-07-08T14:00:00.000","AIRPORT BLVD / 51ST ST","EASTBOUND","LEFT TURN","true","2","9.0","2.828","9.55","13.364","7","8","2024","14","0","1","900"
"00f5d55d6ff798103894638265b34261","6882","2024-07-08T14:00:00.000","AIRPORT BLVD / 51ST ST","EASTBOUND","RIGHT TURN","false","27","11.222","4.782","6.344","13.326","7","8","2024","14","0","1","900"
"97e6391e9aaa7766f403f5d90c4de77c","6882","2024-07-08T14:00:00.000","AIRPORT BLVD / 51ST ST","EASTBOUND","RIGHT TURN","true","1","8.0","0.0","0.6","0.0","7","8","2024","14","0","1","900"
"f0058ec376d7ea260cabdc822d7e5afc","6882","2024-07-08T14:00:00.000","AIRPORT BLVD / 51ST ST","EASTBOUND","THRU","false","58","14.776","5.354","4.726","13.773","7","8","2024","14","0","1","900"
"10607c21eb961db5bd8c952e9b12735d","6882","2024-07-08T14:00:00.000","AIRPORT BLVD / 51ST ST","EASTBOUND","THRU","true","2","8.0","4.243","2.4","1.838","7","8","2024","14","0","1","900"
"f85fa76583c45cba1fc9b941b8fbe984","6882","2024-07-08T14:00:00.000","AIRPORT BLVD / 51ST ST","NORTHBOUND","LEFT TURN","false","10","8.6","5.873","10.74","28.011","7","8","2024","14","0","1","900"
"964fe9d6b711abaf181ff47d481064d4","6882","2024-07-08T14:00:00.000","AIRPORT BLVD / 51ST ST","NORTHBOUND","LEFT TURN","true","2","6.0","0.0","2.4","0.424","7","8","2024","14","0","1","900"
"a216850d9de99d050e477e2b15146afe","6882","2024-07-08T14:00:00.000","AIRPORT BLVD / 51ST ST","SOUTHBOUND","LEFT TURN","false","6","17.333","2.16","0.767","1.027","7","8","2024","14","0","1","900"
"549779f1dd0cdefc890004f8efb773c2","6882","2024-07-08T14:00:00.000","AIRPORT BLVD / 51ST ST","SOUTHBOUND","RIGHT TURN","false","7","11.286","2.059","3.714","0.805","7","8","2024","14","0","1","900"
"a901ae8ac309c802d9937413fbeefe85","6882","2024-07-08T14:00:00.000","AIRPORT BLVD / 51ST ST","SOUTHBOUND","THRU","false","115","32.487","12.615","8.932","16.579","7","8","2024","14","0","1","900"
"d5ef1a08bac267e281021f1e070dc624","6882","2024-07-08T14:00:00.000","AIRPORT BLVD / 51ST ST","SOUTHBOUND","THRU","true","10","33.4","10.309","7.46","19.525","7","8","2024","14","0","1","900"
"afd8f078ae6c88822048120ebef9dbe3","6882","2024-07-08T14:00:00.000","AIRPORT BLVD / 51ST ST","WESTBOUND","LEFT TURN","false","7","5.571","4.237","5.529","6.851","7","8","2024","14","0","1","900"
"f6352d6766ab4512d5c587302c6b7a55","6882","2024-07-08T14:00:00.000","AIRPORT BLVD / 51ST ST","WESTBOUND","LEFT TURN","true","1","5.0","0.0","0.0","0.0","7","8","2024","14","0","1","900"
"520f73b95652d0dc9f6728282fc1fdc5","6882","2024-07-08T14:00:00.000","AIRPORT BLVD / 51ST ST","WESTBOUND","RIGHT TURN","false","16","3.062","5.092","7.231","16.917","7","8","2024","14","0","1","900"
"182f36b9e695a7bbba8ba25bf36bdb26","6882","2024-07-08T14:00:00.000","AIRPORT BLVD / 51ST ST","WESTBOUND","RIGHT TURN","true","1","0.0","0.0","1.5","0.0","7","8","2024","14","0","1","900"
"46f2774b7a335b7d85784cdfd24a294d","6882","2024-07-08T14:00:00.000","AIRPORT BLVD / 51ST ST","WESTBOUND","THRU","false","32","5.438","6.032","15.206","28.797","7","8","2024","14","0","1","900"
"36e3350a6aa8a8d2f2f2a97b10a18013","6882","2024-07-08T14:00:00.000","AIRPORT BLVD / 51ST ST","WESTBOUND","THRU","true","7","3.714","4.923","12.257","20.512","7","8","2024","14","0","1","900"
"e7cd8556332a51fbe28fe8e1c76c41f9","7038","2024-07-08T14:00:00.000","ANDERSON LN / SHOAL CREEK BLVD","EASTBOUND","LEFT TURN","false","29","13.0","3.229","0.0","0.0","7","8","2024","14","0","1","900"
"9ba768070b8830ca8a20cc139236c089","7038","2024-07-08T14:00:00.000","ANDERSON LN / SHOAL CREEK BLVD","EASTBOUND","LEFT TURN","true","2","14.5","0.707","0.0","0.0","7","8","2024","14","0","1","900"
"67accfffa7a8b64b02f26006a9e4a34d","7038","2024-07-08T14:00:00.000","ANDERSON LN / SHOAL CREEK BLVD","EASTBOUND","RIGHT TURN","false","38","12.289","3.179","0.0","0.0","7","8","2024","14","0","1","900"
"44601001cab1954d3172ec24667bf572","7038","2024-07-08T14:00:00.000","ANDERSON LN / SHOAL CREEK BLVD","EASTBOUND","THRU","false","178","24.264","8.776","-0.034","0.181","7","8","2024","14","0","1","900"
"4c413249c4ac919f7ca0a8f1ac408937","7038","2024-07-08T14:00:00.000","ANDERSON LN / SHOAL CREEK BLVD","EASTBOUND","THRU","true","2","21.5","0.707","0.0","0.0","7","8","2024","14","0","1","900"
"98a57c0f807624822579a001dc1aad98","7038","2024-07-08T14:00:00.000","ANDERSON LN / SHOAL CREEK BLVD","NORTHBOUND","LEFT TURN","false","40","13.175","4.629","-0.3","0.464","7","8","2024","14","0","1","900"
"2752c9a85b597a12ae6acdff523a1563","7038","2024-07-08T14:00:00.000","ANDERSON LN / SHOAL CREEK BLVD","NORTHBOUND","LEFT TURN","true","4","15.25","2.217","-1.0","0.0","7","8","2024","14","0","1","900"
"8d166743c41c3dc42b94fdc861746852","7038","2024-07-08T14:00:00.000","ANDERSON LN / SHOAL CREEK BLVD","NORTHBOUND","RIGHT TURN","false","6","6.833","3.251","-0.167","0.408","7","8","2024","14","0","1","900"
"15ad6b065084231346e3a9f896de6056","7038","2024-07-08T14:00:00.000","ANDERSON LN / SHOAL CREEK BLVD","NORTHBOUND","THRU","false","29","14.724","7.324","-0.241","0.435","7","8","2024","14","0","1","900"
"0e1ed8c6e7e076d06aacbef1b24c8186","7038","2024-07-08T14:00:00.000","ANDERSON LN / SHOAL CREEK BLVD","NORTHBOUND","THRU","true","1","25.0","0.0","0.0","0.0","7","8","2024","14","0","1","900"
"4752c0c8eb196499718a8112428e2283","7038","2024-07-08T14:00:00.000","ANDERSON LN / SHOAL CREEK BLVD","SOUTHBOUND","LEFT TURN","false","36","10.806","3.078","-0.111","0.319","7","8","2024","14","0","1","900"
"47b757587efeb06d7608445baab7ed1d","7038","2024-07-08T14:00:00.000","ANDERSON LN / SHOAL CREEK BLVD","SOUTHBOUND","LEFT TURN","true","2","12.5","2.121","-0.5","0.707","7","8","2024","14","0","1","900"
"c52766a7997797506e1f3f78b472a78e","7038","2024-07-08T14:00:00.000","ANDERSON LN / SHOAL CREEK BLVD","SOUTHBOUND","RIGHT TURN","false","32","6.75","3.341","0.0","0.0","7","8","2024","14","0","1","900"
"cca0a364ef30cda0f97ffbd29141ede5","7038","2024-07-08T14:00:00.000","ANDERSON LN / SHOAL CREEK BLVD","SOUTHBOUND","RIGHT TURN","true","3","8.333","1.155","-0.333","0.577","7","8","2024","14","0","1","900"
"75bd29a728b1d355a9a14e574c8c9691","7038","2024-07-08T14:00:00.000","ANDERSON LN / SHOAL CREEK BLVD","SOUTHBOUND","THRU","false","22","10.5","4.935","-0.045","0.213","7","8","2024","14","0","1","900"
"b1ca8208d2d60ca759f770fa513a922c","7038","2024-07-08T14:00:00.000","ANDERSON LN / SHOAL CREEK BLVD","WESTBOUND","LEFT TURN","false","14","7.714","5.239","-0.357","0.497","7","8","2024","14","0","1","900"
"1f20474fde35c2d4aa6a5d94bfb8ce05","7038","2024-07-08T14:00:00.000","ANDERSON LN / SHOAL CREEK BLVD","WESTBOUND","THRU","false","189","19.36","5.998","-0.577","0.495","7","8","2024","14","0","1","900"
"44e15e1c5c298eb06dc599967796729a","7038","2024-07-08T14:00:00.000","ANDERSON LN / SHOAL CREEK BLVD","WESTBOUND","THRU","true","15","20.667","4.287","-0.6","0.507","7","8","2024","14","0","1","900"
"7e65762d71cb569b033fde898dad1bcb","7343","2024-07-08T14:00:00.000","RIVERSIDE DR / BURTON DR","EASTBOUND","LEFT TURN","false","21","11.952","2.854","42.281","42.731","7","8","2024","14","0","1","900"
"66d24c6a10e7025805e03c8fe5d3e25c","7343","2024-07-08T14:00:00.000","RIVERSIDE DR / BURTON DR","EASTBOUND","LEFT TURN","true","2","25.5","17.678","2.1","1.98","7","8","2024","14","0","1","900"
"ae85d6f0e73ee413169254300fbe39cd","7343","2024-07-08T14:00:00.000","RIVERSIDE DR / BURTON DR","EASTBOUND","THRU","false","46","32.043","10.694","4.678","12.966","7","8","2024","14","0","1","900"
"abf429ae2056cc385b26079cb8729767","7343","2024-07-08T14:00:00.000","RIVERSIDE DR / BURTON DR","EASTBOUND","THRU","true","148","32.858","10.706","3.174","8.234","7","8","2024","14","0","1","900"
"ed2a02719fef6207272ba903efb15f9c","7343","2024-07-08T14:00:00.000","RIVERSIDE DR / BURTON DR","EASTBOUND","U-TURN","false","1","7.0","0.0","85.4","0.0","7","8","2024","14","0","1","900"
"07db372237d1459a964984ee566b217e","7343","2024-07-08T14:00:00.000","RIVERSIDE DR / BURTON DR","NORTHBOUND","LEFT TURN","false","8","17.0","8.586","17.325","43.542","7","8","2024","14","0","1","900"
"2331c69981012ca72dac87a78031e7ee","7343","2024-07-08T14:00:00.000","RIVERSIDE DR / BURTON DR","NORTHBOUND","LEFT TURN","true","1","21.0","0.0","0.0","0.0","7","8","2024","14","0","1","900"
"f8e5518210e4a948fab7a46d610284c1","7343","2024-07-08T14:00:00.000","RIVERSIDE DR / BURTON DR","NORTHBOUND","RIGHT TURN","true","2","17.0","9.899","0.4","0.424","7","8","2024","14","0","1","900"
"b81cbd7de7d2620eac1a7083c1da27a3","7343","2024-07-08T14:00:00.000","RIVERSIDE DR / BURTON DR","NORTHBOUND","THRU","false","10","19.0","12.028","0.85","0.855","7","8","2024","14","0","1","900"
"76882597340a1a0d4734abed7a938988","7343","2024-07-08T14:00:00.000","RIVERSIDE DR / BURTON DR","NORTHBOUND","THRU","true","5","19.2","3.033","0.44","0.428","7","8","2024","14","0","1","900"
"e4d07c9667b1747b47c4cda0eaa856f0","7343","2024-07-08T14:00:00.000","RIVERSIDE DR / BURTON DR","SOUTHBOUND","LEFT TURN","false","5","17.0","6.042","26.94","39.084","7","8","2024","14","0","1","900"
"b34837322fd0196e417446fa17fd37d0","7343","2024-07-08T14:00:00.000","RIVERSIDE DR / BURTON DR","SOUTHBOUND","LEFT TURN","true","9","16.444","3.644","25.789","38.975","7","8","2024","14","0","1","900"
"4782c699f6983bd4d3ca9905328e5c8c","7343","2024-07-08T14:00:00.000","RIVERSIDE DR / BURTON DR","SOUTHBOUND","RIGHT TURN","false","11","9.727","1.489","7.727","11.589","7","8","2024","14","0","1","900"
"64742cd47286ae2c95bd816a26f6db4d","7343","2024-07-08T14:00:00.000","RIVERSIDE DR / BURTON DR","SOUTHBOUND","THRU","false","9","15.333","5.431","12.7","17.871","7","8","2024","14","0","1","900"
"4e1f378b3da2097b519eb41c750fd5ae","7343","2024-07-08T14:00:00.000","RIVERSIDE DR / BURTON DR","SOUTHBOUND","THRU","true","5","14.8","2.28","22.18","18.588","7","8","2024","14","0","1","900"
"b273d0eaa5f4e3ab922c629a56f0883e","7343","2024-07-08T14:00:00.000","RIVERSIDE DR / BURTON DR","WESTBOUND","LEFT TURN","false","12","11.167","5.686","22.175","38.169","7","8","2024","14","0","1","900"
"08e4a26dc3084d5f84fef3a866911bac","7343","2024-07-08T14:00:00.000","RIVERSIDE DR / BURTON DR","WESTBOUND","LEFT TURN","true","2","14.0","0.0","1.1","0.424","7","8","2024","14","0","1","900"
"acee2b1ff59b49335430f70efc58519c","7343","2024-07-08T14:00:00.000","RIVERSIDE DR / BURTON DR","WESTBOUND","RIGHT TURN","false","10","3.1","7.923","2.9","3.404","7","8","2024","14","0","1","900"
"fe6a37368df6a4e311a4fe63c3967ce3","7343","2024-07-08T14:00:00.000","RIVERSIDE DR / BURTON DR","WESTBOUND","RIGHT TURN","true","1","0.0","0.0","2.2","0.0","7","8","2024","14","0","1","900"
"ec00aee620eecfbe68cfde86de438af6","7343","2024-07-08T14:00:00.000","RIVERSIDE DR / BURTON DR","WESTBOUND","THRU","false","163","34.294","18.053","5.099","15.432","7","8","2024","14","0","1","900"
"bd0384c0c58c17d4617ec734a84ff404","7343","2024-07-08T14:00:00.000","RIVERSIDE DR / BURTON DR","WESTBOUND","THRU","true","8","35.625","24.319","8.412","20.158","7","8","2024","14","0","1","900"
"08aaa3c55254760821b391b2e0062139","6382","2024-07-08T14:00:00.000","FM 620 RD / DEERBROOK TRL","EASTBOUND","RIGHT TURN","false","2","13.5","0.707","0.6","0.849","7","8","2024","14","0","1","900"
"2091d8decece479122c420d1327b79dc","6382","2024-07-08T14:00:00.000","FM 620 RD / DEERBROOK TRL","EASTBOUND","THRU","false","286","37.024","11.33","1.307","2.504","7","8","2024","14","0","1","900"
"5b7af650adc17e04b3f5132ea4bb1d6b","6382","2024-07-08T14:00:00.000","FM 620 RD / DEERBROOK TRL","EASTBOUND","THRU","true","19","38.316","6.575","0.858","0.422","7","8","2024","14","0","1","900"
"01ef00a45e36097fe4852adcfc0f0c42","6382","2024-07-08T14:00:00.000","FM 620 RD / DEERBROOK TRL","NORTHBOUND","LEFT TURN","false","1","6.0","0.0","121.1","0.0","7","8","2024","14","0","1","900"
"55362a4a1e16e4cf27f3dc5cf83b72cf","6382","2024-07-08T14:00:00.000","FM 620 RD / DEERBROOK TRL","NORTHBOUND","RIGHT TURN","false","16","3.25","5.222","11.294","15.292","7","8","2024","14","0","1","900"
"2f7920d72ff10711d26d824a03e9d50c","6382","2024-07-08T14:00:00.000","FM 620 RD / DEERBROOK TRL","NORTHBOUND","RIGHT TURN","true","1","1.0","0.0","10.2","0.0","7","8","2024","14","0","1","900"
"70c96f9dac83b26e6eefe83aa97e5fe2","6382","2024-07-08T14:00:00.000","FM 620 RD / DEERBROOK TRL","NORTHBOUND","THRU","false","1","16.0","0.0","3.2","0.0","7","8","2024","14","0","1","900"
"1ab78494aa20833990d5069e278f5bc4","6382","2024-07-08T14:00:00.000","FM 620 RD / DEERBROOK TRL","WESTBOUND","LEFT TURN","false","18","10.444","4.119","8.35","13.165","7","8","2024","14","0","1","900"
"605884e7aa7bb5b8f10d076bfed2d031","6382","2024-07-08T14:00:00.000","FM 620 RD / DEERBROOK TRL","WESTBOUND","THRU","false","266","35.805","6.569","1.035","1.269","7","8","2024","14","0","1","900"
"23af784ac412c89c998ee479ba4e80e7","6382","2024-07-08T14:00:00.000","FM 620 RD / DEERBROOK TRL","WESTBOUND","THRU","true","18","35.444","6.492","0.85","0.702","7","8","2024","14","0","1","900"
"0e748610ccb8166e37d1452673b25c8d","6382","2024-07-08T14:00:00.000","FM 620 RD / DEERBROOK TRL","WESTBOUND","U-TURN","false","1","4.0","0.0","0.1","0.0","7","8","2024","14","0","1","900"
"2d8e20b5a2f1a289a392173d364194a0","6881","2024-07-08T14:00:00.000","SLAUGHTER LN / LINDSHIRE LN","EASTBOUND","RIGHT TURN","false","5","9.8","2.864","4.36","1.539","7","8","2024","14","0","1","900"
"eadd9176a0fa3c0ec400bd2fe8473575","6881","2024-07-08T14:00:00.000","SLAUGHTER LN / LINDSHIRE LN","EASTBOUND","THRU","false","198","30.566","9.918","3.358","7.231","7","8","2024","14","0","1","900"
"a333993ce655a0ce5e8911226d8809b1","6881","2024-07-08T14:00:00.000","SLAUGHTER LN / LINDSHIRE LN","EASTBOUND","THRU","true","6","31.0","11.489","1.883","1.277","7","8","2024","14","0","1","900"
"6ee3758afc22db9acea003e154204ecb","6881","2024-07-08T14:00:00.000","SLAUGHTER LN / LINDSHIRE LN","NORTHBOUND","LEFT TURN","false","18","5.167","5.983","30.122","35.515","7","8","2024","14","0","1","900"
"e1aa93d18d6cd42f7d9bdf20ea07352c","6881","2024-07-08T14:00:00.000","SLAUGHTER LN / LINDSHIRE LN","NORTHBOUND","RIGHT TURN","false","3","22.333","32.808","0.267","0.208","7","8","2024","14","0","1","900"
"63bdfdccf407e11f72fe689f5e809aaf","6881","2024-07-08T14:00:00.000","SLAUGHTER LN / LINDSHIRE LN","WESTBOUND","LEFT TURN","false","4","20.75","24.171","5.25","9.638","7","8","2024","14","0","1","900"
"0a870072f5719125313a243075dea63a","6881","2024-07-08T14:00:00.000","SLAUGHTER LN / LINDSHIRE LN","WESTBOUND","RIGHT TURN","false","1","8.0","0.0","3.4","0.0","7","8","2024","14","0","1","900"
"925fd0685d21a5d44a75aa95faddf635","6881","2024-07-08T14:00:00.000","SLAUGHTER LN / LINDSHIRE LN","WESTBOUND","THRU","false","177","28.729","6.536","2.149","4.688","7","8","2024","14","0","1","900"
"7ec589c0f2ae778a260fae3f50929cfe","6881","2024-07-08T14:00:00.000","SLAUGHTER LN / LINDSHIRE LN","WESTBOUND","THRU","true","1","29.0","0.0","1.0","0.0","7","8","2024","14","0","1","900"
"0be4174b10d8658d597e9e36f0ffb283","6808","2024-07-08T14:00:00.000","OLTORF ST / 4TH ST","EASTBOUND","LEFT TURN","false","6","3.0","2.449","7.267","15.662","7","8","2024","14","0","1","900"
"42c67942d35c2f432f0b3d953bd6d133","6808","2024-07-08T14:00:00.000","OLTORF ST / 4TH ST","EASTBOUND","RIGHT TURN","false","14","4.643","1.082","4.679","13.042","7","8","2024","14","0","1","900"
"a7250e7a1f4427ae35d5dd831dfb49df","6808","2024-07-08T14:00:00.000","OLTORF ST / 4TH ST","EASTBOUND","RIGHT TURN","true","1","0.0","0.0","1.9","0.0","7","8","2024","14","0","1","900"
"ea01286cfbe4ea5d93457bceecf5d779","6808","2024-07-08T14:00:00.000","OLTORF ST / 4TH ST","EASTBOUND","THRU","false","55","8.527","9.335","7.455","20.99","7","8","2024","14","0","1","900"
"b9294d0cf8297f9c905e0c0201e6d97b","6808","2024-07-08T14:00:00.000","OLTORF ST / 4TH ST","NORTHBOUND","LEFT TURN","false","24","10.417","17.095","6.812","18.54","7","8","2024","14","0","1","900"
"90ab30d9b799b7c5027f4de4144ee109","6808","2024-07-08T14:00:00.000","OLTORF ST / 4TH ST","NORTHBOUND","RIGHT TURN","false","8","4.375","1.302","2.5","2.537","7","8","2024","14","0","1","900"
"ca97cf399e0d3d0aa640b2bbe662599c","6808","2024-07-08T14:00:00.000","OLTORF ST / 4TH ST","NORTHBOUND","THRU","false","64","11.531","16.623","7.358","16.925","7","8","2024","14","0","1","900"
"e03de5a1c0fd2d8341fa0edda80672b1","6808","2024-07-08T14:00:00.000","OLTORF ST / 4TH ST","NORTHBOUND","THRU","true","1","10.0","0.0","0.4","0.0","7","8","2024","14","0","1","900"
"fb732c1101d8f7a432ffed895d9ef61f","6808","2024-07-08T14:00:00.000","OLTORF ST / 4TH ST","SOUTHBOUND","LEFT TURN","false","22","6.909","2.635","7.082","22.705","7","8","2024","14","0","1","900"
"fad37cca72de6eb7c56b67480a1a6f31","6808","2024-07-08T14:00:00.000","OLTORF ST / 4TH ST","SOUTHBOUND","RIGHT TURN","false","7","6.571","1.272","12.314","27.221","7","8","2024","14","0","1","900"
"d582253bf1e2a4f47c38a8dfa1e278fa","6808","2024-07-08T14:00:00.000","OLTORF ST / 4TH ST","SOUTHBOUND","THRU","false","63","13.27","11.422","7.651","16.689","7","8","2024","14","0","1","900"
"949ec52c1932df7a6464e91cf85d920b","6808","2024-07-08T14:00:00.000","OLTORF ST / 4TH ST","WESTBOUND","LEFT TURN","false","14","5.429","2.174","17.379","35.431","7","8","2024","14","0","1","900"
"4b9703f088c3fcbc405aa15396bcdcf8","6808","2024-07-08T14:00:00.000","OLTORF ST / 4TH ST","WESTBOUND","RIGHT TURN","false","10","5.6","0.966","2.79","1.249","7","8","2024","14","0","1","900"
"0426d68887dc92ac7aa57c4ff0c25767","6808","2024-07-08T14:00:00.000","OLTORF ST / 4TH ST","WESTBOUND","THRU","false","55","9.382","2.718","15.065","26.917","7","8","2024","14","0","1","900"
"770228a9b8d9a3e848da010237b34a59","6808","2024-07-08T14:00:00.000","OLTORF ST / 4TH ST","WESTBOUND","U-TURN","false","1","5.0","0.0","0.1","0.0","7","8","2024","14","0","1","900"
"90b9b87c8e5a4608a0c9b7058994d34d","6653","2024-07-08T13:45:00.000","38TH ST / MEDICAL PKWY","EASTBOUND","LEFT TURN","false","30","10.567","4.183","13.35","20.936","7","8","2024","13","45","1","900"
"f14907b4fc522ea55f4d66035bd88069","6653","2024-07-08T13:45:00.000","38TH ST / MEDICAL PKWY","EASTBOUND","LEFT TURN","true","5","10.2","2.168","35.46","42.207","7","8","2024","13","45","1","900"
"4ae68dd218d10171518e1392289ea3bc","6653","2024-07-08T13:45:00.000","38TH ST / MEDICAL PKWY","EASTBOUND","RIGHT TURN","false","22","11.5","8.433","1.264","1.023","7","8","2024","13","45","1","900"
"f7dc307c356c8f2ba93cb7cbee1c92bf","6653","2024-07-08T13:45:00.000","38TH ST / MEDICAL PKWY","EASTBOUND","THRU","false","153","18.595","8.387","13.93","25.924","7","8","2024","13","45","1","900"
"787c3bbf9f990c3ab126f0c3d1257825","6653","2024-07-08T13:45:00.000","38TH ST / MEDICAL PKWY","EASTBOUND","THRU","true","25","18.04","3.713","14.012","25.586","7","8","2024","13","45","1","900"
"0acb1e9d67d9e4e65c1a47e0b46ff1dd","6653","2024-07-08T13:45:00.000","38TH ST / MEDICAL PKWY","NORTHBOUND","LEFT TURN","false","15","9.0","5.581","29.547","39.049","7","8","2024","13","45","1","900"
"a00750e032d193354b4093e3f0678aa8","6653","2024-07-08T13:45:00.000","38TH ST / MEDICAL PKWY","NORTHBOUND","LEFT TURN","true","1","5.0","0.0","13.0","0.0","7","8","2024","13","45","1","900"
"177dce4923ad87230b93efa8b3f66626","6653","2024-07-08T13:45:00.000","38TH ST / MEDICAL PKWY","NORTHBOUND","RIGHT TURN","false","24","5.958","5.449","22.067","29.097","7","8","2024","13","45","1","900"
"1d1efb922e4436f6850abfcf95cde263","6653","2024-07-08T13:45:00.000","38TH ST / MEDICAL PKWY","NORTHBOUND","RIGHT TURN","true","1","0.0","0.0","7.4","0.0","7","8","2024","13","45","1","900"
"634043a75eb2b6fef9f78a6001b53222","6653","2024-07-08T13:45:00.000","38TH ST / MEDICAL PKWY","NORTHBOUND","THRU","false","7","11.143","7.798","38.943","39.79","7","8","2024","13","45","1","900"
"fde985bf481ab1ed910c44c6aab1fcec","6653","2024-07-08T13:45:00.000","38TH ST / MEDICAL PKWY","SOUTHBOUND","LEFT TURN","false","19","14.0","5.783","29.158","36.401","7","8","2024","13","45","1","900"
"f5ad41479f6163e1f4ac402d5658768e","6653","2024-07-08T13:45:00.000","38TH ST / MEDICAL PKWY","SOUTHBOUND","LEFT TURN","true","1","15.0","0.0","0.1","0.0","7","8","2024","13","45","1","900"
"e49106f174efbbacb8a9087ce7209837","6653","2024-07-08T13:45:00.000","38TH ST / MEDICAL PKWY","SOUTHBOUND","RIGHT TURN","false","2","8.0","2.828","42.35","6.01","7","8","2024","13","45","1","900"
"68c385807a352bd95ede369c37b79867","6653","2024-07-08T13:45:00.000","38TH ST / MEDICAL PKWY","SOUTHBOUND","RIGHT TURN","true","9","7.667","3.162","11.189","12.926","7","8","2024","13","45","1","900"
"03f3a04bb9df26892fcc492762be3440","6653","2024-07-08T13:45:00.000","38TH ST / MEDICAL PKWY","SOUTHBOUND","THRU","false","6","15.5","5.577","25.017","37.328","7","8","2024","13","45","1","900"
"14e266c9a0ddf8445815b1aa51ebb1e2","6653","2024-07-08T13:45:00.000","38TH ST / MEDICAL PKWY","SOUTHBOUND","THRU","true","2","12.0","1.414","37.4","52.892","7","8","2024","13","45","1","900"
"857175af951da1ef53964ca37da70088","6653","2024-07-08T13:45:00.000","38TH ST / MEDICAL PKWY","WESTBOUND","LEFT TURN","false","11","7.727","5.35","31.991","42.26","7","8","2024","13","45","1","900"
"596874cca91e87eb1c176724105251dc","6653","2024-07-08T13:45:00.000","38TH ST / MEDICAL PKWY","WESTBOUND","RIGHT TURN","false","8","9.875","6.058","4.925","6.032","7","8","2024","13","45","1","900"
"df37a12bd34764aabb60e5a71945c9be","6653","2024-07-08T13:45:00.000","38TH ST / MEDICAL PKWY","WESTBOUND","RIGHT TURN","true","7","11.143","4.562","9.657","19.104","7","8","2024","13","45","1","900"
"91ab6538e1e34f12500b0e35ea89f534","6653","2024-07-08T13:45:00.000","38TH ST / MEDICAL PKWY","WESTBOUND","THRU","false","125","18.672","5.355","7.154","19.424","7","8","2024","13","45","1","900"
"59119d7ecc07f2baac116aae4e7c5dd0","6653","2024-07-08T13:45:00.000","38TH ST / MEDICAL PKWY","WESTBOUND","THRU","true","75","18.827","5.802","5.065","13.686","7","8","2024","13","45","1","900"
"ae0b5930acc890710e4b5ba97c9a99ca","6882","2024-07-08T13:45:00.000","AIRPORT BLVD / 51ST ST","EASTBOUND","LEFT TURN","false","11","7.545","3.751","2.873","4.311","7","8","2024","13","45","1","900"
"c7d36735018ec358626a1c0deb4e8cf9","6882","2024-07-08T13:45:00.000","AIRPORT BLVD / 51ST ST","EASTBOUND","LEFT TURN","true","2","11.5","0.707","27.5","36.628","7","8","2024","13","45","1","900"
"f98b43a6f905d740c8b9338fccebe125","6882","2024-07-08T13:45:00.000","AIRPORT BLVD / 51ST ST","EASTBOUND","RIGHT TURN","false","25","9.24","6.766","15.132","24.169","7","8","2024","13","45","1","900"
"10a05ec8dc89181db81425eb0db8b5b2","6882","2024-07-08T13:45:00.000","AIRPORT BLVD / 51ST ST","EASTBOUND","RIGHT TURN","true","4","11.5","2.082","1.925","1.567","7","8","2024","13","45","1","900"
"cacfe24b30c13305b42a6c883c2782ca","6882","2024-07-08T13:45:00.000","AIRPORT BLVD / 51ST ST","EASTBOUND","THRU","false","56","15.304","6.967","5.882","17.753","7","8","2024","13","45","1","900"
"f45043b22b13450de38244ac108528da","6882","2024-07-08T13:45:00.000","AIRPORT BLVD / 51ST ST","EASTBOUND","THRU","true","1","12.0","0.0","0.3","0.0","7","8","2024","13","45","1","900"
"6ee89dc91300bb48380c8aa2478cefdc","6882","2024-07-08T13:45:00.000","AIRPORT BLVD / 51ST ST","EASTBOUND","U-TURN","false","1","6.0","0.0","23.1","0.0","7","8","2024","13","45","1","900"
"3e7b1877fca269b69a28da80d85aeb6a","6882","2024-07-08T13:45:00.000","AIRPORT BLVD / 51ST ST","NORTHBOUND","LEFT TURN","false","19","7.0","4.679","26.163","53.456","7","8","2024","13","45","1","900"
"547787789220079a049a1732e28de447","6882","2024-07-08T13:45:00.000","AIRPORT BLVD / 51ST ST","NORTHBOUND","LEFT TURN","true","2","8.0","0.0","2.95","0.495","7","8","2024","13","45","1","900"
"7506ff51d4a81d93a720d7f4053a4884","6882","2024-07-08T13:45:00.000","AIRPORT BLVD / 51ST ST","SOUTHBOUND","RIGHT TURN","false","3","11.667","1.528","3.333","0.404","7","8","2024","13","45","1","900"
"eedf696a7564789022376f643b4f7472","6882","2024-07-08T13:45:00.000","AIRPORT BLVD / 51ST ST","SOUTHBOUND","THRU","false","107","30.935","11.994","6.686","15.426","7","8","2024","13","45","1","900"
"44303a78796601ae01d84d4e6f8103af","6882","2024-07-08T13:45:00.000","AIRPORT BLVD / 51ST ST","SOUTHBOUND","THRU","true","6","32.833","13.527","5.467","8.426","7","8","2024","13","45","1","900"
"7665b932e74df1f788e9268223b08868","6882","2024-07-08T13:45:00.000","AIRPORT BLVD / 51ST ST","WESTBOUND","LEFT TURN","false","14","7.571","6.136","0.671","1.513","7","8","2024","13","45","1","900"
"a5b349eda8b446aed12b356f9ad8931f","6882","2024-07-08T13:45:00.000","AIRPORT BLVD / 51ST ST","WESTBOUND","LEFT TURN","true","1","14.0","0.0","0.3","0.0","7","8","2024","13","45","1","900"
"962921398301a3565e7aa0e5268755b7","6882","2024-07-08T13:45:00.000","AIRPORT BLVD / 51ST ST","WESTBOUND","RIGHT TURN","false","12","2.417","2.811","7.675","19.942","7","8","2024","13","45","1","900"
"1a05c82d58a09fb57ea753db92798fa1","6882","2024-07-08T13:45:00.000","AIRPORT BLVD / 51ST ST","WESTBOUND","RIGHT TURN","true","1","10.0","0.0","8.7","0.0","7","8","2024","13","45","1","900"
"30b0aaa94fe96d112ceeda0473d72f38","6882","2024-07-08T13:45:00.000","AIRPORT BLVD / 51ST ST","WESTBOUND","THRU","false","39","5.949","5.652","16.459","28.529","7","8","2024","13","45","1","900"
"7a8842e3f90cb08789acc3d2ae2c392b","6882","2024-07-08T13:45:00.000","AIRPORT BLVD / 51ST ST","WESTBOUND","THRU","true","2","13.5","3.536","1.15","0.212","7","8","2024","13","45","1","900"
"ad43ab7e749641347853452059d28cc1","7038","2024-07-08T13:45:00.000","ANDERSON LN / SHOAL CREEK BLVD","EASTBOUND","LEFT TURN","false","25","12.24","3.004","0.0","0.0","7","8","2024","13","45","1","900"
"10b3f2b407ca225512566f36ad55e67b","7038","2024-07-08T13:45:00.000","ANDERSON LN / SHOAL CREEK BLVD","EASTBOUND","RIGHT TURN","false","19","11.211","3.924","0.0","0.0","7","8","2024","13","45","1","900"
"bbc4362dc27bdbd040508074acf553c3","7038","2024-07-08T13:45:00.000","ANDERSON LN / SHOAL CREEK BLVD","EASTBOUND","RIGHT TURN","true","2","14.5","4.95","0.0","0.0","7","8","2024","13","45","1","900"
"53de191555e1d675ef6adecb4b0ccf67","7038","2024-07-08T13:45:00.000","ANDERSON LN / SHOAL CREEK BLVD","EASTBOUND","THRU","false","199","23.317","7.409","-0.045","0.208","7","8","2024","13","45","1","900"
"d8687c3c103f24f187b49205b10f9919","7038","2024-07-08T13:45:00.000","ANDERSON LN / SHOAL CREEK BLVD","EASTBOUND","THRU","true","4","28.0","8.246","0.0","0.0","7","8","2024","13","45","1","900"
"c9f0c78c226ba00ade605b0c03879070","7038","2024-07-08T13:45:00.000","ANDERSON LN / SHOAL CREEK BLVD","NORTHBOUND","LEFT TURN","false","68","12.103","4.416","-0.206","0.407","7","8","2024","13","45","1","900"
"3093adc5e9c1ffda7c2a12135fa8f54c","7038","2024-07-08T13:45:00.000","ANDERSON LN / SHOAL CREEK BLVD","NORTHBOUND","LEFT TURN","true","1","13.0","0.0","-1.0","0.0","7","8","2024","13","45","1","900"
"ab212fb09a68db40099c8a31e5546682","7038","2024-07-08T13:45:00.000","ANDERSON LN / SHOAL CREEK BLVD","NORTHBOUND","RIGHT TURN","false","7","5.143","3.024","-0.143","0.378","7","8","2024","13","45","1","900"
"1e58752338001532ab26e1067a476b25","7038","2024-07-08T13:45:00.000","ANDERSON LN / SHOAL CREEK BLVD","NORTHBOUND","THRU","false","31","9.742","6.202","-0.161","0.374","7","8","2024","13","45","1","900"
"fc1e6a7f2ca868188b5767249cd1d743","7038","2024-07-08T13:45:00.000","ANDERSON LN / SHOAL CREEK BLVD","SOUTHBOUND","LEFT TURN","false","36","12.361","6.184","-0.056","0.232","7","8","2024","13","45","1","900"
"fe4f5d33b0044c6122d55572ee4b7100","7038","2024-07-08T13:45:00.000","ANDERSON LN / SHOAL CREEK BLVD","SOUTHBOUND","LEFT TURN","true","2","8.0","7.071","0.0","0.0","7","8","2024","13","45","1","900"
"9536148df81e40bfa2e3b402f88422c6","7038","2024-07-08T13:45:00.000","ANDERSON LN / SHOAL CREEK BLVD","SOUTHBOUND","RIGHT TURN","false","29","6.759","2.516","0.0","0.0","7","8","2024","13","45","1","900"
"e1d7eedf4d2b3078e619952924a8518a","7038","2024-07-08T13:45:00.000","ANDERSON LN / SHOAL CREEK BLVD","SOUTHBOUND","RIGHT TURN","true","2","7.0","0.0","0.0","0.0","7","8","2024","13","45","1","900"
"f0e420140f6afc1fdb2c5a1d2b24d71c","7038","2024-07-08T13:45:00.000","ANDERSON LN / SHOAL CREEK BLVD","SOUTHBOUND","THRU","false","31","13.032","3.291","-0.097","0.301","7","8","2024","13","45","1","900"
"609f5fb451fff0bd5dc5e10982a077f4","7038","2024-07-08T13:45:00.000","ANDERSON LN / SHOAL CREEK BLVD","WESTBOUND","LEFT TURN","false","7","14.429","13.624","0.0","0.0","7","8","2024","13","45","1","900"
"fc3ab176c61bfbf170fb1bfbee9761a9","7038","2024-07-08T13:45:00.000","ANDERSON LN / SHOAL CREEK BLVD","WESTBOUND","RIGHT TURN","false","1","13.0","0.0","0.0","0.0","7","8","2024","13","45","1","900"
"1eb5b9a2ba7b6f5c0ecfef0df76d5419","7038","2024-07-08T13:45:00.000","ANDERSON LN / SHOAL CREEK BLVD","WESTBOUND","THRU","false","207","18.715","6.261","-0.498","0.501","7","8","2024","13","45","1","900"
"6ef1f9217395f33c287836bbc8e64b6c","7038","2024-07-08T13:45:00.000","ANDERSON LN / SHOAL CREEK BLVD","WESTBOUND","THRU","true","14","19.5","5.346","-0.429","0.514","7","8","2024","13","45","1","900"
"ebc39dacba47087b1aebd17e9b07bbb2","7343","2024-07-08T13:45:00.000","RIVERSIDE DR / BURTON DR","EASTBOUND","LEFT TURN","false","14","17.286","20.417","35.607","42.655","7","8","2024","13","45","1","900"
"2d7221d28ab343f5943248e143604312","7343","2024-07-08T13:45:00.000","RIVERSIDE DR / BURTON DR","EASTBOUND","LEFT TURN","true","4","15.0","6.272","17.825","31.598","7","8","2024","13","45","1","900"
"527f2f5e0f0b9c7d905f264febed41c7","7343","2024-07-08T13:45:00.000","RIVERSIDE DR / BURTON DR","EASTBOUND","THRU","false","59","33.695","10.719","1.893","3.616","7","8","2024","13","45","1","900"
"82c53bef9c9789fd8bfc9d5262c15170","7343","2024-07-08T13:45:00.000","RIVERSIDE DR / BURTON DR","EASTBOUND","THRU","true","157","34.038","11.028","2.638","6.012","7","8","2024","13","45","1","900"
"c128e7e987832fb5b151a0bbbf2eb00d","7343","2024-07-08T13:45:00.000","RIVERSIDE DR / BURTON DR","EASTBOUND","U-TURN","false","1","7.0","0.0","5.5","0.0","7","8","2024","13","45","1","900"
"123d2463da42a9a3fdb5afefba306e1d","7343","2024-07-08T13:45:00.000","RIVERSIDE DR / BURTON DR","NORTHBOUND","LEFT TURN","false","19","23.579","7.448","19.142","38.642","7","8","2024","13","45","1","900"
"609dea47f07c464a1cdfc70bdd4931f4","7343","2024-07-08T13:45:00.000","RIVERSIDE DR / BURTON DR","NORTHBOUND","RIGHT TURN","false","2","20.0","2.828","0.45","0.636","7","8","2024","13","45","1","900"
"f62444e405d54349c692ea958ca8ff6e","7343","2024-07-08T13:45:00.000","RIVERSIDE DR / BURTON DR","NORTHBOUND","RIGHT TURN","true","1","11.0","0.0","4.4","0.0","7","8","2024","13","45","1","900"
"c9c52a0a7dec1dc04e0ef9eeada98d38","7343","2024-07-08T13:45:00.000","RIVERSIDE DR / BURTON DR","NORTHBOUND","THRU","false","11","30.364","14.348","3.391","8.961","7","8","2024","13","45","1","900"
"f80afa5ab31054698957b6618289755d","7343","2024-07-08T13:45:00.000","RIVERSIDE DR / BURTON DR","NORTHBOUND","THRU","true","3","15.667","13.317","7.267","5.564","7","8","2024","13","45","1","900"
"c992405f6c3d4afafeb7d8cc169baea9","7343","2024-07-08T13:45:00.000","RIVERSIDE DR / BURTON DR","SOUTHBOUND","LEFT TURN","false","2","15.0","1.414","48.95","41.083","7","8","2024","13","45","1","900"
"64589e773997094203b2bb32562afab9","7343","2024-07-08T13:45:00.000","RIVERSIDE DR / BURTON DR","SOUTHBOUND","LEFT TURN","true","4","14.0","0.816","55.725","32.482","7","8","2024","13","45","1","900"
"a397a91ad040fbabab43104d3ee2836f","7343","2024-07-08T13:45:00.000","RIVERSIDE DR / BURTON DR","SOUTHBOUND","RIGHT TURN","false","19","9.737","1.661","11.058","19.969","7","8","2024","13","45","1","900"
"5ee2484606c2d48b1d7af44c97d08d1f","7343","2024-07-08T13:45:00.000","RIVERSIDE DR / BURTON DR","SOUTHBOUND","THRU","false","10","14.6","3.502","15.51","18.303","7","8","2024","13","45","1","900"
"5c5c2fa757cb48f0c1ae3e9c856c192f","7343","2024-07-08T13:45:00.000","RIVERSIDE DR / BURTON DR","SOUTHBOUND","THRU","true","7","16.571","2.76","41.529","51.06","7","8","2024","13","45","1","900"
"2a515735b8d5c8c479612e7be4a81850","7343","2024-07-08T13:45:00.000","RIVERSIDE DR / BURTON DR","WESTBOUND","LEFT TURN","false","14","9.643","5.5","35.379","49.46","7","8","2024","13","45","1","900"
"80ac0e2fbc4a84bbab32919e3e9ee6e7","7343","2024-07-08T13:45:00.000","RIVERSIDE DR / BURTON DR","WESTBOUND","LEFT TURN","true","2","8.5","2.121","5.75","7.283","7","8","2024","13","45","1","900"
"6710e9fea6fa3c3b46464376c55dd317","7343","2024-07-08T13:45:00.000","RIVERSIDE DR / BURTON DR","WESTBOUND","RIGHT TURN","false","7","0.429","1.134","2.986","2.464","7","8","2024","13","45","1","900"
"8f572eaa711fdc58aa48b994b58d1069","7343","2024-07-08T13:45:00.000","RIVERSIDE DR / BURTON DR","WESTBOUND","RIGHT TURN","true","1","20.0","0.0","3.7","0.0","7","8","2024","13","45","1","900"
"d408a362e6b2c17a05eab92e201381ef","7343","2024-07-08T13:45:00.000","RIVERSIDE DR / BURTON DR","WESTBOUND","THRU","false","206","33.16","17.025","4.122","13.098","7","8","2024","13","45","1","900"
"4193e6c8881138e51c0037a14766a2d5","7343","2024-07-08T13:45:00.000","RIVERSIDE DR / BURTON DR","WESTBOUND","THRU","true","13","33.923","16.044","0.962","0.935","7","8","2024","13","45","1","900"
"827deea0cd7f6066d2db00652c4159e0","6382","2024-07-08T13:45:00.000","FM 620 RD / DEERBROOK TRL","EASTBOUND","LEFT TURN","true","1","14.0","0.0","5.5","0.0","7","8","2024","13","45","1","900"
"322bc6bc33a02836b61df352d09155a3","6382","2024-07-08T13:45:00.000","FM 620 RD / DEERBROOK TRL","EASTBOUND","RIGHT TURN","false","1","8.0","0.0","0.0","0.0","7","8","2024","13","45","1","900"
"c069d4998943be81ae58391e2d6a10b6","6382","2024-07-08T13:45:00.000","FM 620 RD / DEERBROOK TRL","EASTBOUND","THRU","false","290","35.328","10.545","1.441","3.402","7","8","2024","13","45","1","900"
"e8bd87b04aff1d1802eaa414060d65c3","6382","2024-07-08T13:45:00.000","FM 620 RD / DEERBROOK TRL","EASTBOUND","THRU","true","16","38.688","6.052","0.981","0.482","7","8","2024","13","45","1","900"
"5d1695feaa0579cb9073fe33982ee8c7","6382","2024-07-08T13:45:00.000","FM 620 RD / DEERBROOK TRL","NORTHBOUND","LEFT TURN","false","4","7.75","3.096","49.975","65.306","7","8","2024","13","45","1","900"
"6608a83f8fe0df950a8932d5f3210aee","6382","2024-07-08T13:45:00.000","FM 620 RD / DEERBROOK TRL","NORTHBOUND","RIGHT TURN","false","14","3.357","2.53","27.171","25.026","7","8","2024","13","45","1","900"
"67e7582cf21254eb649fe33ad19f4782","6382","2024-07-08T13:45:00.000","FM 620 RD / DEERBROOK TRL","NORTHBOUND","THRU","false","1","102.0","0.0","0.1","0.0","7","8","2024","13","45","1","900"
"5a73ff7788adb3bf60d6b7da4b9080ff","6382","2024-07-08T13:45:00.000","FM 620 RD / DEERBROOK TRL","SOUTHBOUND","LEFT TURN","false","1","4.0","0.0","78.1","0.0","7","8","2024","13","45","1","900"
"3ee086e6604181f3a5c066c14b72dc31","6382","2024-07-08T13:45:00.000","FM 620 RD / DEERBROOK TRL","WESTBOUND","LEFT TURN","false","18","10.722","14.22","10.8","21.363","7","8","2024","13","45","1","900"
"38f0a43b8212eb2ea2504f4d0136bc4c","6382","2024-07-08T13:45:00.000","FM 620 RD / DEERBROOK TRL","WESTBOUND","LEFT TURN","true","1","17.0","0.0","1.7","0.0","7","8","2024","13","45","1","900"
"71ddf0cd3ffa2692ff135e28b0147289","6382","2024-07-08T13:45:00.000","FM 620 RD / DEERBROOK TRL","WESTBOUND","THRU","false","315","34.632","6.59","1.009","1.541","7","8","2024","13","45","1","900"
"c47a84596b73bf1373d8de14c1afef12","6382","2024-07-08T13:45:00.000","FM 620 RD / DEERBROOK TRL","WESTBOUND","THRU","true","30","37.633","17.298","1.437","3.138","7","8","2024","13","45","1","900"
"63518fcf4fcd732acf06cfd961c763f4","6382","2024-07-08T13:45:00.000","FM 620 RD / DEERBROOK TRL","WESTBOUND","U-TURN","false","1","19.0","0.0","0.9","0.0","7","8","2024","13","45","1","900"
"dde08c4ee54f3bbbd480afcb57a81b0d","6881","2024-07-08T13:45:00.000","SLAUGHTER LN / LINDSHIRE LN","EASTBOUND","RIGHT TURN","false","8","10.25","1.581","8.7","15.403","7","8","2024","13","45","1","900"
"5db41e3482c7dc0449a86abbcb2b7ede","6881","2024-07-08T13:45:00.000","SLAUGHTER LN / LINDSHIRE LN","EASTBOUND","THRU","false","184","26.842","12.074","4.669","9.989","7","8","2024","13","45","1","900"
"b169742c54890403acb4e3c2da09517d","6881","2024-07-08T13:45:00.000","SLAUGHTER LN / LINDSHIRE LN","EASTBOUND","THRU","true","7","23.429","6.63","8.857","18.009","7","8","2024","13","45","1","900"
"b6cf3c3f39aa86b2640c787559abfd4d","6881","2024-07-08T13:45:00.000","SLAUGHTER LN / LINDSHIRE LN","NORTHBOUND","LEFT TURN","false","22","6.182","4.866","19.786","35.123","7","8","2024","13","45","1","900"
"8763d930175d20beb0ca9befc12056e6","6881","2024-07-08T13:45:00.000","SLAUGHTER LN / LINDSHIRE LN","NORTHBOUND","LEFT TURN","true","1","0.0","0.0","4.1","0.0","7","8","2024","13","45","1","900"
"56cf6672fda24fe907a0e7789eb783a8","6881","2024-07-08T13:45:00.000","SLAUGHTER LN / LINDSHIRE LN","NORTHBOUND","RIGHT TURN","false","4","3.25","5.852","0.35","0.379","7","8","2024","13","45","1","900"
"fd4b05cbe1ca737fe358142c8bcefe28","6881","2024-07-08T13:45:00.000","SLAUGHTER LN / LINDSHIRE LN","WESTBOUND","LEFT TURN","false","4","9.0","2.708","17.15","10.378","7","8","2024","13","45","1","900"
"f9e546b404c672868d1461e73ed5c940","6881","2024-07-08T13:45:00.000","SLAUGHTER LN / LINDSHIRE LN","WESTBOUND","LEFT TURN","true","2","18.0","11.314","15.4","20.789","7","8","2024","13","45","1","900"
"069a81ee151fe200e97e57b1d684db6a","6881","2024-07-08T13:45:00.000","SLAUGHTER LN / LINDSHIRE LN","WESTBOUND","THRU","false","210","28.224","6.247","1.854","2.834","7","8","2024","13","45","1","900"
"1c2690bbecf832b818f2ab75273217a6","6881","2024-07-08T13:45:00.000","SLAUGHTER LN / LINDSHIRE LN","WESTBOUND","THRU","true","8","30.875","3.907","1.462","0.607","7","8","2024","13","45","1","900"
"c5a977c2714133d839912d6ede3d0c02","6808","2024-07-08T13:45:00.000","OLTORF ST / 4TH ST","EASTBOUND","LEFT TURN","false","4","9.25","12.685","47.975","36.056","7","8","2024","13","45","1","900"
"3b378b04486ca12b1d5ec6bdc671418f","6808","2024-07-08T13:45:00.000","OLTORF ST / 4TH ST","EASTBOUND","RIGHT TURN","false","17","10.647","18.97","1.476","1.401","7","8","2024","13","45","1","900"
"5e06980a7fa183276221fe3510356593","6808","2024-07-08T13:45:00.000","OLTORF ST / 4TH ST","EASTBOUND","RIGHT TURN","true","1","6.0","0.0","2.4","0.0","7","8","2024","13","45","1","900"
"8228c77c0338037fa3e776ac9b2c636d","6808","2024-07-08T13:45:00.000","OLTORF ST / 4TH ST","EASTBOUND","THRU","false","46","8.587","8.911","7.374","20.311","7","8","2024","13","45","1","900"
"1946dfaf9f40da76c63b0c069dd4ddda","6808","2024-07-08T13:45:00.000","OLTORF ST / 4TH ST","NORTHBOUND","LEFT TURN","false","17","8.941","11.713","7.465","20.241","7","8","2024","13","45","1","900"
"6d514dbaef9dd94e9e22f44572e1d973","6808","2024-07-08T13:45:00.000","OLTORF ST / 4TH ST","NORTHBOUND","RIGHT TURN","false","8","4.875","2.416","6.1","11.023","7","8","2024","13","45","1","900"
"bbe51297f906b0df2af07c7839524a9e","6808","2024-07-08T13:45:00.000","OLTORF ST / 4TH ST","NORTHBOUND","RIGHT TURN","true","1","6.0","0.0","0.2","0.0","7","8","2024","13","45","1","900"
"187c28a72ced913511987d3faa28f846","6808","2024-07-08T13:45:00.000","OLTORF ST / 4TH ST","NORTHBOUND","THRU","false","57","9.421","6.497","1.137","1.167","7","8","2024","13","45","1","900"
"e7377587cbf09366f99e833aec868d19","6808","2024-07-08T13:45:00.000","OLTORF ST / 4TH ST","NORTHBOUND","THRU","true","1","11.0","0.0","3.4","0.0","7","8","2024","13","45","1","900"
"0e739d9ecb9bdef973ddc7711a9f59dc","6808","2024-07-08T13:45:00.000","OLTORF ST / 4TH ST","SOUTHBOUND","LEFT TURN","false","19","6.474","3.007","17.011","34.104","7","8","2024","13","45","1","900"
"1b416574117aad95fc227c46a9c7194e","6808","2024-07-08T13:45:00.000","OLTORF ST / 4TH ST","SOUTHBOUND","RIGHT TURN","false","6","5.333","1.211","2.717","1.227","7","8","2024","13","45","1","900"
"ad29036ea2555e41a0e08eefffc769c4","6808","2024-07-08T13:45:00.000","OLTORF ST / 4TH ST","SOUTHBOUND","THRU","false","78","11.0","4.297","8.55","20.148","7","8","2024","13","45","1","900"
"89f0129f75721e157f8e75b304ef5b74","6808","2024-07-08T13:45:00.000","OLTORF ST / 4TH ST","WESTBOUND","LEFT TURN","false","10","6.2","2.616","14.85","30.151","7","8","2024","13","45","1","900"
"951797461433052fdabe0fb50ce13f6b","6808","2024-07-08T13:45:00.000","OLTORF ST / 4TH ST","WESTBOUND","RIGHT TURN","false","12","6.083","0.9","9.133","21.053","7","8","2024","13","45","1","900"
"a78d00b816926fed0a002b25691c7738","6808","2024-07-08T13:45:00.000","OLTORF ST / 4TH ST","WESTBOUND","THRU","false","61","9.492","2.987","13.82","24.892","7","8","2024","13","45","1","900"
"b94684b37c455a2bc6d25d02e63eb019","6808","2024-07-08T13:45:00.000","OLTORF ST / 4TH ST","WESTBOUND","THRU","true","1","7.0","0.0","105.0","0.0","7","8","2024","13","45","1","900"
"9242d3c6d434ec3e87e6d66b08404597","6653","2024-07-08T13:30:00.000","38TH ST / MEDICAL PKWY","EASTBOUND","LEFT TURN","false","13","13.0","6.916","18.669","28.791","7","8","2024","13","30","1","900"
"8b004feca900d89c03168b21b51e2959","6653","2024-07-08T13:30:00.000","38TH ST / MEDICAL PKWY","EASTBOUND","LEFT TURN","true","11","11.727","4.077","17.336","30.378","7","8","2024","13","30","1","900"
"11f716bf1bc00c2abd5d56ec4d05bc4b","6653","2024-07-08T13:30:00.000","38TH ST / MEDICAL PKWY","EASTBOUND","RIGHT TURN","false","25","8.6","3.279","2.3","2.947","7","8","2024","13","30","1","900"
"8f69b9dd9dddaeb5dc8a7ae777255cdb","6653","2024-07-08T13:30:00.000","38TH ST / MEDICAL PKWY","EASTBOUND","RIGHT TURN","true","8","11.0","3.586","1.625","1.371","7","8","2024","13","30","1","900"
"88fec8c402053846d2b9bff008ee9d30","6653","2024-07-08T13:30:00.000","38TH ST / MEDICAL PKWY","EASTBOUND","THRU","false","149","19.121","6.506","13.041","22.734","7","8","2024","13","30","1","900"
"4af517e7f59d7402f373121bd3f8f005","6653","2024-07-08T13:30:00.000","38TH ST / MEDICAL PKWY","EASTBOUND","THRU","true","22","17.864","5.454","15.177","25.667","7","8","2024","13","30","1","900"
"5d1ba4026b53b2cefa55ceead1e21c96","6653","2024-07-08T13:30:00.000","38TH ST / MEDICAL PKWY","NORTHBOUND","LEFT TURN","false","6","8.167","5.193","27.367","43.778","7","8","2024","13","30","1","900"
"c8f2ba9e31744e1951f8288b3db82d4b","6653","2024-07-08T13:30:00.000","38TH ST / MEDICAL PKWY","NORTHBOUND","LEFT TURN","true","4","10.25","2.363","0.2","0.337","7","8","2024","13","30","1","900"
"48c8c01c8939b73b597f7596267f7d88","6653","2024-07-08T13:30:00.000","38TH ST / MEDICAL PKWY","NORTHBOUND","RIGHT TURN","false","15","5.8","4.263","26.707","28.281","7","8","2024","13","30","1","900"
"7ed1f67d88638701e4e26a21293f70d3","6653","2024-07-08T13:30:00.000","38TH ST / MEDICAL PKWY","NORTHBOUND","RIGHT TURN","true","1","12.0","0.0","4.8","0.0","7","8","2024","13","30","1","900"
"784420ac0cf6516725aa8847a30edf85","6653","2024-07-08T13:30:00.000","38TH ST / MEDICAL PKWY","NORTHBOUND","THRU","false","16","8.625","6.376","39.444","28.782","7","8","2024","13","30","1","900"
"eb7a143e8b8f5973cf26735a9fb96526","6653","2024-07-08T13:30:00.000","38TH ST / MEDICAL PKWY","SOUTHBOUND","LEFT TURN","false","16","13.0","4.619","33.269","34.799","7","8","2024","13","30","1","900"
"747ca1b54830a3dfe1ef64b570b585d0","6653","2024-07-08T13:30:00.000","38TH ST / MEDICAL PKWY","SOUTHBOUND","RIGHT TURN","false","1","9.0","0.0","3.2","0.0","7","8","2024","13","30","1","900"
"93f41e70056933a92887b14ba5ce681c","6653","2024-07-08T13:30:00.000","38TH ST / MEDICAL PKWY","SOUTHBOUND","RIGHT TURN","true","11","10.636","6.439","5.555","6.355","7","8","2024","13","30","1","900"
"0bbbd67401b34cacc312a58e4946363b","6653","2024-07-08T13:30:00.000","38TH ST / MEDICAL PKWY","SOUTHBOUND","THRU","false","7","14.143","5.61","35.5","41.701","7","8","2024","13","30","1","900"
"47fba328816b80703b5f9a7d9cbd2c99","6653","2024-07-08T13:30:00.000","38TH ST / MEDICAL PKWY","SOUTHBOUND","THRU","true","1","18.0","0.0","1.1","0.0","7","8","2024","13","30","1","900"
"672dddcae2aba1e3d4fad0cd1597b068","6653","2024-07-08T13:30:00.000","38TH ST / MEDICAL PKWY","WESTBOUND","LEFT TURN","false","6","8.333","7.607","15.65","15.786","7","8","2024","13","30","1","900"
"cb7c7acf09a08fe4ee005b06b19cb836","6653","2024-07-08T13:30:00.000","38TH ST / MEDICAL PKWY","WESTBOUND","LEFT TURN","true","2","17.5","12.021","0.85","0.636","7","8","2024","13","30","1","900"
"860215ad3944cf468989b36d366bed31","6653","2024-07-08T13:30:00.000","38TH ST / MEDICAL PKWY","WESTBOUND","RIGHT TURN","false","6","8.5","4.764","1.25","1.184","7","8","2024","13","30","1","900"
"4c24478b0efd70503b8bd15338592810","6653","2024-07-08T13:30:00.000","38TH ST / MEDICAL PKWY","WESTBOUND","RIGHT TURN","true","5","12.4","7.925","1.1","1.427","7","8","2024","13","30","1","900"
"322c2c6424adcc65cb8bfeff34ff9053","6653","2024-07-08T13:30:00.000","38TH ST / MEDICAL PKWY","WESTBOUND","THRU","false","125","18.488","6.375","6.813","16.523","7","8","2024","13","30","1","900"
"428fd61f4fcac52b53e3790bdd2cca22","6653","2024-07-08T13:30:00.000","38TH ST / MEDICAL PKWY","WESTBOUND","THRU","true","68","22.088","5.675","1.151","1.242","7","8","2024","13","30","1","900"
"1a713057aa7a12d50f23fe0e03fabb54","6882","2024-07-08T13:30:00.000","AIRPORT BLVD / 51ST ST","EASTBOUND","LEFT TURN","false","8","8.875","4.643","7.35","16.442","7","8","2024","13","30","1","900"
"1e01ef00125a2beb56b4bef01a31d367","6882","2024-07-08T13:30:00.000","AIRPORT BLVD / 51ST ST","EASTBOUND","RIGHT TURN","false","35","9.714","3.93","8.957","15.827","7","8","2024","13","30","1","900"
"8f30c343e595c47fb0e9cca8dd8b01ac","6882","2024-07-08T13:30:00.000","AIRPORT BLVD / 51ST ST","EASTBOUND","THRU","false","54","13.519","6.451","3.431","12.084","7","8","2024","13","30","1","900"
"c8a64c469e56d235b65206b05f2642ef","6882","2024-07-08T13:30:00.000","AIRPORT BLVD / 51ST ST","EASTBOUND","THRU","true","7","30.286","7.931","0.857","0.378","7","8","2024","13","30","1","900"
"179c3107c5b07bc564af79cc2135546c","6882","2024-07-08T13:30:00.000","AIRPORT BLVD / 51ST ST","NORTHBOUND","LEFT TURN","false","6","4.333","3.615","37.733","43.537","7","8","2024","13","30","1","900"
"93803d58cc42fe507125df4ce735fe07","6882","2024-07-08T13:30:00.000","AIRPORT BLVD / 51ST ST","NORTHBOUND","THRU","false","1","15.0","0.0","0.0","0.0","7","8","2024","13","30","1","900"
"2bdd1f70872d370324844a9534547c08","6882","2024-07-08T13:30:00.000","AIRPORT BLVD / 51ST ST","NORTHBOUND","THRU","true","1","5.0","0.0","11.8","0.0","7","8","2024","13","30","1","900"
"400b5c5718d40b04a563bf03d824bfc1","6882","2024-07-08T13:30:00.000","AIRPORT BLVD / 51ST ST","SOUTHBOUND","LEFT TURN","false","5","16.0","7.906","1.7","1.21","7","8","2024","13","30","1","900"
"0eebcc1becca1f9b6d303886648188c9","6882","2024-07-08T13:30:00.000","AIRPORT BLVD / 51ST ST","SOUTHBOUND","RIGHT TURN","false","2","9.0","1.414","14.55","6.576","7","8","2024","13","30","1","900"
"1606497bb050dfd42cddb7091854a721","6882","2024-07-08T13:30:00.000","AIRPORT BLVD / 51ST ST","SOUTHBOUND","RIGHT TURN","true","2","10.5","0.707","3.8","0.566","7","8","2024","13","30","1","900"
"ed6af1d756582adb2a1fb1b1ec08089f","6882","2024-07-08T13:30:00.000","AIRPORT BLVD / 51ST ST","SOUTHBOUND","THRU","false","106","29.698","12.942","11.748","21.84","7","8","2024","13","30","1","900"
"1b53ba08b08b1bf0d09e212369742a90","6882","2024-07-08T13:30:00.000","AIRPORT BLVD / 51ST ST","SOUTHBOUND","THRU","true","8","36.125","6.896","1.912","0.579","7","8","2024","13","30","1","900"
"3766e58abdc0d31fdf583bc69622cfcd","6882","2024-07-08T13:30:00.000","AIRPORT BLVD / 51ST ST","WESTBOUND","LEFT TURN","false","11","8.091","9.224","31.818","59.696","7","8","2024","13","30","1","900"
"70eac80760177c0161f0ea9f9116820b","6882","2024-07-08T13:30:00.000","AIRPORT BLVD / 51ST ST","WESTBOUND","LEFT TURN","true","1","0.0","0.0","2.0","0.0","7","8","2024","13","30","1","900"
"c4e0d5a401f64c7e2e0860dda1e93b8e","6882","2024-07-08T13:30:00.000","AIRPORT BLVD / 51ST ST","WESTBOUND","RIGHT TURN","false","11","2.636","4.007","14.636","29.993","7","8","2024","13","30","1","900"
"5c4c2c94b72cbe9125c10e50fb6d5bd6","6882","2024-07-08T13:30:00.000","AIRPORT BLVD / 51ST ST","WESTBOUND","RIGHT TURN","true","1","6.0","0.0","1.2","0.0","7","8","2024","13","30","1","900"
"2d2a64777bb240585528d957bf6905c0","6882","2024-07-08T13:30:00.000","AIRPORT BLVD / 51ST ST","WESTBOUND","THRU","false","37","7.108","15.101","13.214","28.266","7","8","2024","13","30","1","900"
"b804a92134552eb9fdc97b2c0c2c4f30","6882","2024-07-08T13:30:00.000","AIRPORT BLVD / 51ST ST","WESTBOUND","THRU","true","5","8.8","3.701","1.52","1.982","7","8","2024","13","30","1","900"
"b9d5d3f71c646ddcd22c1811eeef86a5","7038","2024-07-08T13:30:00.000","ANDERSON LN / SHOAL CREEK BLVD","EASTBOUND","LEFT TURN","false","28","13.679","7.902","0.0","0.0","7","8","2024","13","30","1","900"
"eb8e3e8dd860450340dd684f6e14d97d","7038","2024-07-08T13:30:00.000","ANDERSON LN / SHOAL CREEK BLVD","EASTBOUND","LEFT TURN","true","4","12.75","2.63","0.0","0.0","7","8","2024","13","30","1","900"
"117194543d7262ab95edc52c2bc0aab4","7038","2024-07-08T13:30:00.000","ANDERSON LN / SHOAL CREEK BLVD","EASTBOUND","RIGHT TURN","false","21","9.333","4.509","0.0","0.0","7","8","2024","13","30","1","900"
"b5d625638bd7f4fd509d05ddbee6c3a6","7038","2024-07-08T13:30:00.000","ANDERSON LN / SHOAL CREEK BLVD","EASTBOUND","THRU","false","184","25.283","9.756","-0.033","0.178","7","8","2024","13","30","1","900"
"51b73907c590a787860991d3a0e0aa7a","7038","2024-07-08T13:30:00.000","ANDERSON LN / SHOAL CREEK BLVD","EASTBOUND","THRU","true","4","20.75","14.614","0.0","0.0","7","8","2024","13","30","1","900"
"df4c5e52ff53dc6106ba9ac2cfac8c95","7038","2024-07-08T13:30:00.000","ANDERSON LN / SHOAL CREEK BLVD","NORTHBOUND","LEFT TURN","false","55","12.055","4.482","-0.273","0.449","7","8","2024","13","30","1","900"
"8c193c537832c42a21f5eaa88be17d47","7038","2024-07-08T13:30:00.000","ANDERSON LN / SHOAL CREEK BLVD","NORTHBOUND","LEFT TURN","true","3","10.0","3.0","0.0","0.0","7","8","2024","13","30","1","900"
"3c5e93d77e6108025f63759ea2cacc09","7038","2024-07-08T13:30:00.000","ANDERSON LN / SHOAL CREEK BLVD","NORTHBOUND","RIGHT TURN","false","11","4.909","3.78","0.0","0.0","7","8","2024","13","30","1","900"
"147bea5c3549e06570d8056fee12e592","7038","2024-07-08T13:30:00.000","ANDERSON LN / SHOAL CREEK BLVD","NORTHBOUND","RIGHT TURN","true","2","8.0","1.414","0.0","0.0","7","8","2024","13","30","1","900"
"d8c76a0296c91b08a4251516c244185b","7038","2024-07-08T13:30:00.000","ANDERSON LN / SHOAL CREEK BLVD","NORTHBOUND","THRU","false","35","13.571","10.634","-0.114","0.323","7","8","2024","13","30","1","900"
"a0bbb8f76562173a90955dafb8ed4bf7","7038","2024-07-08T13:30:00.000","ANDERSON LN / SHOAL CREEK BLVD","SOUTHBOUND","LEFT TURN","false","39","12.179","2.78","-0.051","0.223","7","8","2024","13","30","1","900"
"e118984b2726052dadbfa08f3afb1ad9","7038","2024-07-08T13:30:00.000","ANDERSON LN / SHOAL CREEK BLVD","SOUTHBOUND","LEFT TURN","true","1","14.0","0.0","0.0","0.0","7","8","2024","13","30","1","900"
"41c41da70ae8f14bdd8b8889b2266eac","7038","2024-07-08T13:30:00.000","ANDERSON LN / SHOAL CREEK BLVD","SOUTHBOUND","RIGHT TURN","false","33","6.121","2.955","0.0","0.0","7","8","2024","13","30","1","900"
"249ccad0e42c396655945ebcedc44c46","7038","2024-07-08T13:30:00.000","ANDERSON LN / SHOAL CREEK BLVD","SOUTHBOUND","RIGHT TURN","true","2","6.5","2.121","0.0","0.0","7","8","2024","13","30","1","900"
"097d9838b7ecdfaaefb638537225ee07","7038","2024-07-08T13:30:00.000","ANDERSON LN / SHOAL CREEK BLVD","SOUTHBOUND","THRU","false","27","11.889","4.677","-0.111","0.32","7","8","2024","13","30","1","900"
"1f1b26c5a228f7844feb469447568af4","7038","2024-07-08T13:30:00.000","ANDERSON LN / SHOAL CREEK BLVD","SOUTHBOUND","THRU","true","1","17.0","0.0","0.0","0.0","7","8","2024","13","30","1","900"
"003ef4fb44032bd0aeb47c2fe0e9ddc0","7038","2024-07-08T13:30:00.000","ANDERSON LN / SHOAL CREEK BLVD","WESTBOUND","LEFT TURN","false","5","6.6","6.877","-0.4","0.548","7","8","2024","13","30","1","900"
"14d82e6aa4520c5f82fed382adda78c0","7038","2024-07-08T13:30:00.000","ANDERSON LN / SHOAL CREEK BLVD","WESTBOUND","THRU","false","190","18.474","5.96","-0.5","0.501","7","8","2024","13","30","1","900"
"c22b2d9f763aedcc603fe669a0274b98","7038","2024-07-08T13:30:00.000","ANDERSON LN / SHOAL CREEK BLVD","WESTBOUND","THRU","true","13","19.615","6.971","-0.538","0.519","7","8","2024","13","30","1","900"
"58624c86d22fc5f0da076fc1a44eea09","7343","2024-07-08T13:30:00.000","RIVERSIDE DR / BURTON DR","EASTBOUND","LEFT TURN","false","12","12.0","3.133","43.267","46.043","7","8","2024","13","30","1","900"
"666d7f96e088be0ebf4ca417b0ac08ba","7343","2024-07-08T13:30:00.000","RIVERSIDE DR / BURTON DR","EASTBOUND","LEFT TURN","true","2","9.0","0.0","3.5","0.283","7","8","2024","13","30","1","900"
"22e03a15c5854f75c04d748ea59cfe0f","7343","2024-07-08T13:30:00.000","RIVERSIDE DR / BURTON DR","EASTBOUND","RIGHT TURN","false","1","9.0","0.0","0.1","0.0","7","8","2024","13","30","1","900"
"be4f1b5b322ffe773611b1e6f66304e7","7343","2024-07-08T13:30:00.000","RIVERSIDE DR / BURTON DR","EASTBOUND","RIGHT TURN","true","2","13.0","4.243","1.05","1.485","7","8","2024","13","30","1","900"
"c1bec5fbc65a0ea2186e22254375c7b6","7343","2024-07-08T13:30:00.000","RIVERSIDE DR / BURTON DR","EASTBOUND","THRU","false","75","32.293","10.839","3.028","7.408","7","8","2024","13","30","1","900"
"3a96a2345eca47a11d8d53e8e92353e8","7343","2024-07-08T13:30:00.000","RIVERSIDE DR / BURTON DR","EASTBOUND","THRU","true","148","31.5","11.258","6.437","23.94","7","8","2024","13","30","1","900"
"54776d3be25051ff4bc0aeabe8ee4815","7343","2024-07-08T13:30:00.000","RIVERSIDE DR / BURTON DR","EASTBOUND","U-TURN","false","2","8.5","0.707","57.45","81.105","7","8","2024","13","30","1","900"
"0e569b863b69673708c8a441147eaace","7343","2024-07-08T13:30:00.000","RIVERSIDE DR / BURTON DR","NORTHBOUND","LEFT TURN","false","13","22.231","18.07","37.777","70.801","7","8","2024","13","30","1","900"
"e16e4797fdca768c44ddbc932c17063b","7343","2024-07-08T13:30:00.000","RIVERSIDE DR / BURTON DR","NORTHBOUND","LEFT TURN","true","2","18.0","25.456","1.95","1.061","7","8","2024","13","30","1","900"
"9c29ee8304d7777f2735bb215e1efc2e","7343","2024-07-08T13:30:00.000","RIVERSIDE DR / BURTON DR","NORTHBOUND","RIGHT TURN","false","2","18.5","0.707","0.1","0.141","7","8","2024","13","30","1","900"
"05d0c9ffb7e99f7518897a9637fb0527","7343","2024-07-08T13:30:00.000","RIVERSIDE DR / BURTON DR","NORTHBOUND","RIGHT TURN","true","2","15.0","4.243","1.8","2.404","7","8","2024","13","30","1","900"
"72c8e29c0c4a786d5d8bc752723f3935","7343","2024-07-08T13:30:00.000","RIVERSIDE DR / BURTON DR","NORTHBOUND","THRU","false","15","27.2","7.858","1.727","2.304","7","8","2024","13","30","1","900"
"1eca33c7645f1177b76c40480e90eeef","7343","2024-07-08T13:30:00.000","RIVERSIDE DR / BURTON DR","NORTHBOUND","THRU","true","5","34.6","12.178","1.12","1.199","7","8","2024","13","30","1","900"
"c3b5a2ee3c480f4e6cae816660b24a2b","7343","2024-07-08T13:30:00.000","RIVERSIDE DR / BURTON DR","SOUTHBOUND","LEFT TURN","false","5","14.2","5.404","35.02","51.461","7","8","2024","13","30","1","900"
"1c2c31eb4c0f38b33e768525f34f4e93","7343","2024-07-08T13:30:00.000","RIVERSIDE DR / BURTON DR","SOUTHBOUND","LEFT TURN","true","6","15.0","1.549","64.05","52.742","7","8","2024","13","30","1","900"
"4f54eb744c772ecdc7f93bc08a1276ef","7343","2024-07-08T13:30:00.000","RIVERSIDE DR / BURTON DR","SOUTHBOUND","RIGHT TURN","false","12","11.5","2.576","17.433","29.565","7","8","2024","13","30","1","900"
"15bbb07f3c7f9786d31a2244d794c9ba","7343","2024-07-08T13:30:00.000","RIVERSIDE DR / BURTON DR","SOUTHBOUND","THRU","false","9","14.667","3.742","43.244","38.569","7","8","2024","13","30","1","900"
"8e40254972bddbab5428a39227ac92b7","7343","2024-07-08T13:30:00.000","RIVERSIDE DR / BURTON DR","SOUTHBOUND","THRU","true","8","15.625","3.292","20.825","24.947","7","8","2024","13","30","1","900"
"774a8d291956e5258d660b1f125d54e7","7343","2024-07-08T13:30:00.000","RIVERSIDE DR / BURTON DR","WESTBOUND","LEFT TURN","false","16","10.312","4.222","11.181","27.624","7","8","2024","13","30","1","900"
"1934a767bac3274700420a5442864bd7","7343","2024-07-08T13:30:00.000","RIVERSIDE DR / BURTON DR","WESTBOUND","LEFT TURN","true","2","17.5","3.536","1.25","1.626","7","8","2024","13","30","1","900"
"0c4db292aba06a5a6d48a341b27d83fc","7343","2024-07-08T13:30:00.000","RIVERSIDE DR / BURTON DR","WESTBOUND","RIGHT TURN","false","4","10.25","11.899","5.575","4.641","7","8","2024","13","30","1","900"
"c91d6f52fc68cc25c705ed2e649fe37b","7343","2024-07-08T13:30:00.000","RIVERSIDE DR / BURTON DR","WESTBOUND","RIGHT TURN","true","2","7.0","9.899","0.9","0.141","7","8","2024","13","30","1","900"
"83ff2a9f99ff67e95942ba92c8c02ccf","7343","2024-07-08T13:30:00.000","RIVERSIDE DR / BURTON DR","WESTBOUND","THRU","false","231","29.766","18.188","3.681","11.323","7","8","2024","13","30","1","900"
"f3a02461b4ea6e5aaa4c3e5504349557","7343","2024-07-08T13:30:00.000","RIVERSIDE DR / BURTON DR","WESTBOUND","THRU","true","16","29.812","25.143","9.631","23.419","7","8","2024","13","30","1","900"
"a1dfb235cdcbe4e5ad226cb48c001381","6382","2024-07-08T13:30:00.000","FM 620 RD / DEERBROOK TRL","EASTBOUND","THRU","false","289","36.412","9.73","1.475","3.357","7","8","2024","13","30","1","900"
"2123538c29831086337069d6354833c8","6382","2024-07-08T13:30:00.000","FM 620 RD / DEERBROOK TRL","EASTBOUND","THRU","true","9","36.222","11.311","0.778","0.776","7","8","2024","13","30","1","900"
"02d4f3fa98606d61692087c58184f443","6382","2024-07-08T13:30:00.000","FM 620 RD / DEERBROOK TRL","NORTHBOUND","LEFT TURN","false","3","4.0","2.646","110.0","24.295","7","8","2024","13","30","1","900"
"532c0e9298a1474eabd6ec6f95c9db71","6382","2024-07-08T13:30:00.000","FM 620 RD / DEERBROOK TRL","NORTHBOUND","RIGHT TURN","false","27","2.926","2.63","11.948","10.432","7","8","2024","13","30","1","900"
"aab07c041faaafe0f7088006e101ceb2","6382","2024-07-08T13:30:00.000","FM 620 RD / DEERBROOK TRL","NORTHBOUND","RIGHT TURN","true","1","8.0","0.0","9.3","0.0","7","8","2024","13","30","1","900"
"eac35d5b80b6e699107d8405fb295f11","6382","2024-07-08T13:30:00.000","FM 620 RD / DEERBROOK TRL","NORTHBOUND","THRU","false","1","87.0","0.0","0.1","0.0","7","8","2024","13","30","1","900"
"6831ba7817d3b998932906680c7c9932","6382","2024-07-08T13:30:00.000","FM 620 RD / DEERBROOK TRL","SOUTHBOUND","LEFT TURN","false","1","3.0","0.0","32.6","0.0","7","8","2024","13","30","1","900"
"802d43d388bdcc6bb47d1e0610fcd3a7","6382","2024-07-08T13:30:00.000","FM 620 RD / DEERBROOK TRL","WESTBOUND","LEFT TURN","false","15","10.667","6.466","1.827","4.907","7","8","2024","13","30","1","900"
"34368627e2dda2c2056688f98407d37a","6382","2024-07-08T13:30:00.000","FM 620 RD / DEERBROOK TRL","WESTBOUND","LEFT TURN","true","2","10.5","0.707","2.05","2.899","7","8","2024","13","30","1","900"
"178c03f55c3a050d7009010dc7f603ab","6382","2024-07-08T13:30:00.000","FM 620 RD / DEERBROOK TRL","WESTBOUND","RIGHT TURN","false","1","17.0","0.0","1.5","0.0","7","8","2024","13","30","1","900"
"3dccbc6ad0baf1dc60d9354096a969a4","6382","2024-07-08T13:30:00.000","FM 620 RD / DEERBROOK TRL","WESTBOUND","THRU","false","332","35.416","6.802","0.958","1.323","7","8","2024","13","30","1","900"
"11cd7b255700f19fabb0f99d2c0a436b","6382","2024-07-08T13:30:00.000","FM 620 RD / DEERBROOK TRL","WESTBOUND","THRU","true","22","36.364","8.313","0.886","0.306","7","8","2024","13","30","1","900"
"ef0be566c5534815295691e046715258","6881","2024-07-08T13:30:00.000","SLAUGHTER LN / LINDSHIRE LN","EASTBOUND","LEFT TURN","false","1","36.0","0.0","0.4","0.0","7","8","2024","13","30","1","900"
"6853ebcaaa2a46a08fb0278a55529edd","6881","2024-07-08T13:30:00.000","SLAUGHTER LN / LINDSHIRE LN","EASTBOUND","RIGHT TURN","false","17","12.059","9.371","3.188","0.833","7","8","2024","13","30","1","900"
"3dbde675a2c03a45710a456d20480665","6881","2024-07-08T13:30:00.000","SLAUGHTER LN / LINDSHIRE LN","EASTBOUND","THRU","false","221","30.181","8.809","3.169","7.483","7","8","2024","13","30","1","900"
"caccfa5395aa2c84e5de557341d5ccc5","6881","2024-07-08T13:30:00.000","SLAUGHTER LN / LINDSHIRE LN","EASTBOUND","THRU","true","9","33.0","9.605","2.144","2.828","7","8","2024","13","30","1","900"
"d5a66d7ea70d5465560e537a6fe87be9","6881","2024-07-08T13:30:00.000","SLAUGHTER LN / LINDSHIRE LN","EASTBOUND","U-TURN","false","2","6.0","1.414","4.75","2.758","7","8","2024","13","30","1","900"
"5fba7c21d1ec0eac7acd8e75692b893b","6881","2024-07-08T13:30:00.000","SLAUGHTER LN / LINDSHIRE LN","NORTHBOUND","LEFT TURN","false","15","4.867","5.475","23.273","33.31","7","8","2024","13","30","1","900"
"e54b7f0e5ef19c4b8b1beeb4d67d3c6f","6881","2024-07-08T13:30:00.000","SLAUGHTER LN / LINDSHIRE LN","NORTHBOUND","LEFT TURN","true","2","0.0","0.0","50.9","66.751","7","8","2024","13","30","1","900"
"782d2d38d71605c7dd5e3a676b9ba894","6881","2024-07-08T13:30:00.000","SLAUGHTER LN / LINDSHIRE LN","NORTHBOUND","RIGHT TURN","false","4","2.25","2.872","7.1","6.15","7","8","2024","13","30","1","900"
"e15ea5ba4ece3eea624783bba19b5cea","6881","2024-07-08T13:30:00.000","SLAUGHTER LN / LINDSHIRE LN","NORTHBOUND","THRU","false","1","24.0","0.0","0.4","0.0","7","8","2024","13","30","1","900"
"39848f4900384b7ca5e6ea4830241301","6881","2024-07-08T13:30:00.000","SLAUGHTER LN / LINDSHIRE LN","SOUTHBOUND","LEFT TURN","false","1","5.0","0.0","81.3","0.0","7","8","2024","13","30","1","900"
"c9c6e6078e705ca4c928e573c4b1bf3f","6881","2024-07-08T13:30:00.000","SLAUGHTER LN / LINDSHIRE LN","SOUTHBOUND","RIGHT TURN","false","1","5.0","0.0","6.4","0.0","7","8","2024","13","30","1","900"
"f3177d2bf91d4d7b6527091e9fb11290","6881","2024-07-08T13:30:00.000","SLAUGHTER LN / LINDSHIRE LN","WESTBOUND","LEFT TURN","false","1","7.0","0.0","12.2","0.0","7","8","2024","13","30","1","900"
"d8b609b7eb771e6e0461b081628119b8","6881","2024-07-08T13:30:00.000","SLAUGHTER LN / LINDSHIRE LN","WESTBOUND","RIGHT TURN","false","1","9.0","0.0","2.6","0.0","7","8","2024","13","30","1","900"
"4785e7e43ef0b38e5361bc1eb7b9ba13","6881","2024-07-08T13:30:00.000","SLAUGHTER LN / LINDSHIRE LN","WESTBOUND","THRU","false","182","27.747","6.113","2.021","3.421","7","8","2024","13","30","1","900"
"27c219fdf9c2a215c4c31b6dd527bfda","6881","2024-07-08T13:30:00.000","SLAUGHTER LN / LINDSHIRE LN","WESTBOUND","THRU","true","15","28.6","3.621","1.227","0.85","7","8","2024","13","30","1","900"
"2a51c340503973151a546dddaa89f577","6808","2024-07-08T13:30:00.000","OLTORF ST / 4TH ST","EASTBOUND","LEFT TURN","false","6","2.167","2.137","3.533","5.815","7","8","2024","13","30","1","900"
"d9ebe23d619e953906c3580838c6170b","6808","2024-07-08T13:30:00.000","OLTORF ST / 4TH ST","EASTBOUND","RIGHT TURN","false","21","5.667","4.282","7.876","14.455","7","8","2024","13","30","1","900"
"2d74152497a803536d8f04ed99d74e4b","6808","2024-07-08T13:30:00.000","OLTORF ST / 4TH ST","EASTBOUND","RIGHT TURN","true","1","5.0","0.0","0.1","0.0","7","8","2024","13","30","1","900"
"b4704ef4ad17a38dbed1b99b3a2dfbc2","6808","2024-07-08T13:30:00.000","OLTORF ST / 4TH ST","EASTBOUND","THRU","false","38","10.947","14.789","8.661","23.981","7","8","2024","13","30","1","900"
"9c6f4d66cd1b2999059013e8bdccb0ed","6808","2024-07-08T13:30:00.000","OLTORF ST / 4TH ST","EASTBOUND","THRU","true","1","5.0","0.0","18.3","0.0","7","8","2024","13","30","1","900"
"b4ea2cff10903a301c3d80e6eb2343b1","6808","2024-07-08T13:30:00.000","OLTORF ST / 4TH ST","NORTHBOUND","LEFT TURN","false","26","12.731","16.995","7.373","24.077","7","8","2024","13","30","1","900"
"f35fb131869400d5694384e2f0223a28","6808","2024-07-08T13:30:00.000","OLTORF ST / 4TH ST","NORTHBOUND","RIGHT TURN","false","9","9.667","11.576","1.244","1.259","7","8","2024","13","30","1","900"
"7e0eaac9491cf6dbde359960d16b5648","6808","2024-07-08T13:30:00.000","OLTORF ST / 4TH ST","NORTHBOUND","THRU","false","63","10.54","12.93","7.098","16.686","7","8","2024","13","30","1","900"
"faac70a844071ecd02a104748c79e586","6808","2024-07-08T13:30:00.000","OLTORF ST / 4TH ST","SOUTHBOUND","LEFT TURN","false","18","7.667","3.804","15.039","27.644","7","8","2024","13","30","1","900"
"27504bb6f920b49efe53ece7db5e306b","6808","2024-07-08T13:30:00.000","OLTORF ST / 4TH ST","SOUTHBOUND","RIGHT TURN","false","7","6.429","1.272","7.3","6.994","7","8","2024","13","30","1","900"
"712fbe57fc41f3c22cb033c2ffeab92d","6808","2024-07-08T13:30:00.000","OLTORF ST / 4TH ST","SOUTHBOUND","THRU","false","70","11.0","4.17","6.594","16.175","7","8","2024","13","30","1","900"
"334866f21bd95414f27004a3dc86db42","6808","2024-07-08T13:30:00.000","OLTORF ST / 4TH ST","SOUTHBOUND","THRU","true","1","5.0","0.0","0.4","0.0","7","8","2024","13","30","1","900"
"dfa910e4f9a48793c953fb465c69583b","6808","2024-07-08T13:30:00.000","OLTORF ST / 4TH ST","SOUTHBOUND","U-TURN","false","2","6.0","2.828","2.05","0.919","7","8","2024","13","30","1","900"
"643c17fe89956a6cf9b36aaf73468987","6808","2024-07-08T13:30:00.000","OLTORF ST / 4TH ST","WESTBOUND","LEFT TURN","false","12","6.083","1.975","9.783","30.154","7","8","2024","13","30","1","900"
"0ff1bda80f4ba0bf736ac7bcfc66bae0","6808","2024-07-08T13:30:00.000","OLTORF ST / 4TH ST","WESTBOUND","RIGHT TURN","false","14","6.0","1.109","3.114","1.102","7","8","2024","13","30","1","900"
"e457bd9fbb0f41b385a78cd5cb7f4073","6808","2024-07-08T13:30:00.000","OLTORF ST / 4TH ST","WESTBOUND","THRU","false","57","9.0","2.686","15.191","25.565","7","8","2024","13","30","1","900"
"e878f25b83ff73f0232368fc53a05559","6808","2024-07-08T13:30:00.000","OLTORF ST / 4TH ST","WESTBOUND","THRU","true","1","4.0","0.0","0.2","0.0","7","8","2024","13","30","1","900"
"0a0f8a9d06a320baf2b7b8a68920da2e","6808","2024-07-08T13:30:00.000","OLTORF ST / 4TH ST","WESTBOUND","U-TURN","false","2","7.0","0.0","1.0","1.273","7","8","2024","13","30","1","900"
"7c227f30d017223550ad93b89919925e","6653","2024-07-08T13:15:00.000","38TH ST / MEDICAL PKWY","EASTBOUND","LEFT TURN","false","17","12.647","4.527","7.935","18.035","7","8","2024","13","15","1","900"
"6f4873ccd8bb7d4e5871f9b92e6edf5a","6653","2024-07-08T13:15:00.000","38TH ST / MEDICAL PKWY","EASTBOUND","LEFT TURN","true","9","13.0","5.339","19.022","33.787","7","8","2024","13","15","1","900"
"6239a76a52769496def01afa004734b1","6653","2024-07-08T13:15:00.000","38TH ST / MEDICAL PKWY","EASTBOUND","RIGHT TURN","false","11","8.545","3.417","3.055","3.156","7","8","2024","13","15","1","900"
"579696c471bb65f0165097359fa912db","6653","2024-07-08T13:15:00.000","38TH ST / MEDICAL PKWY","EASTBOUND","RIGHT TURN","true","3","6.333","4.041","0.933","0.764","7","8","2024","13","15","1","900"
"8f78260a4fdfbf4b86407b1d65633f4b","6653","2024-07-08T13:15:00.000","38TH ST / MEDICAL PKWY","EASTBOUND","THRU","false","152","20.579","5.291","10.45","18.241","7","8","2024","13","15","1","900"
"1734f37df24f4d38e6a22dce7861157c","6653","2024-07-08T13:15:00.000","38TH ST / MEDICAL PKWY","EASTBOUND","THRU","true","21","20.143","4.651","11.543","18.622","7","8","2024","13","15","1","900"
"8e4b6ad0fc14543cc49fed56aecee001","6653","2024-07-08T13:15:00.000","38TH ST / MEDICAL PKWY","NORTHBOUND","LEFT TURN","false","10","11.4","6.022","26.68","33.937","7","8","2024","13","15","1","900"
"82efb385a4a81cca636c7e74b405df14","6653","2024-07-08T13:15:00.000","38TH ST / MEDICAL PKWY","NORTHBOUND","LEFT TURN","true","1","13.0","0.0","0.8","0.0","7","8","2024","13","15","1","900"
"eddcde921d1adb571733fd9a6334a6bd","6653","2024-07-08T13:15:00.000","38TH ST / MEDICAL PKWY","NORTHBOUND","RIGHT TURN","false","26","6.308","4.602","18.892","26.439","7","8","2024","13","15","1","900"
"7ab28cfcd181e18a636718770e1bfc55","6653","2024-07-08T13:15:00.000","38TH ST / MEDICAL PKWY","NORTHBOUND","RIGHT TURN","true","3","4.0","3.464","13.033","5.652","7","8","2024","13","15","1","900"
"ac6bee3183f323db8dbd876ff6e71f53","6653","2024-07-08T13:15:00.000","38TH ST / MEDICAL PKWY","NORTHBOUND","THRU","false","8","8.875","9.062","47.7","48.948","7","8","2024","13","15","1","900"
"e1830d35889675237c12f3233f9fce99","6653","2024-07-08T13:15:00.000","38TH ST / MEDICAL PKWY","SOUTHBOUND","LEFT TURN","false","18","14.333","3.565","28.4","36.851","7","8","2024","13","15","1","900"
"5f2c455f037540446cf4fbe87cd792c2","6653","2024-07-08T13:15:00.000","38TH ST / MEDICAL PKWY","SOUTHBOUND","LEFT TURN","true","3","12.0","2.0","20.367","34.414","7","8","2024","13","15","1","900"
"6957c41c3d101dbcd293521b8ddb6693","6653","2024-07-08T13:15:00.000","38TH ST / MEDICAL PKWY","SOUTHBOUND","RIGHT TURN","false","4","7.0","3.162","30.425","46.889","7","8","2024","13","15","1","900"
"3291c37521b84cdc17d27af067fd6f5e","6653","2024-07-08T13:15:00.000","38TH ST / MEDICAL PKWY","SOUTHBOUND","RIGHT TURN","true","8","9.875","3.091","31.588","34.218","7","8","2024","13","15","1","900"
"0d13bd1d82d05387d6f4ac7101a607c0","6653","2024-07-08T13:15:00.000","38TH ST / MEDICAL PKWY","SOUTHBOUND","THRU","false","12","13.5","6.172","33.783","40.67","7","8","2024","13","15","1","900"
"72fdb0a6257b573e56432f72b5937209","6653","2024-07-08T13:15:00.000","38TH ST / MEDICAL PKWY","WESTBOUND","LEFT TURN","false","7","14.429","7.091","13.757","21.024","7","8","2024","13","15","1","900"
"2c841d947c704c728fbb4bd138afbb4b","6653","2024-07-08T13:15:00.000","38TH ST / MEDICAL PKWY","WESTBOUND","LEFT TURN","true","1","11.0","0.0","42.1","0.0","7","8","2024","13","15","1","900"
"a26da4a4895ccd632698c8c91a3d3d24","6653","2024-07-08T13:15:00.000","38TH ST / MEDICAL PKWY","WESTBOUND","RIGHT TURN","false","6","15.833","8.085","1.133","1.331","7","8","2024","13","15","1","900"
"db13112019c31a052cdf291945cd0569","6653","2024-07-08T13:15:00.000","38TH ST / MEDICAL PKWY","WESTBOUND","RIGHT TURN","true","8","12.375","5.208","3.912","4.642","7","8","2024","13","15","1","900"
"f08507e4f0715b781995988654f7b8af","6653","2024-07-08T13:15:00.000","38TH ST / MEDICAL PKWY","WESTBOUND","THRU","false","107","19.916","7.941","4.762","12.361","7","8","2024","13","15","1","900"
"05f2aa4a3ae217952bee23e1c3c4ee73","6653","2024-07-08T13:15:00.000","38TH ST / MEDICAL PKWY","WESTBOUND","THRU","true","37","24.081","6.601","1.716","1.304","7","8","2024","13","15","1","900"
"dfe5aa412c6045cd0cc22d990f82cc47","6882","2024-07-08T13:15:00.000","AIRPORT BLVD / 51ST ST","EASTBOUND","LEFT TURN","false","7","9.143","3.716","8.857","13.207","7","8","2024","13","15","1","900"
"d37d68decb5ee1f8a5635b00f655f102","6882","2024-07-08T13:15:00.000","AIRPORT BLVD / 51ST ST","EASTBOUND","LEFT TURN","true","2","10.5","0.707","3.35","0.071","7","8","2024","13","15","1","900"
"2ace9ed55ff426f2c3b30da66b650605","6882","2024-07-08T13:15:00.000","AIRPORT BLVD / 51ST ST","EASTBOUND","RIGHT TURN","false","23","12.478","5.23","3.865","5.533","7","8","2024","13","15","1","900"
"39cc932a7401a7078cdd5390bccbae56","6882","2024-07-08T13:15:00.000","AIRPORT BLVD / 51ST ST","EASTBOUND","THRU","false","57","16.053","7.458","11.874","26.782","7","8","2024","13","15","1","900"
"379857d55215640bbd18cc3278335159","6882","2024-07-08T13:15:00.000","AIRPORT BLVD / 51ST ST","EASTBOUND","THRU","true","3","11.667","5.033","24.533","42.233","7","8","2024","13","15","1","900"
"2d15383b2cfe40ffc77f065e4dca32ee","6882","2024-07-08T13:15:00.000","AIRPORT BLVD / 51ST ST","NORTHBOUND","LEFT TURN","false","13","2.692","3.199","34.008","45.621","7","8","2024","13","15","1","900"
"4bcc6cd6c0e78f63c0dbafa289309ad4","6882","2024-07-08T13:15:00.000","AIRPORT BLVD / 51ST ST","NORTHBOUND","LEFT TURN","true","3","8.667","2.517","1.1","1.732","7","8","2024","13","15","1","900"
"1b0a2ac82c983344afb316078b75f71b","6882","2024-07-08T13:15:00.000","AIRPORT BLVD / 51ST ST","NORTHBOUND","THRU","false","5","29.4","27.628","1.54","2.444","7","8","2024","13","15","1","900"
"39272f340ea276f5cc003109ffd7c12c","6882","2024-07-08T13:15:00.000","AIRPORT BLVD / 51ST ST","SOUTHBOUND","LEFT TURN","false","17","13.941","3.75","23.7","27.914","7","8","2024","13","15","1","900"
"32ef4f87f036844096763b15ab834bc6","6882","2024-07-08T13:15:00.000","AIRPORT BLVD / 51ST ST","SOUTHBOUND","LEFT TURN","true","1","15.0","0.0","24.5","0.0","7","8","2024","13","15","1","900"
"2be06f4b3248759ef471dd3c49225dcf","6882","2024-07-08T13:15:00.000","AIRPORT BLVD / 51ST ST","SOUTHBOUND","RIGHT TURN","false","6","11.5","1.761","10.45","14.883","7","8","2024","13","15","1","900"
"53c2125c807d74b7ff1317bf42dcae53","6882","2024-07-08T13:15:00.000","AIRPORT BLVD / 51ST ST","SOUTHBOUND","THRU","false","105","30.038","11.523","8.308","16.687","7","8","2024","13","15","1","900"
"54a8e6fee391579573391e79d30e2730","6882","2024-07-08T13:15:00.000","AIRPORT BLVD / 51ST ST","SOUTHBOUND","THRU","true","12","35.667","6.035","1.783","0.354","7","8","2024","13","15","1","900"
"8fa48c9590c6278496235239b9d4a73f","6882","2024-07-08T13:15:00.000","AIRPORT BLVD / 51ST ST","WESTBOUND","LEFT TURN","false","7","12.714","8.751","23.157","32.297","7","8","2024","13","15","1","900"
"f0d6f727977faa0a151454d02091166a","6882","2024-07-08T13:15:00.000","AIRPORT BLVD / 51ST ST","WESTBOUND","RIGHT TURN","false","15","5.267","4.383","17.193","31.812","7","8","2024","13","15","1","900"
"917397e797f0904a07d63ab6d83ce1aa","6882","2024-07-08T13:15:00.000","AIRPORT BLVD / 51ST ST","WESTBOUND","THRU","false","39","8.436","8.72","9.636","24.285","7","8","2024","13","15","1","900"
"c4c08d4efc49422fa92e54409b12d7b3","6882","2024-07-08T13:15:00.000","AIRPORT BLVD / 51ST ST","WESTBOUND","THRU","true","4","7.25","5.188","22.05","25.683","7","8","2024","13","15","1","900"
"bf75a959362b1055ee27e043ca9c3808","7038","2024-07-08T13:15:00.000","ANDERSON LN / SHOAL CREEK BLVD","EASTBOUND","LEFT TURN","false","36","13.528","2.384","0.0","0.0","7","8","2024","13","15","1","900"
"e45cc291765123498dddf89b51661708","7038","2024-07-08T13:15:00.000","ANDERSON LN / SHOAL CREEK BLVD","EASTBOUND","LEFT TURN","true","7","13.286","3.094","0.0","0.0","7","8","2024","13","15","1","900"
"c65c69f3416208afb4ab3bd3470c571d","7038","2024-07-08T13:15:00.000","ANDERSON LN / SHOAL CREEK BLVD","EASTBOUND","RIGHT TURN","false","25","12.28","2.993","0.0","0.0","7","8","2024","13","15","1","900"
"c42af2da0a0725b0757c3c0a6b820393","7038","2024-07-08T13:15:00.000","ANDERSON LN / SHOAL CREEK BLVD","EASTBOUND","RIGHT TURN","true","1","8.0","0.0","0.0","0.0","7","8","2024","13","15","1","900"
"ad761e3eed514f55e9a1da0833d9cc55","7038","2024-07-08T13:15:00.000","ANDERSON LN / SHOAL CREEK BLVD","EASTBOUND","THRU","false","174","22.92","9.014","-0.046","0.21","7","8","2024","13","15","1","900"
"daba2be8b9653637473ab29ff7d95f71","7038","2024-07-08T13:15:00.000","ANDERSON LN / SHOAL CREEK BLVD","EASTBOUND","THRU","true","4","19.0","0.816","0.0","0.0","7","8","2024","13","15","1","900"
"8bd5c2bd14b1be669c3e439418b3e7be","7038","2024-07-08T13:15:00.000","ANDERSON LN / SHOAL CREEK BLVD","EASTBOUND","U-TURN","false","1","13.0","0.0","0.0","0.0","7","8","2024","13","15","1","900"
"af8270dbd71f0e77e5d2616d8ac19112","7038","2024-07-08T13:15:00.000","ANDERSON LN / SHOAL CREEK BLVD","NORTHBOUND","LEFT TURN","false","47","11.404","4.712","-0.213","0.414","7","8","2024","13","15","1","900"
"565e37e167998c57b8e068f151c1d617","7038","2024-07-08T13:15:00.000","ANDERSON LN / SHOAL CREEK BLVD","NORTHBOUND","LEFT TURN","true","1","17.0","0.0","0.0","0.0","7","8","2024","13","15","1","900"
"cece90f98ff94f0722b908796dd820eb","7038","2024-07-08T13:15:00.000","ANDERSON LN / SHOAL CREEK BLVD","NORTHBOUND","RIGHT TURN","false","14","7.429","3.897","-0.071","0.267","7","8","2024","13","15","1","900"
"0d998bec84d299c58836bc3373dbd11a","7038","2024-07-08T13:15:00.000","ANDERSON LN / SHOAL CREEK BLVD","NORTHBOUND","THRU","false","28","12.214","6.161","-0.143","0.356","7","8","2024","13","15","1","900"
"dd72ce63884d362b3ccc2bf224163941","7038","2024-07-08T13:15:00.000","ANDERSON LN / SHOAL CREEK BLVD","SOUTHBOUND","LEFT TURN","false","40","11.85","2.587","-0.025","0.158","7","8","2024","13","15","1","900"
"ebe676f9cad374c5e8b5714be0190f3d","7038","2024-07-08T13:15:00.000","ANDERSON LN / SHOAL CREEK BLVD","SOUTHBOUND","LEFT TURN","true","2","11.0","2.828","0.0","0.0","7","8","2024","13","15","1","900"
"83eb08582e5508f5b90ec99837152212","7038","2024-07-08T13:15:00.000","ANDERSON LN / SHOAL CREEK BLVD","SOUTHBOUND","RIGHT TURN","false","40","6.875","3.502","0.0","0.0","7","8","2024","13","15","1","900"
"6001810b011f5b1f03d766e2296bebfd","7038","2024-07-08T13:15:00.000","ANDERSON LN / SHOAL CREEK BLVD","SOUTHBOUND","RIGHT TURN","true","2","5.5","4.95","0.0","0.0","7","8","2024","13","15","1","900"
"d81cab85aee6907c850687c25c663f7a","7038","2024-07-08T13:15:00.000","ANDERSON LN / SHOAL CREEK BLVD","SOUTHBOUND","THRU","false","34","11.118","5.591","-0.059","0.239","7","8","2024","13","15","1","900"
"818f3eb991cecfc654efcfd5826782d0","7038","2024-07-08T13:15:00.000","ANDERSON LN / SHOAL CREEK BLVD","WESTBOUND","LEFT TURN","false","13","13.769","17.913","-0.308","0.48","7","8","2024","13","15","1","900"
"02396ed0750da783773871962653e5fc","7038","2024-07-08T13:15:00.000","ANDERSON LN / SHOAL CREEK BLVD","WESTBOUND","RIGHT TURN","true","1","3.0","0.0","-1.0","0.0","7","8","2024","13","15","1","900"
"3f126861e7db615cdba3aa0ec3206aea","7038","2024-07-08T13:15:00.000","ANDERSON LN / SHOAL CREEK BLVD","WESTBOUND","THRU","false","208","17.712","8.619","-0.572","0.496","7","8","2024","13","15","1","900"
"c388e1f39c3528accb6827335d0cfb08","7038","2024-07-08T13:15:00.000","ANDERSON LN / SHOAL CREEK BLVD","WESTBOUND","THRU","true","16","16.5","4.817","-0.375","0.5","7","8","2024","13","15","1","900"
"e2a3a34d2c0172fea81554594004311e","7343","2024-07-08T13:15:00.000","RIVERSIDE DR / BURTON DR","EASTBOUND","LEFT TURN","false","17","11.706","2.733","54.929","49.212","7","8","2024","13","15","1","900"
"7089ee1b5e23730e5b78fb2023938ca9","7343","2024-07-08T13:15:00.000","RIVERSIDE DR / BURTON DR","EASTBOUND","LEFT TURN","true","1","16.0","0.0","1.6","0.0","7","8","2024","13","15","1","900"
"fcd6f482fd53acdd13aa59d91e3e5126","7343","2024-07-08T13:15:00.000","RIVERSIDE DR / BURTON DR","EASTBOUND","RIGHT TURN","false","1","18.0","0.0","0.1","0.0","7","8","2024","13","15","1","900"
"5a4927d9ea57a2ac9c0616ed8e505281","7343","2024-07-08T13:15:00.000","RIVERSIDE DR / BURTON DR","EASTBOUND","THRU","false","57","29.737","10.338","2.158","3.829","7","8","2024","13","15","1","900"
"2e09978ccfa2139dcc743611eeded812","7343","2024-07-08T13:15:00.000","RIVERSIDE DR / BURTON DR","EASTBOUND","THRU","true","177","32.011","9.583","4.332","11.315","7","8","2024","13","15","1","900"
"48eaaf9f4e38f9aba7d470519deaa1a3","7343","2024-07-08T13:15:00.000","RIVERSIDE DR / BURTON DR","EASTBOUND","U-TURN","false","3","10.333","3.512","39.4","62.007","7","8","2024","13","15","1","900"
"37648a374806e74c7f75ed8011bafe41","7343","2024-07-08T13:15:00.000","RIVERSIDE DR / BURTON DR","NORTHBOUND","LEFT TURN","false","7","15.286","9.032","0.471","0.528","7","8","2024","13","15","1","900"
"5e992137f6e7b3351a513ae63959ef97","7343","2024-07-08T13:15:00.000","RIVERSIDE DR / BURTON DR","NORTHBOUND","RIGHT TURN","false","1","34.0","0.0","0.1","0.0","7","8","2024","13","15","1","900"
"378effe46f78cb749dd38f07a6921927","7343","2024-07-08T13:15:00.000","RIVERSIDE DR / BURTON DR","NORTHBOUND","RIGHT TURN","true","1","13.0","0.0","27.6","0.0","7","8","2024","13","15","1","900"
"c5fb4df2203aae738d74192c8bbbef5d","7343","2024-07-08T13:15:00.000","RIVERSIDE DR / BURTON DR","NORTHBOUND","THRU","false","4","24.75","16.46","30.425","53.567","7","8","2024","13","15","1","900"
"ee9354c6014e1dc0f5c732a9b8592564","7343","2024-07-08T13:15:00.000","RIVERSIDE DR / BURTON DR","NORTHBOUND","THRU","true","7","11.857","8.821","8.114","12.951","7","8","2024","13","15","1","900"
"55136bac1d67e634a85b4e9d9dfdd3a2","7343","2024-07-08T13:15:00.000","RIVERSIDE DR / BURTON DR","SOUTHBOUND","LEFT TURN","false","3","16.667","2.887","66.167","45.724","7","8","2024","13","15","1","900"
"98da733081b2e009f151e17a7e191b39","7343","2024-07-08T13:15:00.000","RIVERSIDE DR / BURTON DR","SOUTHBOUND","LEFT TURN","true","5","15.2","3.033","2.4","1.202","7","8","2024","13","15","1","900"
"2a126907cddb91ebfea7ab3f99a22a14","7343","2024-07-08T13:15:00.000","RIVERSIDE DR / BURTON DR","SOUTHBOUND","RIGHT TURN","false","14","10.714","2.128","12.479","18.046","7","8","2024","13","15","1","900"
"aeda2bbbcc8f477b96a821ab9cb6633c","7343","2024-07-08T13:15:00.000","RIVERSIDE DR / BURTON DR","SOUTHBOUND","RIGHT TURN","true","1","19.0","0.0","1.0","0.0","7","8","2024","13","15","1","900"
"e463c1ef543428006bb36c14e61d88f3","7343","2024-07-08T13:15:00.000","RIVERSIDE DR / BURTON DR","SOUTHBOUND","THRU","false","9","17.444","5.48","24.8","34.021","7","8","2024","13","15","1","900"
"44ecd6577a4823a6b6e17e4f10847bc2","7343","2024-07-08T13:15:00.000","RIVERSIDE DR / BURTON DR","SOUTHBOUND","THRU","true","13","18.0","4.546","20.962","37.188","7","8","2024","13","15","1","900"
"24b3a7ff27e75bae3ae66a9884d3bcae","7343","2024-07-08T13:15:00.000","RIVERSIDE DR / BURTON DR","WESTBOUND","LEFT TURN","false","17","10.647","4.197","27.824","44.678","7","8","2024","13","15","1","900"
"f9a127d385edc950a940446deee72059","7343","2024-07-08T13:15:00.000","RIVERSIDE DR / BURTON DR","WESTBOUND","LEFT TURN","true","2","10.0","2.828","0.35","0.212","7","8","2024","13","15","1","900"
"3ae2c16ea3d0e1d0787bd1d9d0ffb7c4","7343","2024-07-08T13:15:00.000","RIVERSIDE DR / BURTON DR","WESTBOUND","RIGHT TURN","false","8","5.25","6.497","3.45","3.024","7","8","2024","13","15","1","900"
"c79ad9d6c3704e3ffadb156a6a4d965c","7343","2024-07-08T13:15:00.000","RIVERSIDE DR / BURTON DR","WESTBOUND","THRU","false","226","32.836","20.441","3.511","10.215","7","8","2024","13","15","1","900"
"a5a94134f14f201e050aa2519c6778a1","7343","2024-07-08T13:15:00.000","RIVERSIDE DR / BURTON DR","WESTBOUND","THRU","true","12","40.5","15.705","1.317","1.638","7","8","2024","13","15","1","900"
"331766ce4fef904444e9a5602357ba53","6382","2024-07-08T13:15:00.000","FM 620 RD / DEERBROOK TRL","EASTBOUND","RIGHT TURN","false","2","9.5","3.536","11.2","12.869","7","8","2024","13","15","1","900"
"831399aed5aa0e9eca77cf0437878e42","6382","2024-07-08T13:15:00.000","FM 620 RD / DEERBROOK TRL","EASTBOUND","RIGHT TURN","true","1","14.0","0.0","2.0","0.0","7","8","2024","13","15","1","900"
"3f955db3f65741b0b420420b8438a565","6382","2024-07-08T13:15:00.000","FM 620 RD / DEERBROOK TRL","EASTBOUND","THRU","false","322","37.342","9.539","1.247","2.493","7","8","2024","13","15","1","900"
"e52b0961eef82a159dfcf4ff2e6ba50c","6382","2024-07-08T13:15:00.000","FM 620 RD / DEERBROOK TRL","EASTBOUND","THRU","true","7","37.429","7.02","1.029","0.39","7","8","2024","13","15","1","900"
"f5bb34f609e947d1e35339ea9c4f14e5","6382","2024-07-08T13:15:00.000","FM 620 RD / DEERBROOK TRL","NORTHBOUND","LEFT TURN","false","5","8.8","5.07","50.8","48.517","7","8","2024","13","15","1","900"
"58e44f942402477a47e426bb6288444a","6382","2024-07-08T13:15:00.000","FM 620 RD / DEERBROOK TRL","NORTHBOUND","RIGHT TURN","false","20","2.0","1.974","14.345","15.033","7","8","2024","13","15","1","900"
"51ae5eed9c0c9370b0a82c082998e0c3","6382","2024-07-08T13:15:00.000","FM 620 RD / DEERBROOK TRL","NORTHBOUND","RIGHT TURN","true","1","3.0","0.0","0.1","0.0","7","8","2024","13","15","1","900"
"e2e24176212a00e0e1b86f410540a282","6382","2024-07-08T13:15:00.000","FM 620 RD / DEERBROOK TRL","WESTBOUND","LEFT TURN","false","8","7.375","3.42","13.25","24.298","7","8","2024","13","15","1","900"
"e831db6731f6019b74764ee484e7a4ed","6382","2024-07-08T13:15:00.000","FM 620 RD / DEERBROOK TRL","WESTBOUND","THRU","false","334","35.674","7.384","1.181","2.238","7","8","2024","13","15","1","900"
"f9663479f61d46ab67fa4b06f66d544b","6382","2024-07-08T13:15:00.000","FM 620 RD / DEERBROOK TRL","WESTBOUND","THRU","true","16","37.562","3.983","0.894","0.214","7","8","2024","13","15","1","900"
"df589dae6c3ecc4941c9a296dcbb09ec","6881","2024-07-08T13:15:00.000","SLAUGHTER LN / LINDSHIRE LN","EASTBOUND","RIGHT TURN","true","1","10.0","0.0","5.3","0.0","7","8","2024","13","15","1","900"
"fbf17168668feb2c0d4596cc0851fb9b","6881","2024-07-08T13:15:00.000","SLAUGHTER LN / LINDSHIRE LN","EASTBOUND","LEFT TURN","false","2","26.5","16.263","1.35","1.485","7","8","2024","13","15","1","900"
"031d81cfe7da7966aeebe33c849c6834","6881","2024-07-08T13:15:00.000","SLAUGHTER LN / LINDSHIRE LN","EASTBOUND","RIGHT TURN","false","13","11.0","1.826","4.662","6.629","7","8","2024","13","15","1","900"
"23ef97b96a461136b3af76522585781b","6881","2024-07-08T13:15:00.000","SLAUGHTER LN / LINDSHIRE LN","EASTBOUND","THRU","false","212","30.146","10.959","2.586","4.384","7","8","2024","13","15","1","900"
"f8beb288ed4d2dd963c507aa2ddf8c7b","6881","2024-07-08T13:15:00.000","SLAUGHTER LN / LINDSHIRE LN","EASTBOUND","THRU","true","2","20.5","26.163","10.0","12.162","7","8","2024","13","15","1","900"
"38df66cb8988d7c514f6947a03afdef6","6881","2024-07-08T13:15:00.000","SLAUGHTER LN / LINDSHIRE LN","NORTHBOUND","LEFT TURN","false","19","4.632","4.752","29.779","32.841","7","8","2024","13","15","1","900"
"8dd0490d06e47c666600e1a5c6a42970","6881","2024-07-08T13:15:00.000","SLAUGHTER LN / LINDSHIRE LN","NORTHBOUND","RIGHT TURN","false","2","16.0","22.627","0.35","0.354","7","8","2024","13","15","1","900"
"4795554e1dcedeee049e749aed0c2c75","6881","2024-07-08T13:15:00.000","SLAUGHTER LN / LINDSHIRE LN","NORTHBOUND","THRU","false","2","3.5","3.536","5.4","5.515","7","8","2024","13","15","1","900"
"68d407bdbaa72939b43d0df665fc2924","6881","2024-07-08T13:15:00.000","SLAUGHTER LN / LINDSHIRE LN","SOUTHBOUND","LEFT TURN","false","1","4.0","0.0","57.8","0.0","7","8","2024","13","15","1","900"
"ec69b7240e5452891c431789671ba423","6881","2024-07-08T13:15:00.000","SLAUGHTER LN / LINDSHIRE LN","WESTBOUND","LEFT TURN","false","1","8.0","0.0","26.0","0.0","7","8","2024","13","15","1","900"
"7e0f510023e1664f76adf94ccb021a38","6881","2024-07-08T13:15:00.000","SLAUGHTER LN / LINDSHIRE LN","WESTBOUND","THRU","false","186","29.032","5.426","1.625","1.577","7","8","2024","13","15","1","900"
"0b0c2be83ec5de1650338c8beba2f2f4","6881","2024-07-08T13:15:00.000","SLAUGHTER LN / LINDSHIRE LN","WESTBOUND","THRU","true","3","37.333","3.215","1.667","0.208","7","8","2024","13","15","1","900"
"1fad2ca830256ada602b70b597f69bd5","6808","2024-07-08T13:15:00.000","OLTORF ST / 4TH ST","EASTBOUND","LEFT TURN","false","9","6.444","4.304","1.144","1.058","7","8","2024","13","15","1","900"
"96e08e9d16038793035aac9b0b8d32e6","6808","2024-07-08T13:15:00.000","OLTORF ST / 4TH ST","EASTBOUND","LEFT TURN","true","1","4.0","0.0","115.8","0.0","7","8","2024","13","15","1","900"
"9f8baf5904c622e8963fa71eda0b5582","6808","2024-07-08T13:15:00.000","OLTORF ST / 4TH ST","EASTBOUND","RIGHT TURN","false","8","8.5","8.332","1.662","1.166","7","8","2024","13","15","1","900"
"bc130f6f2f77e335d2eb4a833c155c9e","6808","2024-07-08T13:15:00.000","OLTORF ST / 4TH ST","EASTBOUND","THRU","false","56","12.804","16.133","8.141","22.174","7","8","2024","13","15","1","900"
"c21cb31c2ccd6872f14cbb250d53ae72","6808","2024-07-08T13:15:00.000","OLTORF ST / 4TH ST","EASTBOUND","THRU","true","3","6.667","1.528","1.3","0.6","7","8","2024","13","15","1","900"
"26093b362e045ae6e1ce020dc92cc6fc","6808","2024-07-08T13:15:00.000","OLTORF ST / 4TH ST","NORTHBOUND","LEFT TURN","false","20","11.85","13.701","2.865","9.175","7","8","2024","13","15","1","900"
"2349e0cfb7f830c613b2f293f189d083","6808","2024-07-08T13:15:00.000","OLTORF ST / 4TH ST","NORTHBOUND","RIGHT TURN","false","14","4.929","3.689","1.593","1.345","7","8","2024","13","15","1","900"
"e06032472499935cf35aa72dd845b121","6808","2024-07-08T13:15:00.000","OLTORF ST / 4TH ST","NORTHBOUND","THRU","false","61","8.459","6.062","3.095","10.419","7","8","2024","13","15","1","900"
"ab5a28232ea87272e0bba0d4dea55227","6808","2024-07-08T13:15:00.000","OLTORF ST / 4TH ST","NORTHBOUND","THRU","true","2","7.5","2.121","0.5","0.707","7","8","2024","13","15","1","900"
"16fa062e8b3562bde8226f6cbcc76738","6808","2024-07-08T13:15:00.000","OLTORF ST / 4TH ST","SOUTHBOUND","LEFT TURN","false","23","7.652","4.735","11.504","27.065","7","8","2024","13","15","1","900"
"2e058eb60a43b65074cd739fe9cdab65","6808","2024-07-08T13:15:00.000","OLTORF ST / 4TH ST","SOUTHBOUND","LEFT TURN","true","1","8.0","0.0","2.6","0.0","7","8","2024","13","15","1","900"
"aeef0284dab8eb2ccc2b7abadd901954","6808","2024-07-08T13:15:00.000","OLTORF ST / 4TH ST","SOUTHBOUND","RIGHT TURN","false","6","6.5","1.225","2.283","1.125","7","8","2024","13","15","1","900"
"5ccfe13e16c9a0d8b340a9ea16c3d275","6808","2024-07-08T13:15:00.000","OLTORF ST / 4TH ST","SOUTHBOUND","THRU","false","68","11.0","3.94","9.432","21.323","7","8","2024","13","15","1","900"
"b7b620a4604b40e27897685be92fca2f","6808","2024-07-08T13:15:00.000","OLTORF ST / 4TH ST","SOUTHBOUND","THRU","true","1","7.0","0.0","5.1","0.0","7","8","2024","13","15","1","900"
"92bb5b35e7453161c137e1a0b412a229","6808","2024-07-08T13:15:00.000","OLTORF ST / 4TH ST","WESTBOUND","LEFT TURN","false","15","6.933","1.534","8.58","19.756","7","8","2024","13","15","1","900"
"ddec1d6ba44fdfa9d4d2b37f24f70798","6808","2024-07-08T13:15:00.000","OLTORF ST / 4TH ST","WESTBOUND","RIGHT TURN","false","17","5.765","1.2","9.247","18.111","7","8","2024","13","15","1","900"
"bb66eceedd93551e1f3e228e7fd7117d","6808","2024-07-08T13:15:00.000","OLTORF ST / 4TH ST","WESTBOUND","THRU","false","44","8.568","2.937","10.855","23.083","7","8","2024","13","15","1","900"
"b6145895b7ef4416c0b1295346bc2cd5","6808","2024-07-08T13:15:00.000","OLTORF ST / 4TH ST","WESTBOUND","THRU","true","1","7.0","0.0","2.9","0.0","7","8","2024","13","15","1","900"
"ecc724c0ec7ff324ec6825ccb6cbe3ac","6653","2024-07-08T13:00:00.000","38TH ST / MEDICAL PKWY","EASTBOUND","LEFT TURN","false","17","13.0","3.905","12.865","24.69","7","8","2024","13","0","1","900"
"9bee9d1f63a0885179858254760752d8","6653","2024-07-08T13:00:00.000","38TH ST / MEDICAL PKWY","EASTBOUND","LEFT TURN","true","11","13.455","4.525","9.727","21.046","7","8","2024","13","0","1","900"
"cbb8cfc7e41e401b640595f7c9dc7e71","6653","2024-07-08T13:00:00.000","38TH ST / MEDICAL PKWY","EASTBOUND","RIGHT TURN","false","11","9.0","2.366","1.964","1.531","7","8","2024","13","0","1","900"
"30e41d9c90f2271403affd28be633776","6653","2024-07-08T13:00:00.000","38TH ST / MEDICAL PKWY","EASTBOUND","RIGHT TURN","true","1","8.0","0.0","1.6","0.0","7","8","2024","13","0","1","900"
"8822c9adf8547fe61dce731d8deeb8ce","6653","2024-07-08T13:00:00.000","38TH ST / MEDICAL PKWY","EASTBOUND","THRU","false","139","19.209","5.877","8.671","14.215","7","8","2024","13","0","1","900"
"c07284498588b75317e2e4e77cf683ce","6653","2024-07-08T13:00:00.000","38TH ST / MEDICAL PKWY","EASTBOUND","THRU","true","27","17.963","5.251","13.985","21.904","7","8","2024","13","0","1","900"
"643aed87c41e7b4f7d7195039967235b","6653","2024-07-08T13:00:00.000","38TH ST / MEDICAL PKWY","NORTHBOUND","LEFT TURN","false","12","9.917","4.441","35.258","32.936","7","8","2024","13","0","1","900"
"0bb9e5703491a24b63993763f89f81ae","6653","2024-07-08T13:00:00.000","38TH ST / MEDICAL PKWY","NORTHBOUND","LEFT TURN","true","2","13.0","4.243","46.65","43.911","7","8","2024","13","0","1","900"
"cc470b98970d0e5a2c79fb26cd5696f3","6653","2024-07-08T13:00:00.000","38TH ST / MEDICAL PKWY","NORTHBOUND","RIGHT TURN","false","14","7.071","7.022","20.429","28.059","7","8","2024","13","0","1","900"
"fc5d776d37b1bbe993206e56e8701c30","6653","2024-07-08T13:00:00.000","38TH ST / MEDICAL PKWY","NORTHBOUND","RIGHT TURN","true","5","4.8","4.55","24.6","17.024","7","8","2024","13","0","1","900"
"fa28336bbc37aeadd7d8011b80c6d4e1","6653","2024-07-08T13:00:00.000","38TH ST / MEDICAL PKWY","NORTHBOUND","THRU","false","9","9.444","6.784","54.7","37.228","7","8","2024","13","0","1","900"
"b76ac9684a6c2d0fc72145c4cd49407e","6653","2024-07-08T13:00:00.000","38TH ST / MEDICAL PKWY","SOUTHBOUND","LEFT TURN","false","10","12.8","3.393","52.98","42.153","7","8","2024","13","0","1","900"
"01e96fec01ab7c0a8fbec4f772b90b11","6653","2024-07-08T13:00:00.000","38TH ST / MEDICAL PKWY","SOUTHBOUND","LEFT TURN","true","1","13.0","0.0","32.9","0.0","7","8","2024","13","0","1","900"
"b3121e7c1700b914dcb9dbe17153b67d","6653","2024-07-08T13:00:00.000","38TH ST / MEDICAL PKWY","SOUTHBOUND","RIGHT TURN","false","2","6.5","4.95","22.2","20.506","7","8","2024","13","0","1","900"
"e74f006fcea7a04c9bc94d78420a7867","6653","2024-07-08T13:00:00.000","38TH ST / MEDICAL PKWY","SOUTHBOUND","RIGHT TURN","true","3","12.333","2.517","46.233","36.604","7","8","2024","13","0","1","900"
"469769b6dc80f265d982d14e41ad84ce","6653","2024-07-08T13:00:00.000","38TH ST / MEDICAL PKWY","SOUTHBOUND","THRU","false","5","12.2","5.167","4.28","5.723","7","8","2024","13","0","1","900"
"acc6669d40aa95db9364af857faf5ca3","6653","2024-07-08T13:00:00.000","38TH ST / MEDICAL PKWY","SOUTHBOUND","THRU","true","1","12.0","0.0","54.4","0.0","7","8","2024","13","0","1","900"
"a8fd2f23cf1416e10598741afc391356","6653","2024-07-08T13:00:00.000","38TH ST / MEDICAL PKWY","WESTBOUND","LEFT TURN","false","8","8.375","4.138","17.862","18.911","7","8","2024","13","0","1","900"
"bebc407b6e349d7c313f0fd7bccad71c","6653","2024-07-08T13:00:00.000","38TH ST / MEDICAL PKWY","WESTBOUND","RIGHT TURN","false","7","12.143","4.947","7.1","8.548","7","8","2024","13","0","1","900"
"b828f05b68cb94c188ae0e50c3b0a197","6653","2024-07-08T13:00:00.000","38TH ST / MEDICAL PKWY","WESTBOUND","RIGHT TURN","true","6","16.667","7.916","2.467","2.039","7","8","2024","13","0","1","900"
"78486bfa530d792c0477e24dced87c9d","6653","2024-07-08T13:00:00.000","38TH ST / MEDICAL PKWY","WESTBOUND","THRU","false","132","21.205","9.783","7.003","14.853","7","8","2024","13","0","1","900"
"e42528b8441e741a1f21d4e4fbff175b","6653","2024-07-08T13:00:00.000","38TH ST / MEDICAL PKWY","WESTBOUND","THRU","true","46","22.783","5.304","1.626","1.71","7","8","2024","13","0","1","900"
"7320b97d49dfa8f6499fd34f5eb056c1","6882","2024-07-08T13:00:00.000","AIRPORT BLVD / 51ST ST","EASTBOUND","LEFT TURN","false","7","10.571","3.359","19.286","46.93","7","8","2024","13","0","1","900"
"ea94a84c269b8e7e9bb2c68c83f7ce1f","6882","2024-07-08T13:00:00.000","AIRPORT BLVD / 51ST ST","EASTBOUND","RIGHT TURN","false","18","12.611","4.742","2.822","3.962","7","8","2024","13","0","1","900"
"e7df5e5f0ab441b40dc15e9f5faeab01","6882","2024-07-08T13:00:00.000","AIRPORT BLVD / 51ST ST","EASTBOUND","THRU","false","55","15.818","7.379","11.789","25.64","7","8","2024","13","0","1","900"
"4ecace331b0dc946c9a6cc15534ae12e","6882","2024-07-08T13:00:00.000","AIRPORT BLVD / 51ST ST","EASTBOUND","THRU","true","7","12.857","4.525","14.186","32.88","7","8","2024","13","0","1","900"
"4e9b85a3b7d31c548c4ca9798e6a9446","6882","2024-07-08T13:00:00.000","AIRPORT BLVD / 51ST ST","NORTHBOUND","LEFT TURN","false","12","4.583","5.418","30.933","44.064","7","8","2024","13","0","1","900"
"f5fff6122d10e81819d2a2636ae93cd1","6882","2024-07-08T13:00:00.000","AIRPORT BLVD / 51ST ST","NORTHBOUND","LEFT TURN","true","1","0.0","0.0","1.0","0.0","7","8","2024","13","0","1","900"
"2be594952e56fb991fcf6a10a3ff6d44","6882","2024-07-08T13:00:00.000","AIRPORT BLVD / 51ST ST","NORTHBOUND","RIGHT TURN","false","1","8.0","0.0","2.3","0.0","7","8","2024","13","0","1","900"
"1f55eb33bab4f040a94a73b9ee1d0b86","6882","2024-07-08T13:00:00.000","AIRPORT BLVD / 51ST ST","NORTHBOUND","THRU","false","6","8.167","3.92","13.583","29.903","7","8","2024","13","0","1","900"
"43e7a2b49bff501d6d5b077b1044ee0b","6882","2024-07-08T13:00:00.000","AIRPORT BLVD / 51ST ST","SOUTHBOUND","LEFT TURN","false","16","14.188","6.167","13.706","16.443","7","8","2024","13","0","1","900"
"a51cadc760a6dcd36dd2594858d4f11a","6882","2024-07-08T13:00:00.000","AIRPORT BLVD / 51ST ST","SOUTHBOUND","LEFT TURN","true","1","12.0","0.0","13.4","0.0","7","8","2024","13","0","1","900"
"e63c72651b75f94cb9aad9a4de841d00","6882","2024-07-08T13:00:00.000","AIRPORT BLVD / 51ST ST","SOUTHBOUND","RIGHT TURN","false","2","10.5","0.707","13.75","13.93","7","8","2024","13","0","1","900"
"3a4aa0c7949f235a67f788de5c2a3762","6882","2024-07-08T13:00:00.000","AIRPORT BLVD / 51ST ST","SOUTHBOUND","THRU","false","103","33.456","11.093","7.154","16.027","7","8","2024","13","0","1","900"
"5ac2a642616625a40fc6b9b95871b0bf","6882","2024-07-08T13:00:00.000","AIRPORT BLVD / 51ST ST","SOUTHBOUND","THRU","true","15","31.667","17.381","10.133","22.482","7","8","2024","13","0","1","900"
"b42e95f447925a577483c158316926f4","6882","2024-07-08T13:00:00.000","AIRPORT BLVD / 51ST ST","WESTBOUND","LEFT TURN","false","11","6.455","10.162","24.218","35.319","7","8","2024","13","0","1","900"
"6a5b49883d3461480a07e6c2c36803e4","6882","2024-07-08T13:00:00.000","AIRPORT BLVD / 51ST ST","WESTBOUND","LEFT TURN","true","1","0.0","0.0","83.2","0.0","7","8","2024","13","0","1","900"
"28620e13bc03fd25cd7400be95216f3f","6882","2024-07-08T13:00:00.000","AIRPORT BLVD / 51ST ST","WESTBOUND","RIGHT TURN","false","19","3.211","3.521","10.858","22.907","7","8","2024","13","0","1","900"
"bb69ad9dc6e797929b623e785dfc5ea7","6882","2024-07-08T13:00:00.000","AIRPORT BLVD / 51ST ST","WESTBOUND","RIGHT TURN","true","1","12.0","0.0","1.2","0.0","7","8","2024","13","0","1","900"
"2f20837c6bc83b45e278324f182db02a","6882","2024-07-08T13:00:00.000","AIRPORT BLVD / 51ST ST","WESTBOUND","THRU","false","41","6.22","7.653","11.771","26.788","7","8","2024","13","0","1","900"
"182f01366715e31d5d23ecdd351da015","6882","2024-07-08T13:00:00.000","AIRPORT BLVD / 51ST ST","WESTBOUND","THRU","true","3","5.667","6.028","1.4","0.346","7","8","2024","13","0","1","900"
"1b3b31dda42435ff7252ea9191d685f0","7038","2024-07-08T13:00:00.000","ANDERSON LN / SHOAL CREEK BLVD","EASTBOUND","LEFT TURN","false","29","14.241","7.51","0.0","0.0","7","8","2024","13","0","1","900"
"39cb219fae062dc68f5ea498b6e9505f","7038","2024-07-08T13:00:00.000","ANDERSON LN / SHOAL CREEK BLVD","EASTBOUND","LEFT TURN","true","4","13.5","2.38","0.0","0.0","7","8","2024","13","0","1","900"
"8c9f0778467fd6d020b34c1c4d0639c7","7038","2024-07-08T13:00:00.000","ANDERSON LN / SHOAL CREEK BLVD","EASTBOUND","RIGHT TURN","false","32","11.625","3.377","-0.062","0.246","7","8","2024","13","0","1","900"
"5ff2f95964386769640a41d6387719ff","7038","2024-07-08T13:00:00.000","ANDERSON LN / SHOAL CREEK BLVD","EASTBOUND","RIGHT TURN","true","1","12.0","0.0","0.0","0.0","7","8","2024","13","0","1","900"
"b067280a8421057158e9779ffb32d320","7038","2024-07-08T13:00:00.000","ANDERSON LN / SHOAL CREEK BLVD","EASTBOUND","THRU","false","226","23.071","7.809","-0.018","0.132","7","8","2024","13","0","1","900"
"130f57002605459c3b4f1f9e510d2e21","7038","2024-07-08T13:00:00.000","ANDERSON LN / SHOAL CREEK BLVD","EASTBOUND","THRU","true","9","21.111","6.66","0.0","0.0","7","8","2024","13","0","1","900"
"69b2ba052a6cea9b7a85c7ddbe6c8685","7038","2024-07-08T13:00:00.000","ANDERSON LN / SHOAL CREEK BLVD","EASTBOUND","U-TURN","false","1","12.0","0.0","0.0","0.0","7","8","2024","13","0","1","900"
"2f87d8bbda73611aa1218b37d9385858","7038","2024-07-08T13:00:00.000","ANDERSON LN / SHOAL CREEK BLVD","NORTHBOUND","LEFT TURN","false","73","12.329","5.568","-0.123","0.331","7","8","2024","13","0","1","900"
"e8c7b505556f3415605ae750cbb8fe74","7038","2024-07-08T13:00:00.000","ANDERSON LN / SHOAL CREEK BLVD","NORTHBOUND","RIGHT TURN","false","11","5.727","4.245","-0.091","0.302","7","8","2024","13","0","1","900"
"509552964cc69ef6e86e7926a420858a","7038","2024-07-08T13:00:00.000","ANDERSON LN / SHOAL CREEK BLVD","NORTHBOUND","THRU","false","32","13.219","5.757","-0.344","0.483","7","8","2024","13","0","1","900"
"e27f3fc7da3059b1f6bdeef9bcbf8b11","7038","2024-07-08T13:00:00.000","ANDERSON LN / SHOAL CREEK BLVD","SOUTHBOUND","LEFT TURN","false","45","12.0","2.992","-0.111","0.318","7","8","2024","13","0","1","900"
"1e92c5fd3a00088e7589c1c6c247b5ca","7038","2024-07-08T13:00:00.000","ANDERSON LN / SHOAL CREEK BLVD","SOUTHBOUND","LEFT TURN","true","1","9.0","0.0","0.0","0.0","7","8","2024","13","0","1","900"
"d18d7a46e8386e9238c8f528fdfe21b6","7038","2024-07-08T13:00:00.000","ANDERSON LN / SHOAL CREEK BLVD","SOUTHBOUND","RIGHT TURN","false","31","6.903","2.993","0.0","0.0","7","8","2024","13","0","1","900"
"980400e632ec0469ddb0f295ef9ad837","7038","2024-07-08T13:00:00.000","ANDERSON LN / SHOAL CREEK BLVD","SOUTHBOUND","RIGHT TURN","true","2","7.0","1.414","0.0","0.0","7","8","2024","13","0","1","900"
"4a68ec145c68fe211144fcdc0024f77c","7038","2024-07-08T13:00:00.000","ANDERSON LN / SHOAL CREEK BLVD","SOUTHBOUND","THRU","false","34","13.0","4.824","-0.088","0.288","7","8","2024","13","0","1","900"
"dae2fb93581da7f791570c2eaeb1a7c0","7038","2024-07-08T13:00:00.000","ANDERSON LN / SHOAL CREEK BLVD","WESTBOUND","LEFT TURN","false","8","6.125","7.846","-0.25","0.463","7","8","2024","13","0","1","900"
"1c8a9f04c684717d0bee219dab52a1c4","7038","2024-07-08T13:00:00.000","ANDERSON LN / SHOAL CREEK BLVD","WESTBOUND","RIGHT TURN","false","1","7.0","0.0","0.0","0.0","7","8","2024","13","0","1","900"
"df6b02261807f690e608692b15d822e0","7038","2024-07-08T13:00:00.000","ANDERSON LN / SHOAL CREEK BLVD","WESTBOUND","THRU","false","218","17.362","6.105","-0.5","0.501","7","8","2024","13","0","1","900"
"bc20144bcef2c5ac0331346972d8eb72","7038","2024-07-08T13:00:00.000","ANDERSON LN / SHOAL CREEK BLVD","WESTBOUND","THRU","true","24","18.292","7.59","-0.542","0.509","7","8","2024","13","0","1","900"
"e7d76e40f2a596284332d4ed93927080","7343","2024-07-08T13:00:00.000","RIVERSIDE DR / BURTON DR","EASTBOUND","LEFT TURN","false","20","12.15","3.514","31.37","41.191","7","8","2024","13","0","1","900"
"ded61ace43ab147387172a158f4326a0","7343","2024-07-08T13:00:00.000","RIVERSIDE DR / BURTON DR","EASTBOUND","LEFT TURN","true","2","9.5","2.121","35.75","50.417","7","8","2024","13","0","1","900"
"17d057ecb8deb1764a63f7ad6f67437a","7343","2024-07-08T13:00:00.000","RIVERSIDE DR / BURTON DR","EASTBOUND","THRU","false","88","33.898","11.447","2.814","8.938","7","8","2024","13","0","1","900"
"8b606787e32c697ab608d636dc0e3626","7343","2024-07-08T13:00:00.000","RIVERSIDE DR / BURTON DR","EASTBOUND","THRU","true","144","32.299","12.152","4.392","12.199","7","8","2024","13","0","1","900"
"b25333dcc4b0a3715d6ca6bcedf3c346","7343","2024-07-08T13:00:00.000","RIVERSIDE DR / BURTON DR","EASTBOUND","U-TURN","false","5","9.0","2.0","19.96","23.109","7","8","2024","13","0","1","900"
"0707374ae9fe0d92f5def9b9120d0eed","7343","2024-07-08T13:00:00.000","RIVERSIDE DR / BURTON DR","NORTHBOUND","LEFT TURN","false","8","16.625","12.637","20.775","36.434","7","8","2024","13","0","1","900"
"64b27aa41cb9840444d30a596053abfa","7343","2024-07-08T13:00:00.000","RIVERSIDE DR / BURTON DR","NORTHBOUND","LEFT TURN","true","2","22.5","7.778","43.4","61.377","7","8","2024","13","0","1","900"
"5414b9203e93763d0bb018b0cf8dc5d6","7343","2024-07-08T13:00:00.000","RIVERSIDE DR / BURTON DR","NORTHBOUND","RIGHT TURN","false","4","28.25","12.312","0.175","0.222","7","8","2024","13","0","1","900"
"95ace87aa44fd1653ceb2fa5159a5ce0","7343","2024-07-08T13:00:00.000","RIVERSIDE DR / BURTON DR","NORTHBOUND","THRU","false","4","17.75","15.108","8.75","11.528","7","8","2024","13","0","1","900"
"6302ea05eb816afaff4212bd4d9f497f","7343","2024-07-08T13:00:00.000","RIVERSIDE DR / BURTON DR","NORTHBOUND","THRU","true","8","23.5","14.774","9.062","23.748","7","8","2024","13","0","1","900"
"1877b403c14e3a745ee0ed8567964037","7343","2024-07-08T13:00:00.000","RIVERSIDE DR / BURTON DR","SOUTHBOUND","LEFT TURN","false","4","15.0","2.828","78.15","50.84","7","8","2024","13","0","1","900"
"1d91a947282fa00fcf9205734eb8c10a","7343","2024-07-08T13:00:00.000","RIVERSIDE DR / BURTON DR","SOUTHBOUND","LEFT TURN","true","4","16.25","1.893","46.325","51.665","7","8","2024","13","0","1","900"
"99d9c83b6c104985eac8f10717d9b69e","7343","2024-07-08T13:00:00.000","RIVERSIDE DR / BURTON DR","SOUTHBOUND","RIGHT TURN","false","7","9.286","1.113","15.957","31.393","7","8","2024","13","0","1","900"
"b28a23d048439d5e6065b4d377212d9a","7343","2024-07-08T13:00:00.000","RIVERSIDE DR / BURTON DR","SOUTHBOUND","THRU","false","9","16.0","6.442","30.211","42.556","7","8","2024","13","0","1","900"
"5414afb91b828cfc788307caa8b00106","7343","2024-07-08T13:00:00.000","RIVERSIDE DR / BURTON DR","SOUTHBOUND","THRU","true","9","17.444","6.064","34.367","32.561","7","8","2024","13","0","1","900"
"be3a48ae1a2d2305048ede25fbe3599e","7343","2024-07-08T13:00:00.000","RIVERSIDE DR / BURTON DR","WESTBOUND","LEFT TURN","false","8","10.5","4.14","41.587","44.349","7","8","2024","13","0","1","900"
"333ffcbe5f9b25a9edb3063eb89c885d","7343","2024-07-08T13:00:00.000","RIVERSIDE DR / BURTON DR","WESTBOUND","LEFT TURN","true","1","12.0","0.0","0.0","0.0","7","8","2024","13","0","1","900"
"d00cb3bc28d54b1948f5751ac93f25cd","7343","2024-07-08T13:00:00.000","RIVERSIDE DR / BURTON DR","WESTBOUND","RIGHT TURN","false","3","3.333","5.774","5.467","6.191","7","8","2024","13","0","1","900"
"05a6af08966a894aa217d2d482eabe57","7343","2024-07-08T13:00:00.000","RIVERSIDE DR / BURTON DR","WESTBOUND","THRU","false","192","33.786","18.807","3.733","12.514","7","8","2024","13","0","1","900"
"5e51c01dc8748b4188de0b5c782b1223","7343","2024-07-08T13:00:00.000","RIVERSIDE DR / BURTON DR","WESTBOUND","THRU","true","14","28.5","14.168","1.193","1.221","7","8","2024","13","0","1","900"
"65b90faaa20de58c74ec6f64672df7ef","6382","2024-07-08T13:00:00.000","FM 620 RD / DEERBROOK TRL","EASTBOUND","RIGHT TURN","false","4","17.75","11.73","0.15","0.238","7","8","2024","13","0","1","900"
"6da47e7e493e3e53fb2acccd676a5c06","6382","2024-07-08T13:00:00.000","FM 620 RD / DEERBROOK TRL","EASTBOUND","THRU","false","280","35.0","10.044","1.347","2.783","7","8","2024","13","0","1","900"
"947eb6d09534e4da52a8575dc3c435b6","6382","2024-07-08T13:00:00.000","FM 620 RD / DEERBROOK TRL","EASTBOUND","THRU","true","19","30.0","11.523","3.363","7.99","7","8","2024","13","0","1","900"
"b47d431048b43204e81793e48eb63828","6382","2024-07-08T13:00:00.000","FM 620 RD / DEERBROOK TRL","NORTHBOUND","LEFT TURN","false","5","6.6","2.074","40.08","38.8","7","8","2024","13","0","1","900"
"44dc35c8a542e6d999c1941432f47b27","6382","2024-07-08T13:00:00.000","FM 620 RD / DEERBROOK TRL","NORTHBOUND","RIGHT TURN","false","21","3.619","3.413","12.014","15.504","7","8","2024","13","0","1","900"
"f1157b2b6e9a52d60120869fd663d90e","6382","2024-07-08T13:00:00.000","FM 620 RD / DEERBROOK TRL","NORTHBOUND","RIGHT TURN","true","1","9.0","0.0","0.1","0.0","7","8","2024","13","0","1","900"
"290a2ab25f9a25b45d5aae073721ea7d","6382","2024-07-08T13:00:00.000","FM 620 RD / DEERBROOK TRL","NORTHBOUND","THRU","false","1","0.0","0.0","0.1","0.0","7","8","2024","13","0","1","900"
"6412200b0b687ea21f509f5cae7b790e","6382","2024-07-08T13:00:00.000","FM 620 RD / DEERBROOK TRL","WESTBOUND","LEFT TURN","false","20","8.9","3.401","10.425","20.984","7","8","2024","13","0","1","900"
"6198df861b4fb061073fb9a9654f08e7","6382","2024-07-08T13:00:00.000","FM 620 RD / DEERBROOK TRL","WESTBOUND","LEFT TURN","true","1","4.0","0.0","0.0","0.0","7","8","2024","13","0","1","900"
"419dfd02f51c5d93aba197c975a550d7","6382","2024-07-08T13:00:00.000","FM 620 RD / DEERBROOK TRL","WESTBOUND","THRU","false","296","35.095","7.35","1.127","2.261","7","8","2024","13","0","1","900"
"8174a2511beb0924d1d08c8ab337309a","6382","2024-07-08T13:00:00.000","FM 620 RD / DEERBROOK TRL","WESTBOUND","THRU","true","20","37.15","5.184","0.815","0.25","7","8","2024","13","0","1","900"
"673e7a48564fa61e0cf0ea5fb4a46d5c","6881","2024-07-08T13:00:00.000","SLAUGHTER LN / LINDSHIRE LN","EASTBOUND","RIGHT TURN","false","6","10.167","3.656","4.533","4.028","7","8","2024","13","0","1","900"
"c5cdcccd977c4d12e61736d3312f3f04","6881","2024-07-08T13:00:00.000","SLAUGHTER LN / LINDSHIRE LN","EASTBOUND","RIGHT TURN","true","2","9.0","2.828","17.8","17.819","7","8","2024","13","0","1","900"
"cea1d946fd0c1a2c5dc83fa9cf952e48","6881","2024-07-08T13:00:00.000","SLAUGHTER LN / LINDSHIRE LN","EASTBOUND","THRU","false","228","28.754","8.931","3.254","7.572","7","8","2024","13","0","1","900"
"44a15441518165845aec9a78319ba867","6881","2024-07-08T13:00:00.000","SLAUGHTER LN / LINDSHIRE LN","EASTBOUND","THRU","true","5","19.2","9.471","2.44","2.165","7","8","2024","13","0","1","900"
"7ba48e26ca23325426945ca549ef5b9d","6881","2024-07-08T13:00:00.000","SLAUGHTER LN / LINDSHIRE LN","EASTBOUND","U-TURN","false","2","10.0","4.243","3.1","0.141","7","8","2024","13","0","1","900"
"8701f7e2fa0b37bed5d16cb2dd479181","6881","2024-07-08T13:00:00.000","SLAUGHTER LN / LINDSHIRE LN","NORTHBOUND","LEFT TURN","false","18","5.833","5.448","19.522","31.587","7","8","2024","13","0","1","900"
"2d992ec499e877be030a844c01473810","6881","2024-07-08T13:00:00.000","SLAUGHTER LN / LINDSHIRE LN","NORTHBOUND","LEFT TURN","true","1","0.0","0.0","0.1","0.0","7","8","2024","13","0","1","900"
"af0697754b9361d50c6b8a1a737138cb","6881","2024-07-08T13:00:00.000","SLAUGHTER LN / LINDSHIRE LN","NORTHBOUND","RIGHT TURN","false","2","5.5","6.364","0.05","0.071","7","8","2024","13","0","1","900"
"353171882b564cb4fe36870514de5061","6881","2024-07-08T13:00:00.000","SLAUGHTER LN / LINDSHIRE LN","SOUTHBOUND","LEFT TURN","false","4","9.0","1.633","33.825","37.747","7","8","2024","13","0","1","900"
"1c56ef0144ce9d36a8fbf5339fca9c14","6881","2024-07-08T13:00:00.000","SLAUGHTER LN / LINDSHIRE LN","WESTBOUND","LEFT TURN","false","1","9.0","0.0","7.7","0.0","7","8","2024","13","0","1","900"
"c7fb70a8b3dca343b9a24acd76d77ed6","6881","2024-07-08T13:00:00.000","SLAUGHTER LN / LINDSHIRE LN","WESTBOUND","RIGHT TURN","false","2","10.5","0.707","2.8","1.838","7","8","2024","13","0","1","900"
"cb71683d1de9110e5057b8b7b67e715b","6881","2024-07-08T13:00:00.000","SLAUGHTER LN / LINDSHIRE LN","WESTBOUND","THRU","false","173","28.595","6.236","2.103","3.54","7","8","2024","13","0","1","900"
"e177180cc9a6656718294b5ae800accb","6881","2024-07-08T13:00:00.000","SLAUGHTER LN / LINDSHIRE LN","WESTBOUND","THRU","true","7","30.429","10.358","1.757","0.978","7","8","2024","13","0","1","900"
"5c08f4551b0ae145a91d3d6c19406553","6808","2024-07-08T13:00:00.000","OLTORF ST / 4TH ST","EASTBOUND","LEFT TURN","false","3","4.333","1.155","1.1","1.323","7","8","2024","13","0","1","900"
"ab80f55a93c5d90c2d8117d3028a7384","6808","2024-07-08T13:00:00.000","OLTORF ST / 4TH ST","EASTBOUND","RIGHT TURN","false","7","9.0","9.274","6.014","6.475","7","8","2024","13","0","1","900"
"da678241a9a54a403623d93f6bf42a6e","6808","2024-07-08T13:00:00.000","OLTORF ST / 4TH ST","EASTBOUND","THRU","false","33","8.909","7.121","3.358","13.498","7","8","2024","13","0","1","900"
"2a867407b3e0b879cda9b33f1f319b4c","6808","2024-07-08T13:00:00.000","OLTORF ST / 4TH ST","NORTHBOUND","LEFT TURN","false","21","5.095","1.513","6.881","22.518","7","8","2024","13","0","1","900"
"8e05544f890c8f41cb3c46edd5bd7dea","6808","2024-07-08T13:00:00.000","OLTORF ST / 4TH ST","NORTHBOUND","RIGHT TURN","false","5","4.4","0.894","1.62","2.271","7","8","2024","13","0","1","900"
"0be2a67facac3831dcee3ba039dbc514","6808","2024-07-08T13:00:00.000","OLTORF ST / 4TH ST","NORTHBOUND","THRU","false","60","11.4","15.712","4.265","14.621","7","8","2024","13","0","1","900"
"dd3e1f05b8e3c5942c9cab73c23b668d","6808","2024-07-08T13:00:00.000","OLTORF ST / 4TH ST","SOUTHBOUND","LEFT TURN","false","24","7.125","2.401","13.862","32.166","7","8","2024","13","0","1","900"
"60f1293d98c280c9d75d426b163d6658","6808","2024-07-08T13:00:00.000","OLTORF ST / 4TH ST","SOUTHBOUND","RIGHT TURN","false","6","6.5","0.837","4.867","5.33","7","8","2024","13","0","1","900"
"3af0c344eea71bb85bef2491663aea11","6808","2024-07-08T13:00:00.000","OLTORF ST / 4TH ST","SOUTHBOUND","THRU","false","79","10.38","3.413","9.051","21.104","7","8","2024","13","0","1","900"
"4a05fd496e90a4737fd643912ac610cb","6808","2024-07-08T13:00:00.000","OLTORF ST / 4TH ST","SOUTHBOUND","U-TURN","false","1","8.0","0.0","0.5","0.0","7","8","2024","13","0","1","900"
"f60528718086fe64d2b51a92058d282c","6808","2024-07-08T13:00:00.000","OLTORF ST / 4TH ST","WESTBOUND","LEFT TURN","false","17","6.647","2.06","25.071","40.825","7","8","2024","13","0","1","900"
"696c33e4e6eca9b161d78fe6caa126f0","6808","2024-07-08T13:00:00.000","OLTORF ST / 4TH ST","WESTBOUND","RIGHT TURN","false","16","6.062","1.063","3.031","1.562","7","8","2024","13","0","1","900"
"81c807717cd02d2360ff1eb27a68a5e8","6808","2024-07-08T13:00:00.000","OLTORF ST / 4TH ST","WESTBOUND","THRU","false","64","9.219","2.825","14.783","28.55","7","8","2024","13","0","1","900"
"fef77b4e72ccbd38128bb683a04a98f0","6808","2024-07-08T13:00:00.000","OLTORF ST / 4TH ST","WESTBOUND","U-TURN","false","1","4.0","0.0","86.2","0.0","7","8","2024","13","0","1","900"
"242c123add73674ae8895ce6cef9925d","6653","2024-07-08T12:45:00.000","38TH ST / MEDICAL PKWY","EASTBOUND","LEFT TURN","false","28","11.429","4.041","19.089","36.166","7","8","2024","12","45","1","900"
"1ec7ee397910c4502a89887a30905b7d","6653","2024-07-08T12:45:00.000","38TH ST / MEDICAL PKWY","EASTBOUND","LEFT TURN","true","10","12.8","3.553","22.98","41.405","7","8","2024","12","45","1","900"
"853c229d78f92e7cdf6bd204ed41ffc1","6653","2024-07-08T12:45:00.000","38TH ST / MEDICAL PKWY","EASTBOUND","RIGHT TURN","false","18","8.722","2.866","6.017","19.544","7","8","2024","12","45","1","900"
"ec7a547fb9ae3c06ff1168e2c43cc9c5","6653","2024-07-08T12:45:00.000","38TH ST / MEDICAL PKWY","EASTBOUND","RIGHT TURN","true","1","8.0","0.0","0.1","0.0","7","8","2024","12","45","1","900"
"f9bb9cc84a0e1e8877c0da229868c3a1","6653","2024-07-08T12:45:00.000","38TH ST / MEDICAL PKWY","EASTBOUND","THRU","false","160","17.938","5.601","11.259","23.157","7","8","2024","12","45","1","900"
"0fffb518ec474824c283baeba80a2b46","6653","2024-07-08T12:45:00.000","38TH ST / MEDICAL PKWY","EASTBOUND","THRU","true","21","18.714","5.632","20.057","28.401","7","8","2024","12","45","1","900"
"8cb4473a8f5912ce9235e870e8b8c1f2","6653","2024-07-08T12:45:00.000","38TH ST / MEDICAL PKWY","NORTHBOUND","LEFT TURN","false","11","9.909","5.186","33.309","52.135","7","8","2024","12","45","1","900"
"2cb28f55ac2e2732742dc62e5ceef004","6653","2024-07-08T12:45:00.000","38TH ST / MEDICAL PKWY","NORTHBOUND","LEFT TURN","true","2","8.5","3.536","46.65","65.832","7","8","2024","12","45","1","900"
"3329e7d51630302bb9e14c3c3ceb5202","6653","2024-07-08T12:45:00.000","38TH ST / MEDICAL PKWY","NORTHBOUND","RIGHT TURN","false","19","5.0","4.028","24.905","34.673","7","8","2024","12","45","1","900"
"67679d213e2e0f9bcfdeb15b687133c6","6653","2024-07-08T12:45:00.000","38TH ST / MEDICAL PKWY","NORTHBOUND","RIGHT TURN","true","5","7.4","5.32","8.9","10.414","7","8","2024","12","45","1","900"
"abd5bd7423076fcf8a6b87c5803323b6","6653","2024-07-08T12:45:00.000","38TH ST / MEDICAL PKWY","NORTHBOUND","THRU","false","7","10.857","10.09","45.543","46.762","7","8","2024","12","45","1","900"
"5c81fd99612f2fa3ccdb99df9123c877","6653","2024-07-08T12:45:00.000","38TH ST / MEDICAL PKWY","SOUTHBOUND","LEFT TURN","false","10","11.1","3.035","21.13","26.586","7","8","2024","12","45","1","900"
"7fecff013f8fe100288ad9659bd1636e","6653","2024-07-08T12:45:00.000","38TH ST / MEDICAL PKWY","SOUTHBOUND","LEFT TURN","true","2","12.5","3.536","29.25","32.598","7","8","2024","12","45","1","900"
"2432d256d9f7afe78de73643ccc22dc6","6653","2024-07-08T12:45:00.000","38TH ST / MEDICAL PKWY","SOUTHBOUND","RIGHT TURN","false","6","6.0","2.966","25.567","28.245","7","8","2024","12","45","1","900"
"5d0d4a042132f892f9c667c5e5ec23e6","6653","2024-07-08T12:45:00.000","38TH ST / MEDICAL PKWY","SOUTHBOUND","RIGHT TURN","true","4","7.25","2.872","5.45","4.332","7","8","2024","12","45","1","900"
"4880e37965446ef365fca0a5e792c4d4","6653","2024-07-08T12:45:00.000","38TH ST / MEDICAL PKWY","SOUTHBOUND","THRU","false","5","17.2","10.521","15.46","25.719","7","8","2024","12","45","1","900"
"f086703ec22a0e9665ef73e6e4fc068d","6653","2024-07-08T12:45:00.000","38TH ST / MEDICAL PKWY","WESTBOUND","LEFT TURN","false","6","7.167","3.869","44.35","51.702","7","8","2024","12","45","1","900"
"e8dbfc6a804454aab361a907a3390bb2","6653","2024-07-08T12:45:00.000","38TH ST / MEDICAL PKWY","WESTBOUND","LEFT TURN","true","1","8.0","0.0","35.8","0.0","7","8","2024","12","45","1","900"
"b2384808670fb23fecc410bbfd340b8d","6653","2024-07-08T12:45:00.000","38TH ST / MEDICAL PKWY","WESTBOUND","RIGHT TURN","false","8","7.25","2.605","2.175","1.925","7","8","2024","12","45","1","900"
"23cfe4cd4bf287142b2c8dfe0cf4f2e8","6653","2024-07-08T12:45:00.000","38TH ST / MEDICAL PKWY","WESTBOUND","RIGHT TURN","true","8","10.75","3.615","16.787","26.042","7","8","2024","12","45","1","900"
"3499237399cc8b586bcecad7a31d0550","6653","2024-07-08T12:45:00.000","38TH ST / MEDICAL PKWY","WESTBOUND","THRU","false","134","20.306","6.963","5.445","16.106","7","8","2024","12","45","1","900"
"fed619b91257b41dd70cfba66ff317c8","6653","2024-07-08T12:45:00.000","38TH ST / MEDICAL PKWY","WESTBOUND","THRU","true","57","22.404","5.7","3.237","9.657","7","8","2024","12","45","1","900"
"699795dc165d5e0fcf132abca4d0e91c","6882","2024-07-08T12:45:00.000","AIRPORT BLVD / 51ST ST","EASTBOUND","LEFT TURN","false","7","12.857","5.46","28.5","49.262","7","8","2024","12","45","1","900"
"cb4271dc48627b287e08d5b74de6e617","6882","2024-07-08T12:45:00.000","AIRPORT BLVD / 51ST ST","EASTBOUND","RIGHT TURN","false","34","13.529","6.21","3.076","4.998","7","8","2024","12","45","1","900"
"2a17ad2f2b87dd09a1ea88af25fd4e05","6882","2024-07-08T12:45:00.000","AIRPORT BLVD / 51ST ST","EASTBOUND","RIGHT TURN","true","1","36.0","0.0","0.1","0.0","7","8","2024","12","45","1","900"
"7034efa43212f843cbc4fedc51c16931","6882","2024-07-08T12:45:00.000","AIRPORT BLVD / 51ST ST","EASTBOUND","THRU","false","83","14.446","5.192","6.189","19.617","7","8","2024","12","45","1","900"
"2aa96b1a2f4062ea871f1c820b35612d","6882","2024-07-08T12:45:00.000","AIRPORT BLVD / 51ST ST","EASTBOUND","THRU","true","8","16.625","5.655","1.638","1.309","7","8","2024","12","45","1","900"
"2f316e25f8bd3b8d853f40859202986b","6882","2024-07-08T12:45:00.000","AIRPORT BLVD / 51ST ST","NORTHBOUND","LEFT TURN","false","9","6.444","5.077","11.033","30.636","7","8","2024","12","45","1","900"
"a71654dbfc34eff2d54b16b7cdc65055","6882","2024-07-08T12:45:00.000","AIRPORT BLVD / 51ST ST","NORTHBOUND","LEFT TURN","true","2","8.5","6.364","1.5","2.121","7","8","2024","12","45","1","900"
"1ff17be6497f5cc78ea359a7b2726faa","6882","2024-07-08T12:45:00.000","AIRPORT BLVD / 51ST ST","NORTHBOUND","THRU","false","6","13.333","6.653","1.55","1.858","7","8","2024","12","45","1","900"
"5db18c268958615539dcbbaa7aa5ddd6","6882","2024-07-08T12:45:00.000","AIRPORT BLVD / 51ST ST","NORTHBOUND","THRU","true","2","9.0","1.414","2.05","2.758","7","8","2024","12","45","1","900"
"5c8279ad3b2b3f34135136bd40216c42","6882","2024-07-08T12:45:00.000","AIRPORT BLVD / 51ST ST","SOUTHBOUND","LEFT TURN","false","9","15.111","9.597","19.233","16.88","7","8","2024","12","45","1","900"
"aa879de694de0e84600ef0f9de7a63e3","6882","2024-07-08T12:45:00.000","AIRPORT BLVD / 51ST ST","SOUTHBOUND","RIGHT TURN","false","2","13.5","2.121","2.1","1.414","7","8","2024","12","45","1","900"
"182bc90def990fb37b15ac1e73ed76b5","6882","2024-07-08T12:45:00.000","AIRPORT BLVD / 51ST ST","SOUTHBOUND","RIGHT TURN","true","1","11.0","0.0","3.7","0.0","7","8","2024","12","45","1","900"
"6de389bc190c5a79e85131460b7b6a7c","6882","2024-07-08T12:45:00.000","AIRPORT BLVD / 51ST ST","SOUTHBOUND","THRU","false","100","28.08","10.809","9.553","17.363","7","8","2024","12","45","1","900"
"5b2ebb8654829bbaf0c20b2b31830756","6882","2024-07-08T12:45:00.000","AIRPORT BLVD / 51ST ST","SOUTHBOUND","THRU","true","12","30.25","10.217","4.008","6.838","7","8","2024","12","45","1","900"
"33b20f1c5f65d54dbe02c996f798233a","6882","2024-07-08T12:45:00.000","AIRPORT BLVD / 51ST ST","WESTBOUND","LEFT TURN","false","5","11.4","9.94","32.06","41.683","7","8","2024","12","45","1","900"
"8de156f8e74def3e01214ab9ca02fc54","6882","2024-07-08T12:45:00.000","AIRPORT BLVD / 51ST ST","WESTBOUND","RIGHT TURN","false","20","1.85","3.66","11.885","24.599","7","8","2024","12","45","1","900"
"16ae4062cf7c74dbd01fef53ddde431e","6882","2024-07-08T12:45:00.000","AIRPORT BLVD / 51ST ST","WESTBOUND","THRU","false","43","8.535","10.119","12.481","33.515","7","8","2024","12","45","1","900"
"f16dc2a39909111841f46c79715cab78","6882","2024-07-08T12:45:00.000","AIRPORT BLVD / 51ST ST","WESTBOUND","THRU","true","6","2.5","2.168","2.367","3.471","7","8","2024","12","45","1","900"
"c314c5558a635fb0c8b410ec19a9d761","7038","2024-07-08T12:45:00.000","ANDERSON LN / SHOAL CREEK BLVD","EASTBOUND","LEFT TURN","false","38","13.789","2.997","-0.026","0.162","7","8","2024","12","45","1","900"
"7723d4fc1472d10483c97811da330efb","7038","2024-07-08T12:45:00.000","ANDERSON LN / SHOAL CREEK BLVD","EASTBOUND","LEFT TURN","true","2","16.0","0.0","0.0","0.0","7","8","2024","12","45","1","900"
"9eb916b3275fb8c3deda5562dbdfb2d1","7038","2024-07-08T12:45:00.000","ANDERSON LN / SHOAL CREEK BLVD","EASTBOUND","RIGHT TURN","false","30","12.8","2.683","-0.033","0.183","7","8","2024","12","45","1","900"
"27a76a39be0e6b0089227208ae88e8a8","7038","2024-07-08T12:45:00.000","ANDERSON LN / SHOAL CREEK BLVD","EASTBOUND","RIGHT TURN","true","4","12.75","0.957","0.0","0.0","7","8","2024","12","45","1","900"
"af134c0172de43cf8c262910ff1eaed7","7038","2024-07-08T12:45:00.000","ANDERSON LN / SHOAL CREEK BLVD","EASTBOUND","THRU","false","226","22.031","6.847","-0.035","0.185","7","8","2024","12","45","1","900"
"c5fcff94973ae234ed9ccefe18030ab3","7038","2024-07-08T12:45:00.000","ANDERSON LN / SHOAL CREEK BLVD","EASTBOUND","THRU","true","2","25.5","2.121","0.0","0.0","7","8","2024","12","45","1","900"
"2926d2713306847d70bdf77c00dd53b7","7038","2024-07-08T12:45:00.000","ANDERSON LN / SHOAL CREEK BLVD","NORTHBOUND","LEFT TURN","false","62","11.694","4.622","-0.194","0.398","7","8","2024","12","45","1","900"
"4082ebe792a83bed6755430a7089ba06","7038","2024-07-08T12:45:00.000","ANDERSON LN / SHOAL CREEK BLVD","NORTHBOUND","LEFT TURN","true","6","12.0","3.286","-0.167","0.408","7","8","2024","12","45","1","900"
"a245134da4f92b998a65f9801138de26","7038","2024-07-08T12:45:00.000","ANDERSON LN / SHOAL CREEK BLVD","NORTHBOUND","RIGHT TURN","false","19","6.526","3.921","-0.053","0.229","7","8","2024","12","45","1","900"
"156c5fcb5bfee3b1ff1ee80cf170d87b","7038","2024-07-08T12:45:00.000","ANDERSON LN / SHOAL CREEK BLVD","NORTHBOUND","THRU","false","32","12.781","5.824","-0.188","0.397","7","8","2024","12","45","1","900"
"7158eb65bdb900fcd95bed7061758c03","7038","2024-07-08T12:45:00.000","ANDERSON LN / SHOAL CREEK BLVD","SOUTHBOUND","LEFT TURN","false","62","11.419","3.086","-0.081","0.275","7","8","2024","12","45","1","900"
"3ea1c46f79842d1f7328b3af43d05763","7038","2024-07-08T12:45:00.000","ANDERSON LN / SHOAL CREEK BLVD","SOUTHBOUND","RIGHT TURN","false","41","7.098","2.447","0.0","0.0","7","8","2024","12","45","1","900"
"bb5b92e37a4d4e9fef8864419a7c51da","7038","2024-07-08T12:45:00.000","ANDERSON LN / SHOAL CREEK BLVD","SOUTHBOUND","RIGHT TURN","true","2","4.0","5.657","0.0","0.0","7","8","2024","12","45","1","900"
"a0ca1dc67da28f2f3067c1cf661c8779","7038","2024-07-08T12:45:00.000","ANDERSON LN / SHOAL CREEK BLVD","SOUTHBOUND","THRU","false","22","11.682","3.822","0.0","0.0","7","8","2024","12","45","1","900"
"af9adfdc423c7638023c7de0a013d4b7","7038","2024-07-08T12:45:00.000","ANDERSON LN / SHOAL CREEK BLVD","SOUTHBOUND","THRU","true","1","15.0","0.0","-1.0","0.0","7","8","2024","12","45","1","900"
"e6d195915ae853d0b38a45b194dcc726","7038","2024-07-08T12:45:00.000","ANDERSON LN / SHOAL CREEK BLVD","WESTBOUND","LEFT TURN","false","10","11.2","11.043","-0.1","0.316","7","8","2024","12","45","1","900"
"bfeb90e756e441a79b5a3f0e7519386a","7038","2024-07-08T12:45:00.000","ANDERSON LN / SHOAL CREEK BLVD","WESTBOUND","LEFT TURN","true","1","15.0","0.0","0.0","0.0","7","8","2024","12","45","1","900"
"3e5a3b7e7982e17f38f3ee99c65d2a46","7038","2024-07-08T12:45:00.000","ANDERSON LN / SHOAL CREEK BLVD","WESTBOUND","THRU","false","203","17.054","5.05","-0.542","0.499","7","8","2024","12","45","1","900"
"06510bff52c872338ba674a0895ac9d2","7038","2024-07-08T12:45:00.000","ANDERSON LN / SHOAL CREEK BLVD","WESTBOUND","THRU","true","25","15.4","4.796","-0.32","0.476","7","8","2024","12","45","1","900"
"43609f2f68157f42f5b4c316cacf3750","7343","2024-07-08T12:45:00.000","RIVERSIDE DR / BURTON DR","EASTBOUND","LEFT TURN","false","25","12.36","5.634","35.972","41.648","7","8","2024","12","45","1","900"
"5c7b51256051087dea189cae8c983e85","7343","2024-07-08T12:45:00.000","RIVERSIDE DR / BURTON DR","EASTBOUND","THRU","false","133","29.729","11.301","5.329","15.523","7","8","2024","12","45","1","900"
"80057981f7af6e6ef0e8a80039fa676f","7343","2024-07-08T12:45:00.000","RIVERSIDE DR / BURTON DR","EASTBOUND","THRU","true","92","29.62","11.57","4.086","11.312","7","8","2024","12","45","1","900"
"0385cc0f64fa6f6c1ee4742ed41be1c6","7343","2024-07-08T12:45:00.000","RIVERSIDE DR / BURTON DR","NORTHBOUND","LEFT TURN","false","9","27.333","5.958","39.711","55.501","7","8","2024","12","45","1","900"
"165055af467531250b52f0c738c2a4dd","7343","2024-07-08T12:45:00.000","RIVERSIDE DR / BURTON DR","NORTHBOUND","LEFT TURN","true","1","0.0","0.0","2.4","0.0","7","8","2024","12","45","1","900"
"4df94cf71716485f2b8d4aa352a29ef0","7343","2024-07-08T12:45:00.000","RIVERSIDE DR / BURTON DR","NORTHBOUND","RIGHT TURN","false","1","16.0","0.0","0.0","0.0","7","8","2024","12","45","1","900"
"d98592e88260308443f684d66d19fee5","7343","2024-07-08T12:45:00.000","RIVERSIDE DR / BURTON DR","NORTHBOUND","RIGHT TURN","true","2","20.0","0.0","0.55","0.778","7","8","2024","12","45","1","900"
"3b53a06aa0ef659c922d7d06240292da","7343","2024-07-08T12:45:00.000","RIVERSIDE DR / BURTON DR","NORTHBOUND","THRU","false","13","24.0","12.839","8.108","21.951","7","8","2024","12","45","1","900"
"4be501c9758ba5b71466252fd0d200c0","7343","2024-07-08T12:45:00.000","RIVERSIDE DR / BURTON DR","NORTHBOUND","THRU","true","2","26.5","9.192","1.3","1.414","7","8","2024","12","45","1","900"
"626addc92b99136880a5244263b38137","7343","2024-07-08T12:45:00.000","RIVERSIDE DR / BURTON DR","SOUTHBOUND","LEFT TURN","false","6","18.833","3.601","20.55","44.243","7","8","2024","12","45","1","900"
"7b80b9aa0977ec534ad251704d530f23","7343","2024-07-08T12:45:00.000","RIVERSIDE DR / BURTON DR","SOUTHBOUND","LEFT TURN","true","4","16.75","3.862","55.725","52.889","7","8","2024","12","45","1","900"
"f651995848cbaeb52ee38c84403acecf","7343","2024-07-08T12:45:00.000","RIVERSIDE DR / BURTON DR","SOUTHBOUND","RIGHT TURN","false","11","9.273","1.618","12.018","18.974","7","8","2024","12","45","1","900"
"d36236618a64c2969e105ad2aca2a61a","7343","2024-07-08T12:45:00.000","RIVERSIDE DR / BURTON DR","SOUTHBOUND","RIGHT TURN","true","1","8.0","0.0","85.3","0.0","7","8","2024","12","45","1","900"
"58f3ad7be70b08c2055b9a144a8dd272","7343","2024-07-08T12:45:00.000","RIVERSIDE DR / BURTON DR","SOUTHBOUND","THRU","false","15","19.8","8.768","16.14","27.096","7","8","2024","12","45","1","900"
"1198c57a714b1f64a75f1ddb741308cf","7343","2024-07-08T12:45:00.000","RIVERSIDE DR / BURTON DR","SOUTHBOUND","THRU","true","6","20.333","7.394","18.85","27.461","7","8","2024","12","45","1","900"
"b6664c5501160493631f618b0f100cdb","7343","2024-07-08T12:45:00.000","RIVERSIDE DR / BURTON DR","WESTBOUND","LEFT TURN","false","10","11.8","2.044","22.82","36.435","7","8","2024","12","45","1","900"
"8b9c29b77a55b199153e5b6142864da6","7343","2024-07-08T12:45:00.000","RIVERSIDE DR / BURTON DR","WESTBOUND","RIGHT TURN","false","3","0.0","0.0","1.1","0.436","7","8","2024","12","45","1","900"
"80f404f4b85ced10d923f621f0ef21cf","7343","2024-07-08T12:45:00.000","RIVERSIDE DR / BURTON DR","WESTBOUND","THRU","false","207","29.787","14.994","2.329","9.029","7","8","2024","12","45","1","900"
"a1bfc3e4964920fda41d17f9a221de95","7343","2024-07-08T12:45:00.000","RIVERSIDE DR / BURTON DR","WESTBOUND","THRU","true","23","29.652","18.421","6.904","21.093","7","8","2024","12","45","1","900"
"d7cf257428bb72e32f39d8dfbbd15543","6382","2024-07-08T12:45:00.000","FM 620 RD / DEERBROOK TRL","EASTBOUND","RIGHT TURN","false","1","39.0","0.0","1.2","0.0","7","8","2024","12","45","1","900"
"8286a09ca74f72e2cd8c264be19c8250","6382","2024-07-08T12:45:00.000","FM 620 RD / DEERBROOK TRL","EASTBOUND","THRU","false","179","34.408","9.717","1.409","3.122","7","8","2024","12","45","1","900"
"8b55fdd1edcd5f896f48c6b491563db8","6382","2024-07-08T12:45:00.000","FM 620 RD / DEERBROOK TRL","EASTBOUND","THRU","true","8","35.25","8.362","0.638","0.46","7","8","2024","12","45","1","900"
"f982143bf05b4ddc5846ea09eb1f032b","6382","2024-07-08T12:45:00.000","FM 620 RD / DEERBROOK TRL","EASTBOUND","U-TURN","false","1","6.0","0.0","38.9","0.0","7","8","2024","12","45","1","900"
"15c85a43472f43c0ae7532d2f94fca1a","6382","2024-07-08T12:45:00.000","FM 620 RD / DEERBROOK TRL","NORTHBOUND","LEFT TURN","false","4","5.0","0.816","46.125","60.621","7","8","2024","12","45","1","900"
"7c90f2cfd88857709eecc7951cf21c93","6382","2024-07-08T12:45:00.000","FM 620 RD / DEERBROOK TRL","NORTHBOUND","RIGHT TURN","false","19","5.053","7.215","13.689","15.049","7","8","2024","12","45","1","900"
"a52874385251ee9479a46a5d82d9f0bc","6382","2024-07-08T12:45:00.000","FM 620 RD / DEERBROOK TRL","NORTHBOUND","THRU","false","1","54.0","0.0","2.0","0.0","7","8","2024","12","45","1","900"
"087d3fe6272758713e18949c736b2434","6382","2024-07-08T12:45:00.000","FM 620 RD / DEERBROOK TRL","WESTBOUND","LEFT TURN","false","12","11.0","4.369","0.625","0.68","7","8","2024","12","45","1","900"
"1b4e957260df96b732a4d533a6f37d5d","6382","2024-07-08T12:45:00.000","FM 620 RD / DEERBROOK TRL","WESTBOUND","THRU","false","234","35.483","6.841","1.124","2.652","7","8","2024","12","45","1","900"
"c22992929f22393eb537480789a6d0cc","6382","2024-07-08T12:45:00.000","FM 620 RD / DEERBROOK TRL","WESTBOUND","THRU","true","11","31.909","7.341","0.982","0.544","7","8","2024","12","45","1","900"
"88257350dca5fa77d09b720d952695da","6881","2024-07-08T12:45:00.000","SLAUGHTER LN / LINDSHIRE LN","EASTBOUND","RIGHT TURN","false","7","9.0","2.708","5.457","5.508","7","8","2024","12","45","1","900"
"bc15509ae6365b6b68ead049824c8d60","6881","2024-07-08T12:45:00.000","SLAUGHTER LN / LINDSHIRE LN","EASTBOUND","THRU","false","198","31.121","8.501","4.036","10.734","7","8","2024","12","45","1","900"
"858251c82bdb05b4996fbc6bef90584b","6881","2024-07-08T12:45:00.000","SLAUGHTER LN / LINDSHIRE LN","EASTBOUND","THRU","true","5","27.8","13.349","5.7","8.612","7","8","2024","12","45","1","900"
"7fcf280ee108e2034399595df3f904ed","6881","2024-07-08T12:45:00.000","SLAUGHTER LN / LINDSHIRE LN","NORTHBOUND","LEFT TURN","false","28","9.0","6.771","16.296","27.842","7","8","2024","12","45","1","900"
"80c33154328f71686c71080ea1d47987","6881","2024-07-08T12:45:00.000","SLAUGHTER LN / LINDSHIRE LN","NORTHBOUND","LEFT TURN","true","3","0.0","0.0","57.067","48.339","7","8","2024","12","45","1","900"
"3245998d4e49975cf6246ffa3986a124","6881","2024-07-08T12:45:00.000","SLAUGHTER LN / LINDSHIRE LN","NORTHBOUND","RIGHT TURN","false","2","7.5","9.192","6.15","8.415","7","8","2024","12","45","1","900"
"315c4b64cda57201904a26d24e1b03b7","6881","2024-07-08T12:45:00.000","SLAUGHTER LN / LINDSHIRE LN","SOUTHBOUND","LEFT TURN","false","1","9.0","0.0","71.2","0.0","7","8","2024","12","45","1","900"
"34566c604b911224f0e4e9a68fa5ce59","6881","2024-07-08T12:45:00.000","SLAUGHTER LN / LINDSHIRE LN","SOUTHBOUND","RIGHT TURN","false","1","8.0","0.0","0.1","0.0","7","8","2024","12","45","1","900"
"6c20d690b1925163473f3322c7509422","6881","2024-07-08T12:45:00.000","SLAUGHTER LN / LINDSHIRE LN","SOUTHBOUND","THRU","false","1","10.0","0.0","4.8","0.0","7","8","2024","12","45","1","900"
"4ee553b15a3ad64904135eda266f0d45","6881","2024-07-08T12:45:00.000","SLAUGHTER LN / LINDSHIRE LN","WESTBOUND","LEFT TURN","false","3","31.0","38.158","29.467","46.844","7","8","2024","12","45","1","900"
"3b594ecda7dcb865692a6b1d1cf40483","6881","2024-07-08T12:45:00.000","SLAUGHTER LN / LINDSHIRE LN","WESTBOUND","RIGHT TURN","false","5","9.2","0.837","2.5","1.57","7","8","2024","12","45","1","900"
"e1c33024c96e9d0d6fb34582e18d3a24","6881","2024-07-08T12:45:00.000","SLAUGHTER LN / LINDSHIRE LN","WESTBOUND","THRU","false","218","27.298","7.77","2.254","4.674","7","8","2024","12","45","1","900"
"36cca68fa45a57801c198529b800859d","6881","2024-07-08T12:45:00.000","SLAUGHTER LN / LINDSHIRE LN","WESTBOUND","THRU","true","5","30.4","5.32","1.78","0.311","7","8","2024","12","45","1","900"
"a46106cc9952609d567320620eb4894b","6808","2024-07-08T12:45:00.000","OLTORF ST / 4TH ST","EASTBOUND","LEFT TURN","false","6","20.833","36.842","14.967","34.612","7","8","2024","12","45","1","900"
"58b9b1a9e4250c540db0d011378c9d36","6808","2024-07-08T12:45:00.000","OLTORF ST / 4TH ST","EASTBOUND","RIGHT TURN","false","13","5.462","1.613","1.523","1.142","7","8","2024","12","45","1","900"
"c64a5de0811eef9fd7ae6fed985ddf78","6808","2024-07-08T12:45:00.000","OLTORF ST / 4TH ST","EASTBOUND","RIGHT TURN","true","2","5.0","0.0","1.2","0.424","7","8","2024","12","45","1","900"
"a6a7614a68040622feee139e248530f2","6808","2024-07-08T12:45:00.000","OLTORF ST / 4TH ST","EASTBOUND","THRU","false","43","10.512","11.053","8.388","25.543","7","8","2024","12","45","1","900"
"b8577ff04d4981390d21deb34ac782f6","6808","2024-07-08T12:45:00.000","OLTORF ST / 4TH ST","EASTBOUND","THRU","true","2","5.5","2.121","0.7","0.849","7","8","2024","12","45","1","900"
"bf15d19594627b4f94fa059e0971c2c3","6808","2024-07-08T12:45:00.000","OLTORF ST / 4TH ST","NORTHBOUND","LEFT TURN","false","12","5.167","1.642","32.083","47.071","7","8","2024","12","45","1","900"
"8c97e8952daf3704a78138501eb28d2a","6808","2024-07-08T12:45:00.000","OLTORF ST / 4TH ST","NORTHBOUND","RIGHT TURN","false","15","6.133","4.838","1.893","1.668","7","8","2024","12","45","1","900"
"6f081cb63493254de348ae403509ec45","6808","2024-07-08T12:45:00.000","OLTORF ST / 4TH ST","NORTHBOUND","THRU","false","53","8.547","5.706","6.511","20.029","7","8","2024","12","45","1","900"
"a6ff73e50dd44820b99000c33eba4d75","6808","2024-07-08T12:45:00.000","OLTORF ST / 4TH ST","SOUTHBOUND","LEFT TURN","false","25","6.8","2.255","14.8","31.845","7","8","2024","12","45","1","900"
"beb15a742b39a92ed02b374a23ac461f","6808","2024-07-08T12:45:00.000","OLTORF ST / 4TH ST","SOUTHBOUND","RIGHT TURN","false","7","6.429","1.272","10.929","20.16","7","8","2024","12","45","1","900"
"f43bcd2554639435a07c66e19ed1dd78","6808","2024-07-08T12:45:00.000","OLTORF ST / 4TH ST","SOUTHBOUND","THRU","false","70","12.414","8.467","3.577","10.74","7","8","2024","12","45","1","900"
"00084eebe5fc76b1c7580ef6e403da84","6808","2024-07-08T12:45:00.000","OLTORF ST / 4TH ST","SOUTHBOUND","THRU","true","2","5.0","1.414","48.75","4.738","7","8","2024","12","45","1","900"
"12c46eb4377eead638ddc0ef7bb47402","6808","2024-07-08T12:45:00.000","OLTORF ST / 4TH ST","WESTBOUND","LEFT TURN","false","17","7.059","2.076","12.771","33.805","7","8","2024","12","45","1","900"
"87d98a52bab55473b76c4b49d4786778","6808","2024-07-08T12:45:00.000","OLTORF ST / 4TH ST","WESTBOUND","RIGHT TURN","false","21","5.429","1.287","3.695","1.634","7","8","2024","12","45","1","900"
"e88e2d46c97bf5fcdf5bde08d2d29869","6808","2024-07-08T12:45:00.000","OLTORF ST / 4TH ST","WESTBOUND","THRU","false","69","9.217","3.038","18.91","32.176","7","8","2024","12","45","1","900"
"52035f88e3f62ca8178608048535975c","6808","2024-07-08T12:45:00.000","OLTORF ST / 4TH ST","WESTBOUND","THRU","true","1","8.0","0.0","1.1","0.0","7","8","2024","12","45","1","900"
"7c72e9468e1f2645523bc92c8e4342a0","6808","2024-07-08T12:45:00.000","OLTORF ST / 4TH ST","WESTBOUND","U-TURN","false","1","7.0","0.0","0.1","0.0","7","8","2024","12","45","1","900"
"d5ed92c52766058e63cd19a266680290","6653","2024-07-08T12:30:00.000","38TH ST / MEDICAL PKWY","EASTBOUND","LEFT TURN","false","22","11.636","3.812","10.405","24.631","7","8","2024","12","30","1","900"
"4e8544679c9b08df47923bb7ad33fa3d","6653","2024-07-08T12:30:00.000","38TH ST / MEDICAL PKWY","EASTBOUND","LEFT TURN","true","13","12.308","4.571","10.546","24.149","7","8","2024","12","30","1","900"
"969db8f78b55fa7f933c80ac80d94b7d","6653","2024-07-08T12:30:00.000","38TH ST / MEDICAL PKWY","EASTBOUND","RIGHT TURN","false","11","11.364","6.054","1.427","1.331","7","8","2024","12","30","1","900"
"f6971822fe98e505231a8340b32e321d","6653","2024-07-08T12:30:00.000","38TH ST / MEDICAL PKWY","EASTBOUND","RIGHT TURN","true","1","12.0","0.0","0.1","0.0","7","8","2024","12","30","1","900"
"19e0d0d57b0d548c6bcfa1a1bd0c9918","6653","2024-07-08T12:30:00.000","38TH ST / MEDICAL PKWY","EASTBOUND","THRU","false","152","19.836","5.995","10.891","20.516","7","8","2024","12","30","1","900"
"d9791658a41aaa6a4b5bbae9fd0218ee","6653","2024-07-08T12:30:00.000","38TH ST / MEDICAL PKWY","EASTBOUND","THRU","true","17","23.529","8.353","13.824","23.379","7","8","2024","12","30","1","900"
"d98b5bf8debc779f34d36f343e78f066","6653","2024-07-08T12:30:00.000","38TH ST / MEDICAL PKWY","NORTHBOUND","LEFT TURN","false","13","11.615","5.824","35.969","40.358","7","8","2024","12","30","1","900"
"6b82e04179a4c811ec1163ac1cc315cc","6653","2024-07-08T12:30:00.000","38TH ST / MEDICAL PKWY","NORTHBOUND","LEFT TURN","true","3","11.333","1.155","32.333","56.003","7","8","2024","12","30","1","900"
"fd355d48265cd6e187a4048a0e8d2801","6653","2024-07-08T12:30:00.000","38TH ST / MEDICAL PKWY","NORTHBOUND","RIGHT TURN","false","20","5.55","5.689","42.085","41.288","7","8","2024","12","30","1","900"
"b3f861667786eb1fdceca25a78728f85","6653","2024-07-08T12:30:00.000","38TH ST / MEDICAL PKWY","NORTHBOUND","RIGHT TURN","true","1","8.0","0.0","6.6","0.0","7","8","2024","12","30","1","900"
"d34ba480344a0134590cc0d126dfa057","6653","2024-07-08T12:30:00.000","38TH ST / MEDICAL PKWY","NORTHBOUND","THRU","false","8","8.75","7.005","29.863","31.644","7","8","2024","12","30","1","900"
"646061408460ad5b19796a2417f749d8","6653","2024-07-08T12:30:00.000","38TH ST / MEDICAL PKWY","NORTHBOUND","THRU","true","1","14.0","0.0","43.4","0.0","7","8","2024","12","30","1","900"
"2483de6d29002cd26027cfbb2adc2e43","6653","2024-07-08T12:30:00.000","38TH ST / MEDICAL PKWY","SOUTHBOUND","LEFT TURN","false","15","12.733","3.305","33.793","40.073","7","8","2024","12","30","1","900"
"f35f472acfe5fe69a32458cfdf1cee55","6653","2024-07-08T12:30:00.000","38TH ST / MEDICAL PKWY","SOUTHBOUND","LEFT TURN","true","2","12.5","0.707","53.4","66.185","7","8","2024","12","30","1","900"
"41588db23c824f7ff8797b5d0597796a","6653","2024-07-08T12:30:00.000","38TH ST / MEDICAL PKWY","SOUTHBOUND","RIGHT TURN","false","3","13.667","4.726","23.9","19.3","7","8","2024","12","30","1","900"
"c19af50f2c4222b82c3606585fe09917","6653","2024-07-08T12:30:00.000","38TH ST / MEDICAL PKWY","SOUTHBOUND","RIGHT TURN","true","3","11.667","2.887","3.933","5.615","7","8","2024","12","30","1","900"
"c16cded0c0238058345b77b793ae9351","6653","2024-07-08T12:30:00.000","38TH ST / MEDICAL PKWY","SOUTHBOUND","THRU","false","8","12.25","4.921","28.012","31.21","7","8","2024","12","30","1","900"
"27c2b2f7dbf8c899b29b2435b91718c6","6653","2024-07-08T12:30:00.000","38TH ST / MEDICAL PKWY","SOUTHBOUND","THRU","true","3","17.333","8.505","29.4","25.397","7","8","2024","12","30","1","900"
"11c88df5191d85e4e349f875c7ef6010","6653","2024-07-08T12:30:00.000","38TH ST / MEDICAL PKWY","WESTBOUND","LEFT TURN","false","6","12.5","9.772","12.117","22.655","7","8","2024","12","30","1","900"
"e574f0dabb09a670aea083c9cd2d1cd3","6653","2024-07-08T12:30:00.000","38TH ST / MEDICAL PKWY","WESTBOUND","RIGHT TURN","false","5","5.8","3.421","3.38","2.118","7","8","2024","12","30","1","900"
"1c13f6dd93e9071019241b59ab13c071","6653","2024-07-08T12:30:00.000","38TH ST / MEDICAL PKWY","WESTBOUND","RIGHT TURN","true","6","12.167","3.125","1.667","1.769","7","8","2024","12","30","1","900"
